ID,MaxQualityRoll,StateMultiplier,QualityEnum
7,40,0.5,0
8,60,0.55000001192,1
9,80,0.60000002384,2
10,96,0.64999997616,3
11,99,0.69999998808,4
12,100,0.75,5
