ID,PlayerKillingAllowed,Roleplaying,PlayerAttackSpeedBase,MaxDamageReductionPctPhysical
1,0,0,2000,0.85000002384
2,1,0,2000,0.85000002384
7,0,1,2000,0.85000002384
9,1,1,2000,0.85000002384
3,0,0,2000,0.85000002384
5,0,0,2000,0.85000002384
10,0,0,2000,0.85000002384
12,0,0,2000,0.85000002384
14,0,0,2000,0.85000002384
4,1,0,2000,0.85000002384
6,1,0,2000,0.85000002384
11,1,0,2000,0.85000002384
13,1,0,2000,0.85000002384
8,0,1,2000,0.85000002384
