ID,Data
1,1
2,0.60000002384
4,0.80000001192
7,1.20000004768
8,1.25
9,1.44000005722
10,2.5
11,1.73000001907
12,3
13,0
3,1
5,1
6,1
14,0
15,0
16,0
17,0
18,0
