ID,Duration,FadeIn,FadeOut,FresnelCoefficient,GlowRed,GlowGreen,GlowBlue,GlowAlpha,GlowMultiplier,Flags,InitialDelay,CurveID,Priority,Field_12_1_0_68569_013
13,0,0,0,0,1,1,1,1,1,0,0,0,0,-1
14,0,0,0,0,1,1,1,1,1,0,0,106,0,-1
60,2,1,0.30000001192,1,0.39215689898,0.04705882818,0.10196079314,1,1,1,0,0,0,-1
85,0,0.10000000149,0.30000001192,1,1,0.34509804845,0,1,1,0,0,0,0,-1
88,0,0.30000001192,0.30000001192,0.89999997616,0.09803922474,0.42352944613,0.75686281919,0.5,1,0,0,0,0,-1
106,0,0.30000001192,0.30000001192,1,0.59215688705,0.28627452254,0.87058830261,0.30000001192,1,0,0,0,0,-1
114,10,1,1,1,0.80392163992,0.45490199327,0,0.5,1,0,0,0,0,-1
116,1,0,0.25,0.85000002384,0.64313727617,0.46274513006,0,0.250980407,0.5,0,0,106,0,-1
119,8,2,2,1,0,0.40784317255,1,0.5,1.5,0,0,0,0,-1
121,0,0.30000001192,0.30000001192,0.89999997616,0.68235296011,0.1882353127,0.11372549832,0.5,1,0,0,0,0,-1
123,0,0.5,0.5,0.89999997616,0.21960785985,0.13725490868,0.76862752438,0.5,1,0,0,0,0,-1
124,0,1,1,1,0.99607849121,1,0.58823531866,0.20000000298,1,0,0,0,0,-1
125,0,1,3,1,0.98823535442,1,0.71372550726,0.20000000298,1,0,0,0,0,-1
126,0,3,0,1,0.98039221764,1,0.66666668653,0.10000000149,0.75,0,0,0,0,-1
129,0.1099999994,0.05000000075,0.43000000715,1.79999995232,0.61176472902,0.24705883861,1,1,4.5,0,0,0,0,-1
131,0.00999999978,0,0.75,1.79999995232,0.61176472902,0.24705883861,1,1,3,0,0,0,0,-1
132,0.00999999978,0,2,1.79999995232,0.61176472902,0.24705883861,1,1,1.5,0,0,0,0,-1
137,0,0.5,0.5,0.89999997616,0.95294123888,0.33333334327,0.06274510175,0.5,0.40000000596,0,0,0,0,-1
138,0,0.5,0.5,0.89999997616,0.78431379795,0.88627457619,0.88627457619,0.5,0.60000002384,0,0,0,0,-1
139,1,0.30000001192,3,0.89999997616,0.65882354975,0.16078431904,0.13725490868,0.5,0.75,0,0,0,0,-1
140,1,0.30000001192,3,0.89999997616,0.13725490868,0.31764706969,0.65882354975,0.5,0.89999997616,0,0,0,0,-1
141,1,0.30000001192,3,0.89999997616,0.12941177189,0.52156865597,0.14509804547,0.5,0.75,0,0,0,0,-1
142,0.5,0.15000000596,3,0.89999997616,0.66666668653,0.57647061348,0.74117648602,0.5,1,0,0,0,0,-1
143,1,0.5,1,0.89999997616,1,0,0,0.89999997616,1,0,0,0,0,-1
144,0,1,3,1,0.83137261868,0.09803922474,0.93725496531,0.20000000298,1,0,0,0,0,-1
147,0,1,3,1,0.73333334923,0.09803922474,0.9411765337,0.20000000298,1,0,0,0,0,-1
148,0,1,3,1,1,0,0.89411771297,0.20000000298,1,0,0,0,0,-1
150,0,1,0.30000001192,1.10000002384,0.65490198135,0.91372555494,0.26274511218,1,0.80000001192,0,0,0,0,-1
151,0,1,3,1,0.9411765337,0.96078437567,0.59607845545,0.20000000298,1,0,0,0,0,-1
153,0.40000000596,0.10000000149,0.30000001192,1,0.92156869173,0.36470589042,0.20392158628,1,1.5,0,0,106,0,-1
154,0,0.15000000596,0.30000001192,1.20000004768,0.92941182852,0.38823533058,0.13725490868,1,0.80000001192,0,0,0,0,-1
156,0,1,3,1,0.21176472306,1,0.21176472306,0.20000000298,1,0,0,0,0,-1
157,0,1,3,1,0.91372555494,0.14901961386,0.94901967049,0.20000000298,1,0,0,0,0,-1
158,0,1,0,1,0.77647066116,0.94509810209,1,0.20000000298,1,0,0,0,0,-1
159,0,1,0,1,0.91372555494,0,1,0.20000000298,1,0,0,0,0,-1
160,0,1,0,1,0.86274516582,0.54117649794,0.91764712334,0.05000000075,1.5,0,0,0,0,-1
161,0,1,1,2,0.25490197539,0.6901960969,0.25490197539,1,1,0,0,0,0,-1
162,0,10,0,2,0,0.45490199327,1,1,1,0,0,0,0,-1
163,0,1,0.30000001192,1.10000002384,0.17647059262,0.80392163992,0.15294118226,1,0.80000001192,0,0,0,0,-1
164,0,10,3,2,0,0.45490199327,1,1,1,0,0,0,0,-1
165,0,3,0,1,0.04313725606,0.93333339691,0.00784313772,0.20000000298,1,0,0,0,0,-1
166,0,0.10000000149,0.5,1.29999995232,0.10196079314,0.96470594406,0.15294118226,0.5,0.75,0,0,0,0,-1
167,0,3,2,2,0.30588236451,0.83137261868,0.27450981736,1,1,0,0,0,0,-1
168,0,1,0,1,0.84313732386,0.49019610882,1,0.05000000075,1.5,0,0,0,0,-1
171,0,10,0.5,2,0.67450982332,0.39215689898,0.83529418707,1,1,0,0,0,0,-1
174,0,0.20000000298,0.40000000596,0.89999997616,0.23137256503,0.03137255087,0.5647059083,0.99607849121,1.5,0,0,106,0,-1
175,0,1,0.30000001192,1.10000002384,0.35294118524,0.90980398655,0.19215688109,1,0.80000001192,0,0,0,0,-1
176,0,0.10000000149,0.30000001192,1,0.99215692282,0.14117647707,0,1,1,0,0,0,0,-1
183,0,0,0,1,0.52156865597,0.79607850313,1,0.5,0.25,0,0,0,0,-1
184,0,0,0,1,0.18039216101,0.70196080208,0.36862745881,0.5,0.25,0,0,0,0,-1
185,5,1,5,0.5,0.60392159224,0.36862745881,0.61960786581,0.10000000149,1,0,0,0,0,-1
188,0,0,1,2,0.66666668653,0.36078432202,0.78039222956,1,2,0,0,0,0,-1
189,0,0.5,0.5,0.5,0.14117647707,0.90980398655,0.1254902035,1,1,0,0,0,0,-1
190,0,0.5,0.5,0.5,0.6235294342,0.24705883861,0.7529412508,1,1,0,0,0,0,-1
192,0.10000000149,0.10000000149,0.30000001192,1,0.18039216101,0.89019614458,0.14509804547,1,1,1,0,0,0,-1
199,0.10000000149,0.10000000149,0.30000001192,8,0.501960814,0.501960814,0.501960814,1,1.75,1,0,106,0,-1
200,0.10000000149,0.10000000149,0.20000000298,8,0.53725492954,0.31764706969,0.68235296011,1,2,1,0,106,0,-1
201,0.10000000149,0.10000000149,0.30000001192,8,0.32156863809,0.6235294342,0.32156863809,1,0.80000001192,1,0,106,0,-1
202,0.10000000149,0.10000000149,0.30000001192,8,0.66274511814,0.33725491166,0.33725491166,1,2,1,0,106,0,-1
203,0.10000000149,0.10000000149,0.30000001192,8,0.30196079612,0.29803922772,0.70196080208,1,2.5,1,0,106,0,-1
204,0.10000000149,0.10000000149,0.30000001192,8,0.67843139172,0.68235296011,0.31764706969,1,0.80000001192,1,0,106,0,-1
205,0.10000000149,0.10000000149,0.30000001192,8,0.71372550726,0.52549022436,0.32156863809,1,1.75,1,0,106,0,-1
206,0.10000000149,0.10000000149,0.20000000298,8,0,0,0,1,1,1,0,106,0,-1
208,0,0.5,1,2,0.82745105028,0.22352942824,0.84313732386,1,1,0,0,0,0,-1
210,0,0.5,1,2,0.39215689898,0.72941178083,0.47058826685,1,1,0,0,0,0,-1
213,0,0.5,0.5,1,0.66666668653,0.3764706254,0.83137261868,0.05000000075,1.5,0,0,0,0,-1
214,0.5,0.10000000149,1,0.5,0.52941179276,0.79215693474,0.96470594406,0,0.30000001192,2,0,106,0,-1
219,0,0,0,0.80000001192,0.79215693474,0.1882353127,0.1882353127,1,1,0,0,0,0,-1
220,6,3,1,1.75,0.31764706969,0.67843139172,0.40784317255,1,2,0,0,0,0,-1
221,0.10000000149,0.10000000149,0.30000001192,1,0.39215689898,0.93333339691,0.59607845545,1,1.5,0,0,0,0,-1
222,0,0.25,0.30000001192,0.60000002384,1,0.34509804845,0.34509804845,0,1,0,0,0,0,-1
223,0,0.25,0.30000001192,0.60000002384,0.501960814,1,0.45882356167,0,1,0,0,0,0,-1
224,0,0.25,0.30000001192,0.60000002384,0.22745099664,0.27450981736,1,0,1,0,0,0,0,-1
225,0,0.25,0.30000001192,0.60000002384,0.99607849121,0.89019614458,0.27843138576,0,1,0,0,0,0,-1
226,0,0.25,0.30000001192,0.60000002384,0.6235294342,0.20784315467,1,0,1,0,0,0,0,-1
227,0,0.25,0.30000001192,0.60000002384,0.20784315467,0.89019614458,1,0,1,0,0,0,0,-1
228,0,0.25,0.30000001192,0.60000002384,1,1,1,0,0.5,0,0,0,0,-1
229,0,0.25,0.30000001192,0.34999999404,0,0,0,1,0,0,0,0,0,-1
233,0,3,0,1,0.21176472306,0.84705889225,0.21176472306,0.20000000298,1,0,0,0,0,-1
234,0,0.10000000149,0.30000001192,1,1,0.05882353336,0,1,1,0,0,0,0,-1
235,0,0,0,1,0.02745098248,0.98823535442,0.31764706969,0.00999999978,0.20000000298,0,0,0,0,-1
236,0,1,2,1.5,0.93725496531,0.30588236451,0.93725496531,0.40000000596,0.75,0,0,0,0,-1
239,0,1,0,1,0.32549020648,0.94509810209,0.42745101452,0.05000000075,1.5,0,0,0,0,-1
252,0,0,0,5,0.6901960969,0,0,5,1,0,0,0,0,-1
255,0,0.5,0.5,1,0.63137257099,1,0.94509810209,1,1,0,0,0,0,-1
256,0,0.5,0.5,0.5,0.29411765933,0.21176472306,0.53333336115,1,0.69999998808,0,0,0,0,-1
258,0,0,0,1,0,0.73725491762,0.57647061348,1,1,0,0,0,0,-1
259,0,0,0,1,0.80392163992,0,0.85098046064,1,1,0,0,0,0,-1
260,0,0,0,1,1,0.33725491166,0,1,1,0,0,0,0,-1
263,0,1,0.5,2,0.6235294342,0.29803922772,0.85882359743,1,1,0,0,0,0,-1
266,1,0.20000000298,0.80000001192,0.80000001192,0.41176474094,0.70196080208,0.60784316063,0.40000003576,0.40000000596,0,0,106,0,-1
267,0,0.10000000149,0.30000001192,0.60000002384,0.81176477671,0.81176477671,0.81176477671,1,1.29999995232,0,0,106,0,-1
269,0,1,1,0.5,1,0,0,1,1,0,0,0,0,-1
271,0,0,0,1,0.02745098248,0.98823535442,0.31764706969,0.00999999978,0.30000001192,0,0,0,0,-1
272,1,0.5,0.5,0.69999998808,0.90588241816,0.14509804547,0.14509804547,1,1,0,2,106,0,-1
277,0.64999997616,0.20000000298,0.30000001192,1,0.35686275363,0.14901961386,0.64705884457,1,1.5,0,0,0,0,-1
282,0,0,0,1,0.87058830261,0,1,1,3,0,0,0,0,-1
283,0,0.5,0.5,1.5,0.40392160416,0.83529418707,1,1,1.5,0,0,106,0,-1
284,0,0,0,0.75,0.67058825493,0,0.8784314394,1,1,0,0,0,0,-1
285,0,0,0,1,0,0.3764706254,1,1,3,0,0,0,0,-1
288,0,1,0.30000001192,1.10000002384,0.88627457619,0.31764706969,0.28235295415,1,1.20000004768,0,0,0,0,-1
290,0,0,0,0.75,0,0.6274510026,0.17647059262,1,1,0,0,0,0,-1
291,0,0.30000001192,0.30000001192,0.89999997616,0.50980395079,0,0.67843139172,0.5,1,0,0,0,0,-1
292,0,1,0,1.5,0.54509806633,0.74509805441,0.73725491762,1,1,0,0,0,0,-1
293,2,1,1,0.85000002384,0.97254908085,0.70588237047,0.23921570182,1,2,0,0,0,0,-1
295,2,1,1,0.85000002384,0.40784317255,0.98039221764,0.30588236451,1,2,0,0,0,0,-1
296,8,5.5,0.5,40,0.52941179276,0.94509810209,0,1,3,1,1,0,0,-1
297,2,1,1,0.69999998808,1,1,0.73725491762,1,1,0,0,0,0,-1
298,2,1,1,1,0.52549022436,1,0,1,1,0,0,0,0,-1
300,0,1,1,1,0.13333334029,0.88235300779,0.26666668057,1,1,0,0,0,0,-1
301,0,0,0,1,0.70980393887,0,1,1,1,0,0,0,0,-1
303,4,3.5,0.25,0.89999997616,1,0.501960814,0,0.5,2,0,0,0,0,-1
304,4,3.5,0.25,0.89999997616,1,0.501960814,0,0.501960814,2,0,0,106,0,-1
308,1,1,1,2,0.41960787773,0.79215693474,0,1,1,0,0,0,0,-1
309,3,1,1,0.5,0.30588236451,0.44705885649,0,1,1,0,0,0,0,-1
310,3,1,1,0.5,0.98039221764,1,0.59215688705,1,1,0,0,0,0,-1
312,2,1,1,1,0,1,0.03137255087,1,1,0,0,0,0,-1
313,0,1,1,0.5,0.30588236451,0.44705885649,0,1,1,0,0,0,0,-1
314,0,1,1,0.5,0.98039221764,1,0.59215688705,1,1,0,0,0,0,-1
315,0,0,0,1,0.32941177487,0.65098041296,0.81960791349,1,0.5,0,0,0,0,-1
316,5,1,1,1,0.14117647707,1,0,1,1,0,0,0,0,-1
317,5,5,1,0.75,0.14117647707,0,0.6235294342,0.44999998808,0.64999997616,0,0,0,0,-1
318,0.47999998927,0,0.47999998927,0.75,0.16470588744,0,0.60000002384,0.44999998808,0.64999997616,0,8.85000038147,0,0,-1
319,0.34999999404,0,0.34999999404,1.5,0.33725491166,1,0.41960787773,1,0.5,0,0,0,0,-1
322,0,0,0,1,1,0.43137258291,0.97647064924,0.01999999955,0.30000001192,0,0,0,0,-1
325,0,1,0,0,1,0,0,1,1,0,0,106,0,-1
332,0,0.10000000149,0.30000001192,1,1,0.28235295415,0.16862745583,1,1,0,0,0,0,-1
333,0,0.5,0.5,1.5,1,0,0,1,0.5,0,0,0,0,-1
334,0,0,0,0.75,1,0.33725491166,0,1,1,0,0,0,0,-1
335,3,1,1,2,0.41960787773,0.79215693474,0,1,1,0,0,0,0,-1
336,3,1,1,2,1,1,0.73725491762,1,1,0,0,0,0,-1
337,1,1,1,2,1,1,0.73725491762,1,1,0,0,0,0,-1
341,0,0,0,0.94999998808,0.23137256503,0.93725496531,0.96862751245,0,0.5,0,0,0,0,-1
342,0,0,0,0.94999998808,0.52549022436,0.10196079314,0.93725496531,0,0.5,0,0,0,0,-1
343,0,0,0,0.89999997616,0.32156863809,0.70196080208,0.9411765337,0,0.5,0,0,0,0,-1
344,0,0,0,0.89999997616,0.23137256503,0.93725496531,0.96862751245,0,0.5,0,0,0,0,-1
345,3,0,0,0,0.63529413939,0.68235296011,0.89803928137,1,1,0,0,0,0,-1
346,6,4,0,0.69999998808,0,0.76862752438,1,1,1,2,4,106,0,-1
349,0,10,1,2,0.58431375027,0,0.72156864405,1,1,0,0,0,0,-1
352,0.5,0.10000000149,1,0.5,0.52941179276,0.79215693474,0.96470594406,0,0.30000001192,2,0,0,0,-1
354,0,0,0,1,0.65490198135,0,1,1,1,0,0,0,0,-1
355,0,0,0,0.75,0.09803922474,0,1,1,1,0,0,0,0,-1
356,0,0,0,0.75,0,0.19215688109,1,1,1,0,0,0,0,-1
359,0,1,1,2,0.45098042488,0.83137261868,0.80000007153,1,1,0,0,0,0,-1
360,0,0.5,0.5,1.5,0.60784316063,0.35686275363,0.65098041296,1,1,0,0,0,0,-1
362,0,6,0,1,0.41176474094,0.93725496531,0.1882353127,0.40000000596,10,0,0,0,0,-1
364,0,5,0,1,0.32156863809,0.94901967049,0.14509804547,0.5,10,0,0,4587,0,-1
380,0,0.30000001192,0.30000001192,0.89999997616,0,0.27843138576,0.03529411927,0.89999997616,2,0,0,0,0,-1
384,0.10000000149,0.10000000149,0.30000001192,1,0.96470594406,0.42352944613,0.15294118226,1,0.5,18,0,4484,2,-1
385,0.10000000149,0.10000000149,0.30000001192,1,0.96470594406,0.42352944613,0.15294118226,1,1,18,1,4485,1,-1
386,0.10000000149,0.10000000149,0.30000001192,1,0.96470594406,0.42352944613,0.15294118226,1,1.5,18,2,4486,0,-1
387,0,1.70000004768,0.30000001192,0.60000002384,1,0.96470594406,0.68235296011,1,2,0,0,106,0,-1
392,2,1.70000004768,0.30000001192,0.60000002384,1,0.96470594406,0.68235296011,1,1.20000004768,0,0,0,0,-1
393,0,0.5,0.5,1.5,0.79607850313,0.09019608051,1,1,1.5,0,0,0,0,-1
395,6,0.5,0,1,0.07058823854,0.5607843399,0.93725496531,1,0.5,0,0,0,0,-1
396,0.40000000596,0.10000000149,0.30000001192,0.60000002384,1,0.96470594406,0.68235296011,1,1,0,0.15000000596,106,0,-1
401,0.10000000149,0.10000000149,0.5,1,1,0.96470594406,0.68235296011,1,1.20000004768,0,1.85000002384,0,0,-1
404,6,1,1,1.75,0.59607845545,0.98823535442,0.30588236451,1,2,0,0,0,0,-1
406,5,5,3,0.75,0.14117647707,0,0.6235294342,0.44999998808,0.64999997616,0,0,0,0,-1
407,0.47999998927,0.47999998927,0.47999998927,0.75,0.14117647707,0,0.6235294342,0.44999998808,0.64999997616,0,8.75,0,0,-1
411,5,1,1,1,0.61176472902,1,0.58431375027,1,1,2,0,0,0,-1
412,0,0,0,2,0.50588238239,0.95294123888,0.97254908085,0.05000000075,0.10000000149,0,0,0,0,-1
416,0,0,0,0,1,1,1,0.5,1,0,0,3216,0,-1
417,0,0,0,2,0.24313727021,0.14901961386,1,0.05000000075,0.10000000149,0,0,0,0,-1
419,1,1,1,3,0.85098046064,0.19607844949,0.19607844949,0.10000000149,0.30000001192,1,0,0,0,-1
421,2,2.5,2.5,0.69999998808,1,0.04705882818,0,0.10196079314,0.40000000596,0,0,106,0,-1
423,2,2.5,2.5,0.80000001192,0.85882359743,0.20392158628,0,0.30000001192,0.69999998808,0,0,0,0,-1
425,5,2,2,1,1,0.21568629146,0,0.30196079612,0.30000001192,0,0,106,0,-1
426,0.5,0.20000000298,3,1,0.28235295415,0.93333339691,0,0.00999999978,0.20000000298,0,0,0,0,-1
427,0.25,0.05000000075,0.20000000298,0.80000001192,0.68235296011,0.24705883861,0.96078437567,1,2,0,0,106,0,-1
428,3,2,2,2,0.30588236451,0.49411767721,0,0.02999999933,1,0,0,0,0,-1
429,3,2,2,2,0.34509804845,0.47058826685,0,0.02999999933,1,0,0,0,0,-1
430,3,2,0.40000000596,0.60000002384,0.51372551918,0.85098046064,1,1,0.80000001192,16,0,4685,0,-1
431,2,1.79999995232,0.40000000596,0.60000002384,0.51372551918,0.85098046064,1,1,0.80000001192,16,0,3869,0,-1
433,0,1,0,0,1,0,0,1,1,0,0,0,0,-1
434,0.5,0.10000000149,0.40000000596,0.89999997616,0.29803922772,0.13725490868,0.53333336115,1,1,0,0,0,0,-1
435,0.10000000149,0,0.34999999404,0.60000002384,0.51372551918,0.85098046064,1,1,1.20000004768,0,0,106,0,-1
436,3,1,1,1,1,0.93725496531,0.34901961684,0.25,1,0,0,0,0,-1
444,0,0,0,1,0.00392156886,0,0.38823533058,1,0.10000000149,1,0,106,0,-1
448,0,2,2,1,0.41176474094,0.65490198135,0,0.30196079612,0.30000001192,0,0.30000001192,106,0,-1
454,0,0.5,0.5,1.5,0.84705889225,0.19215688109,1,1,1.5,0,0,0,0,-1
455,0,0,0,0,0.00392156886,0,0.35294118524,0.5,0.30000001192,0,0,0,0,-1
457,0,1,1,0.30000001192,1,0,0,1,1,0,0,0,0,-1
459,0,2,2,1,1,0.21960785985,0,0.501960814,0.5,0,0,106,0,-1
460,0,0.20000000298,0.5,0.85000002384,0.11764706671,0.21176472306,0.87450987101,1,1,0,0,106,2,-1
462,0,2,0,0.60000002384,0.51372551918,0.85098046064,1,1,0.80000001192,0,0,0,0,-1
463,0.10000000149,0,0.34999999404,0.60000002384,0.51372551918,0.85098046064,1,1,1.20000004768,0,0,0,0,-1
484,0,1,1,0.80000001192,1,0.20000001788,0,1,1,0,0,0,0,-1
488,0,0.5,0.5,0.89999997616,1,0.49411767721,0,1,1,0,0,3326,0,-1
490,0,0.5,0.5,0.89999997616,1,1,1,0.20000000298,0.20000000298,0,0,3333,0,-1
492,0,0.5,0.5,0.80000001192,1,0.61568629742,0,0.20000000298,0.20000000298,0,0,3335,0,-1
494,0,0.5,0.5,0.60000002384,1,0.63137257099,0,0.30000001192,0.30000001192,0,0,3340,0,-1
507,0,0.5,0.5,19,0.89411771297,0.250980407,0,0.20000000298,0.20000000298,0,0,3375,0,-1
509,0,0.5,0.5,0.89999997616,1,0.29019609094,0,0.30000001192,0.30000001192,0,0,3377,0,-1
510,0,0.5,0.5,0.89999997616,1,0.29019609094,0,0.30000001192,0.30000001192,0,0,0,0,-1
511,0,0.5,0.5,0.5,1,0.25490197539,0,0.30000001192,3,0,0,3381,0,-1
512,1,0.5,0.5,0.5,1,0.25490197539,0,0.501960814,0.5,0,0,106,0,-1
527,0,0,0,0,1,1,1,1,1,0,0,3416,3,-1
529,0,1,1,0.80000001192,0.92941182852,0.07058823854,0.07058823854,1,1,0,0,3422,3,-1
530,0,1,1,0.80000001192,0.92941182852,0.07058823854,0.07058823854,1,1,0,0,0,3,-1
531,0,1,1,0,0.30196079612,0.91372555494,0.13725490868,1,1,0,0,3426,2,-1
537,0,0.5,0.5,0.89999997616,0.55686277151,0,1,0.30196079612,0.30000001192,0,0,106,0,-1
540,1,0.5,0.5,0.89999997616,0.40392160416,0,0.65882354975,0.5,0.5,0,0,0,0,-1
547,0,1,1,1,0,1,0.11372549832,1,1,0,0,106,0,-1
548,0,1,1,1.5,1,0.28235295415,0,0.5,0.40000000596,1,0,0,0,-1
551,0,0.5,0.5,1,0.4392157197,0.15294118226,0.15294118226,0.5,1,0,0,0,0,-1
559,0,0.5,1,0.69999998808,0.34117648005,0.14509804547,0.55686277151,1,0.60000002384,0,0,106,0,-1
561,0,0,0,2,0.5647059083,0,0.63921570778,1,1,0,0,0,0,-1
562,0,2,0,0.89999997616,1,0.93333339691,0.51372551918,0.5,1,0,0,0,0,-1
566,10000,2,0,0.5,0.99215692282,1,0.73725491762,0.5,1,0,0,0,0,-1
568,1.5,1,1,0.80000001192,0.20784315467,0.60392159224,0,0.30196079612,0.30000001192,0,0,106,0,-1
569,1.29999995232,1,1,0.89999997616,0.27058824897,0.58823531866,0,1,1,0,0,0,0,-1
570,0.40000000596,0.10000000149,0.30000001192,0.60000002384,1,0.96470594406,0.68235296011,1,1,0,0.15000000596,0,0,-1
576,0,1,3,1,0.29019609094,0.12941177189,0.33333334327,0.20000000298,1,0,0,0,0,-1
596,0.10000000149,0.10000000149,0.30000001192,1,0.26274511218,0.91372555494,0.30980393291,1,0.5,2,0,0,0,-1
598,0,0,0,1.5,0.92156869173,0.93725496531,0.39607846737,0.20000000298,1,0,0,0,0,-1
599,0.15000000596,0.05000000075,0.34999999404,0.69999998808,1,0.50980395079,0,1,2,0,0.11999999732,106,0,-1
600,2,1.29999995232,0.21999999881,0.60000002384,0.51372551918,0.85098046064,1,1,0.80000001192,16,0,4853,0,-1
607,1,0.30000001192,2,0.60000002384,0.68235296011,0.24705883861,0.96078437567,1,2,0,0,4501,0,-1
608,0,0,0,1,0.84313732386,0.86274516582,0.29803922772,1,1,0,0,0,0,-1
609,0.15000000596,0.05000000075,0.30000001192,0.60000002384,0.51372551918,0.85098046064,1,1,1.29999995232,8,0.11999999732,4488,1,-1
610,0,0,0,1,0.58431375027,0.70588237047,0.51764708757,1,0.25,0,0,0,0,-1
611,0,0,0,0.20000000298,1,0.96470594406,0.70980393887,1,1.29999995232,0,0,0,0,-1
612,0,0,0,1,0.55294120312,0.69411766529,0.13725490868,1,1,0,0,0,0,-1
613,0,0.10000000149,0.10000000149,1,0.23137256503,0.77647066116,0.60392159224,1,3,0,0,106,19,-1
614,2.75,3.25,3.25,0.69999998808,0.98431378603,0.04705882818,0,0.10000000149,0.40000000596,0,0,0,0,-1
622,0,3,0.30000001192,0.40000000596,1,0.96470594406,0.68235296011,1,2,0,0,3864,0,-1
639,0.5,0,0.5,1,0.40784317255,0.67058825493,0,1,1,0,0,0,0,-1
643,0,0,0,0,0.86274516582,0.9411765337,0.25882354379,1,1,0,0,0,0,-1
645,2.20000004768,0,2,0.5,1,0.39607846737,0,1,1,0,0,0,0,-1
646,0.40000000596,0.20000000298,0.15000000596,0.80000001192,1,0.96470594406,0.68235296011,1,0.69999998808,0,0,3947,0,-1
648,2,2,0.20000000298,0.80000001192,0.98039221764,1,0.7529412508,1,2,16,0,106,0,-1
651,0.10000000149,0.05000000075,0.34999999404,1,0.32941177487,0.80392163992,0.32941177487,1,1,0,0,0,3,-1
652,0,0.80000001192,0.60000002384,0.60000002384,0.51372551918,0.85098046064,1,1,0.80000001192,0,0,106,0,-1
653,0.20000000298,0.10000000149,1,0.69999998808,0.52941179276,0.79215693474,0.96470594406,1,0.69999998808,2,0,0,0,-1
654,0,0.30000001192,0.30000001192,0.69999998808,0.63921570778,0.07058823854,0.69411766529,1,0.60000002384,0,0,0,0,-1
655,7,4,0.30000001192,0.69999998808,1,0.96470594406,0.68235296011,1,1,16,3,3864,0,-1
695,4.5,4.19999980927,0.30000001192,1,0.99215692282,0.38823533058,0.05882353336,1,1.5,16,0,4494,0,-1
696,0,1,2,0.5,1,1,1,1,1,0,0,0,0,-1
697,0,0,0,0,0.00392156886,0,0.38823533058,0.5,0.30000001192,0,0,4609,0,-1
706,1,0.20000000298,1,1,0.52941179276,0.73333334923,0,0.20000001788,0.20000000298,0,0,4560,0,-1
711,0,0,0,0,0.82745105028,0.80784320831,0.13725490868,0.10000000149,0.10000000149,0,0,0,0,-1
725,2,0.5,0.5,0.5,0.48627454042,0.69411766529,0,0.30196079612,0.30000001192,0,0,4910,0,-1
733,0,0.5,0.5,1,0.35294118524,0.79215693474,0,0.30000001192,0.30000001192,0,0,0,0,-1
734,0.30000001192,0.05000000075,0.05000000075,1,0,0.61568629742,1,1,1,2,0,4479,0,-1
735,1.5,1,0.40000000596,0.80000001192,0,1,0.15294118226,1,0.80000001192,16,0,106,0,-1
737,0.10000000149,0.10000000149,0.30000001192,1,0.96470594406,0.42352944613,0.15294118226,1,2,18,3,4487,0,-1
744,0,0,0,0,0.29803922772,1,0,0.20000000298,1,0,0,4551,0,-1
754,4.5,4.19999980927,0.30000001192,1,0.99215692282,0.38823533058,0.05882353336,1,1.5,0,0,4494,0,-1
774,0,0,0,0,1,1,1,1,1,0,0,4642,0,-1
780,1.70000004768,1.39999997616,0.20000000298,0.80000001192,0.00392156886,0.80000007153,0.1254902035,1,0.80000001192,16,0,4684,0,-1
781,1.5,1.29999995232,0.30000001192,0.60000002384,0.51372551918,0.85098046064,1,1,0.80000001192,16,0,3869,0,-1
809,0,0.5,1,0.69999998808,0.34117648005,0.14509804547,0.55686277151,1,0.60000002384,0,0,4788,0,-1
818,0,0.5,0.5,0.80000001192,0.93725496531,0.19607844949,0,0.40000000596,0.40000000596,0,0,4830,0,-1
842,0.25,0.05000000075,0.20000000298,0.80000001192,1,1,0.73725491762,1,2,0,0,106,0,-1
856,0.30000001192,0.10000000149,0.40000000596,0.80000001192,0.93725496531,0.6235294342,0.09411765635,1,1,0,0,4953,3,-1
857,0.30000001192,0.10000000149,0.40000000596,0.80000001192,0.6274510026,0.09411765635,0.93725496531,1,1,0,0,4953,3,-1
858,2,0.5,0.5,0.60000002384,0.61568629742,1,0.98823535442,0.30000001192,0.20000000298,0,0,4954,0,-1
861,2,2.5,2.5,0.80000001192,0.85882359743,0.20392158628,0,0.30000001192,0.69999998808,0,0,4957,0,-1
864,0,1,3,1,0.6901960969,0.94901967049,0.91764712334,0.20000000298,1,0,0,106,0,-1
872,1.5,0,1.5,1.39999997616,0.21568629146,0.76078438759,0.79215693474,0.40000000596,1,0,0,106,0,-1
873,0,1,1,1,0.20392158628,0.21960785985,0.93725496531,0.25,1,0,0,106,0,-1
892,0,0,2,1,0,0.40784317255,1,0.5,1.5,0,0,106,0,-1
893,0,3,0.5,0.69999998808,0.26666668057,0.79215693474,1,1,1,0,0,106,0,-1
899,3,0.25,0,0.80000001192,0.97254908085,0.21960785985,0.12941177189,0.60000002384,1,0,7,106,0,-1
900,0.75,0,0.25,0.40000000596,1,0.30588236451,0.30588236451,0,0.69999998808,0,0,106,0,-1
901,0,0,0,0,0,0,0,0.30000001192,1,0,0,106,0,-1
903,0,0,0.75,0.69999998808,0.79215693474,0.65882354975,1,0.40000003576,0.60000002384,0,0,106,0,-1
908,0,0.5,0.5,0.5,0,0.8156863451,0.93333339691,1,1,0,0,106,2,-1
913,0.40000000596,0.25,0.25,0,1,0.30588236451,0.30588236451,0,0.75,0,2,106,0,-1
914,0,0.40000000596,0.40000000596,0.40000000596,0.26666668057,0.77254909277,1,0.30196079612,0.30000001192,0,0,106,0,-1
915,0,0.5,0.5,0.40000000596,0,0.34117648005,0.55686277151,0.30000001192,0.30000001192,0,0,106,0,-1
916,6,0.5,0,1,0.93725496531,0.07058823854,0.13333334029,1,0.5,0,0,106,0,-1
917,6,0.5,0,1,0.93725496531,0.07058823854,0.12156864256,1,0.5,0,0,106,0,-1
921,0,0,0,0.80000001192,0.68235296011,0.85098046064,0.64313727617,0.10196079314,0.40000000596,0,0,106,0,-1
928,0.10000000149,0.10000000149,0.30000001192,2,1,0.94901967049,0.33333334327,1,1.75,1,0,106,0,-1
934,1.20000004768,0.30000001192,0.30000001192,0.80000001192,0.63921570778,0,0,1,1,0,0,106,0,-1
935,0.10000000149,0.10000000149,0.30000001192,1.5,0.97254908085,0.58431375027,0.34509804845,1,1.5,0,0,106,0,-1
936,0,0,0,0.69999998808,1,0.49019610882,0.49019610882,0.40000000596,0.69999998808,0,0,106,0,-1
937,0,0.5,0.5,0.40000000596,0.60784316063,0.97647064924,1,1,1,0,0,106,0,-1
940,0,0.5,0.5,0.5,1,0.88627457619,0.50588238239,1,1,0,0,106,0,-1
945,0,0.5,3,0.60000002384,1,0.46274513006,0.46274513006,0.30196079612,0.40000000596,0,0,106,0,-1
950,0.40000000596,0.25,0.25,0.69999998808,1,0.30588236451,0.30588236451,0,0.69999998808,0,0,106,0,-1
952,0,0.5,0.5,1,1,0.45098042488,0,1,0.5,0,0,106,0,-1
956,0,0.5,0,0.5,0.89019614458,0.20784315467,0.09411765635,1,1,0,0,106,0,-1
957,7,1,1,0.5,0.29411765933,1,0.27450981736,1,0.5,0,0,106,0,-1
958,0,0.5,0.5,1,1,0.00784313772,0.79607850313,1,0.5,0,0,106,0,-1
959,0,0.5,0.5,1,0,0.71372550726,1,1,0.5,0,0,106,0,-1
960,0,0.5,0.5,1,1,0.95294123888,0.39215689898,1,0.5,0,0,106,0,-1
961,0,0.5,0.5,1,0.14117647707,0.79215693474,0,1,0.5,0,0,106,0,-1
962,0,0.5,0.5,1,0.78039222956,0,0,1,0.5,0,0,106,0,-1
963,0,0.5,0.5,1,0.54901963472,0,1,1,0.5,0,0,106,0,-1
964,3,1,1,0.5,1,0.29411765933,0.92549026012,1,0.5,0,0,106,0,-1
965,3,0.5,0.5,0.5,0,0.87058830261,1,1,0.5,0,5,106,0,-1
966,4,1,1,0.80000001192,0,0,0,1,0.5,0,0,106,0,-1
967,1.29999995232,0.5,0.5,0.80000001192,0,0.66666668653,1,1,0.5,0,0,106,0,-1
969,0,0.5,0.5,1,0,0,0,1,1,0,0,106,0,-1
971,1,0.10000000149,0.5,0.69999998808,0.72549021244,1,0.15294118226,1,0.40000000596,0,0,106,0,-1
973,3,0.10000000149,0.20000000298,0.60000002384,0,0.52156865597,1,1,1,0,0,106,0,-1
974,0,1,1,0.40000000596,0.41176474094,0,0,1,1,0,0,5517,3,-1
979,1.29999995232,0.5,0.5,0.80000001192,1,0,0.05882353336,1,0.5,0,0,106,0,-1
980,0,0,0,0,0,0,0,1,1,1,0,106,0,-1
983,0,1,1,1,0.8784314394,0.50980395079,0.15686275065,1,1,0,0,106,0,-1
985,0,0,0,0.89999997616,1,0.33725491166,0,1,0.5,2,0,106,0,-1
986,0,2,1,0.10000000149,0.83529418707,1,0.99215692282,1,1,0,5.5,106,5,-1
987,0,3,1,0.10000000149,1,0.23137256503,0.19215688109,1,1,0,3.5,106,5,-1
990,0.30000001192,0.10000000149,0.15000000596,0.80000001192,0.05098039657,0,0.58039218187,1,1.5,0,0,106,1,-1
992,0.40000000596,0.10000000149,0.30000001192,0.80000001192,0.07058823854,0,0.57254904509,1,2.5,0,0,106,1,-1
993,0.40000000596,0.10000000149,0.30000001192,0.80000001192,1,0.98431378603,0.48627454042,1,2,0,0,106,2,-1
1001,0.30000001192,0.10000000149,0.30000001192,2,0.96470594406,0.95294123888,0.3725490272,1,1.75,1,0,106,0,-1
1006,0,0,0,0.69999998808,0.75686281919,0,1,1,0.20000000298,2,0,5713,0,-1
1013,0.10000000149,0.10000000149,0.30000001192,2,0.8784314394,0.20784315467,0.12941177189,1,1.75,1,0,106,0,-1
1015,0,0.5,0.5,1.5,0.43529415131,0,0.6901960969,1,1.5,0,0,106,0,-1
1016,0,4,0.5,0.69999998808,0.26666668057,0.79215693474,1,1,1,0,0,106,0,-1
1019,0,1,3,1,0.29019609094,0.12941177189,0.33333334327,0.20000001788,1,0,0,106,0,-1
1020,0,0.15000000596,0.30000001192,1.20000004768,0.83137261868,0.07450980693,0.03529411927,1,0.80000001192,0,0,106,0,-1
1021,0,0.5,0.5,0.80000001192,1,0.77254909277,0,1,1,0,0,106,0,-1
1022,0,0.5,0.5,0.80000001192,1,0.83529418707,0,1,0.69999998808,0,0,106,0,-1
1023,0.10000000149,0.30000001192,0.30000001192,0,1,0.94901967049,0.47450983524,1,1.75,0,0,106,0,-1
1024,0.15000000596,0.05000000075,0.30000001192,0.60000002384,0.77254909277,0.51372551918,1,1,1.29999995232,8,0.11999999732,4488,1,-1
1025,2.20000004768,1,2,0.69999998808,0.98431378603,0.93333339691,0.6235294342,1,0.5,0,0,106,0,-1
1026,0,1.5,2.5,0.80000001192,0.85882359743,0.20392158628,0,1,0.60000002384,0,0,106,0,-1
1027,0,1,0,0.60000002384,0.92156869173,0.26274511218,0.26274511218,1,0.69999998808,0,0,106,0,-1
1029,0,0,0,0.5,0.12156864256,0.12156864256,0.12156864256,1,1,0,0,106,0,-1
1030,0,0.25,2,0.69999998808,0.65882354975,0.91372555494,0.54901963472,1,0.60000002384,0,0,106,0,-1
1033,0,0,0,0.10000000149,0.12156864256,0.41960787773,0.16470588744,1,0.5,0,0,106,0,-1
1036,0,0.5,0,0.89999997616,0.93725496531,0.12156864256,0.12156864256,1,1,0,0,106,0,-1
1037,2,1.5,1.5,1.70000004768,0.77254909277,0.77254909277,0.77254909277,1,0.69999998808,0,0,106,0,-1
1038,0,0.10000000149,0.30000001192,1,1,0.28235295415,0.16862745583,1,1,0,0,106,0,-1
1042,0,0,0,0.99000000954,0.38431376219,0.9411765337,0.87450987101,1,0.60000002384,0,0,106,0,-1
1043,0,0,0,0.75,0.91764712334,0.71372550726,1,0.10196079314,0.40000000596,0,0,106,0,-1
1045,3,0.5,0.5,0.69999998808,0.91372555494,0.92549026012,0.70588237047,1,0.60000002384,0,0,106,0,-1
1047,2,0.20000000298,0.5,0.5,1,0.95686280727,0.33725491166,1,0.5,0,0,106,0,-1
1048,0,1,1,1,0.34901961684,0.04313725606,0.44313728809,1,1,0,0,106,0,-1
1053,0,0.20000000298,0.20000000298,0.89999997616,0.27843138576,0.98823535442,1,1,0.30000001192,0,0,106,0,-1
1054,0,0.5,0.5,1.5,0.07843137532,0.64705884457,0.89803928137,1,1.5,0,0,106,0,-1
1057,0,0.5,0.5,0.69999998808,1,0.71372550726,0.45882356167,1,0.60000002384,0,0,106,0,-1
1058,0.20000000298,0.10000000149,0.30000001192,0.69999998808,0.35686275363,0.18431372941,0.64705884457,1,1.20000004768,0,0,106,0,-1
1064,0,1,3,1,0.81176477671,0.05098039657,0.05098039657,1,1,0,0,106,0,-1
1066,1.5,0.5,2.5,1,1,0.91764712334,0.29411765933,0.60000002384,1,0,0,106,0,-1
1067,0,1,0,0.89999997616,0.82352948189,0.18431372941,0.18431372941,1,1,0,0,106,0,-1
1070,0,0,0,0.34999999404,0.25490197539,0.8156863451,0.77254909277,1,0.5,0,0,106,0,-1
1071,0,1,1,0.75,0.60392159224,0.90980398655,1,1,0.30000001192,0,0,106,0,-1
1072,0,0,2,1,0,0.40784317255,1,0.501960814,1.5,0,0,106,0,-1
1074,1,0.20000000298,2,0.80000001192,0.84705889225,0.46666669846,1,1,0.60000002384,0,0,106,0,-1
1075,2.5,2,1.5,0.80000001192,0.83529418707,0.38823533058,1,1,0.40000000596,0,1.5,106,0,-1
1076,0,0.25,1,0.30000001192,0,0,0,1,1,0,0,106,0,-1
1079,0,0.5,0.5,0.64999997616,0.83529418707,0.73725491762,1,1,0.69999998808,0,0,106,0,-1
1080,0,1,3,1,0.3137255013,0,0,1,1,0,0,106,0,-1
1081,0,0.5,0.5,0.64999997616,1,0.45882356167,0.32549020648,1,0.69999998808,0,0,106,0,-1
1087,0,0,0,0.34999999404,0.25490197539,0.29019609094,0.8156863451,1,0.5,0,0,106,0,-1
1088,0,0,0,1.79999995232,1,0,0.05490196496,1,1,0,1,106,0,-1
1089,0,0,0,0,0,0,0,0.22745099664,1,0,0,106,0,-1
1090,0.20000000298,0,0.20000000298,1.5,0,0.87058830261,0.89411771297,1,1.5,0,0,106,0,-1
1094,0,0.5,1,1,0.18431372941,0.90980398655,0.60392159224,1,0.40000000596,0,0,106,0,-1
1095,0,0,0,1,0.86274516582,0.07058823854,0.07058823854,1,1,0,0,106,2,-1
1099,0,1,0.5,0.89999997616,0,0.07450980693,0.58431375027,1,0.44999998808,0,0,106,0,-1
1102,0,10,0,1,0,0.28627452254,0.94509810209,1,1,0,0,106,0,-1
1103,0,0.10000000149,0.30000001192,1,0.50980395079,0.3725490272,0.14117647707,1,1,0,0,106,0,-1
1104,0,10,0,1.70000004768,0.71764707565,0,0.94509810209,1,1,0,0,106,0,-1
1106,0,0.5,1,0.69999998808,0.05882353336,0.05490196496,0.70196080208,1,0.60000002384,0,0,106,0,-1
1107,0.30000001192,0.20000000298,0.30000001192,0.25,1,0.78039222956,0,1,1,0,0.20000000298,106,0,-1
1114,6,1,0.5,1.29999995232,0,0.28627452254,0.94509810209,1,1,0,0,106,0,-1
1115,0.10000000149,0.10000000149,0.30000001192,8,0,1,0.87058830261,1,2.5,1,0,106,0,-1
1116,0.75,0,1,1,0.98431378603,0.65490198135,0,1,1,1,0,106,0,-1
1117,8,0,0.5,1,1,0.67843139172,0,1,1,1,0,106,0,-1
1122,0,0,0,0.69999998808,0.34117648005,0.14509804547,0.55686277151,1,0.60000002384,0,1,106,0,-1
1123,0,1,0.5,0.89999997616,1,0.44705885649,0.3764706254,1,0.60000002384,0,0,106,0,-1
1124,0.5,0,2,1,0.4392157197,0,1,1,1,0,0,106,0,-1
1126,0,0,0,0.89999997616,0.36862745881,0.10196079314,0.74509805441,1,0.75,0,0,106,2,-1
1127,0,0,0,0.89999997616,0.42352944613,0.20392158628,0.72549021244,1,0.75,0,0,106,0,-1
1129,0,0.5,0.5,0.89999997616,0.85882359743,0.19607844949,0.21960785985,1,0.80000001192,0,0,106,0,-1
1130,0,0,0,0.80000001192,0.3725490272,0.12156864256,0.52941179276,1,1,0,0,106,0,-1
1131,0,1,1,0.94999998808,0.15294118226,0.63921570778,0.90588241816,1,0.80000001192,0,0,106,0,-1
1132,0,0,1,10,0.18039216101,0.14509804547,0.55686277151,1,0.69999998808,1,0,106,0,-1
1134,6,0.20000000298,0.10000000149,0.60000002384,0.51372551918,0.85098046064,1,1,1,8,0,6378,1,-1
1135,0,0.5,0,0.69999998808,0.36470589042,0,0.58823531866,1,1,0,0,106,0,-1
1141,0,2,2,1.70000004768,0.79607850313,0,1,1,1,0,0,106,0,-1
1142,0,1.10000002384,1,0.69999998808,1,0.49019610882,0.30196079612,1,0.75,0,0,106,0,-1
1143,0,0.5,1,0.69999998808,0.20392158628,0.64313727617,0.76862752438,1,0.69999998808,0,0,106,0,-1
1144,0.30000001192,0.10000000149,0.20000000298,0.80000001192,1,0.67058825493,0.89803928137,1,0.69999998808,0,0,106,0,-1
1147,0,0.5,0.5,1.5,0,0.80000007153,0.24705883861,1,1.5,0,0,106,1,-1
1148,0,1,2,1.70000004768,1,0,0,1,1,0,0,106,0,-1
1149,0,1,1,1,1,0,0,1,1,0,0,106,0,-1
1150,0,1.5,1.5,1.70000004768,0.64313727617,0.16078431904,0.65098041296,1,1,0,0,106,0,-1
1151,1,1.5,1.5,1.70000004768,0.64313727617,0.16078431904,0.65098041296,1,1,0,0,106,0,-1
1152,1,0,1,0.69999998808,0.36470589042,0,0.58823531866,1,1,0,0,106,0,-1
1153,0,0.5,0.5,1.5,0.77647066116,0,0,1,1.5,0,0,106,0,-1
1155,0,0.01600000076,0.01600000076,0.69999998808,0,1,0.87058830261,1,1,0,0,106,0,-1
1156,0,0.5,0.5,1.5,0.78039222956,0,0,1,1.5,0,0,106,0,-1
1158,0,0.75,0,0.80000001192,0.69411766529,0.3137255013,0.7490196228,1,0.64999997616,0,1.5,106,0,-1
1159,0.5,0,0.5,0.80000001192,0.69411766529,0.3137255013,0.7490196228,1,0.64999997616,0,0,106,0,-1
1160,0,1.5,1.5,1,0,0.07058823854,0.43529415131,1,1,0,0,106,0,-1
1161,7,1,1,1,0.80784320831,0.17254902422,0,1,1,0,0,106,0,-1
1162,0,1,3,0.69999998808,0.18431372941,0.55686277151,0.89803928137,0.20000001788,1,0,0,106,0,-1
1164,0,1,1,0.5,0.28235295415,0.01568627544,0.59607845545,1,1,0,0,106,2,-1
1165,0,1,1,0.5,0.25490197539,1,0,1,1,0,0,106,0,-1
1166,3,1,1,0.5,0,0.94509810209,1,1,1,0,0,106,0,-1
1167,3,1,1,0.5,0.63137257099,0,1,1,1,0,0,106,0,-1
1171,0,5,2,1,0.46274513006,0,0.72156864405,1,1,0,0,106,0,-1
1172,0.25,0.05000000075,0.20000000298,0.80000001192,0.91372555494,0.49803924561,0.21960785985,1,2,0,0,106,0,-1
1173,0.25,0.05000000075,0.20000000298,0.80000001192,0.21960785985,0.85882359743,0.91372555494,1,2,0,0,106,0,-1
1174,0.25,0.05000000075,0.20000000298,0.80000001192,0.71764707565,0.21960785985,0.91372555494,1,2,0,0,106,0,-1
1175,0.25,0.05000000075,0.20000000298,0.80000001192,0.89019614458,0.86274516582,0.47843140364,1,2,0,0,106,0,-1
1176,0.25,0.05000000075,0.20000000298,0.80000001192,0.21960785985,0.91372555494,0.58431375027,1,2,0,0,106,0,-1
1180,0,0.5,0.5,1.5,0.83921575546,0,0,1,1.5,0,0,106,0,-1
1181,0,0.5,0.5,1.5,0.64313727617,0,0,1,1.5,0,0,106,0,-1
1182,0,0.5,0.5,1.5,0.45490199327,0,0.6901960969,1,1.5,0,0,106,0,-1
1183,0,0.5,0.5,1.5,0.83529418707,0,0,1,1.5,0,0,106,0,-1
1189,0,0,0,2,0.70980393887,0.06274510175,0.06274510175,1,1,0,0,106,0,-1
1192,0.75,0,0.25,0.40000000596,1,0.30588236451,0.30588236451,0.40000003576,0.69999998808,0,0,106,0,-1
1193,0,0,0,0.69999998808,0.49019610882,0.96078437567,1,0.40000003576,0.69999998808,0,0,106,0,-1
1198,0,0.25,0.25,0.66000002623,1,0,0,1,1,0,0,106,0,-1
1201,0.5,0,0.5,0.25,1,0,0,1,0.5,0,0,106,0,-1
1203,1,0.20000000298,0.60000002384,0.80000001192,0.79607850313,0.6274510026,1,1,0.69999998808,0,0,106,0,-1
1205,0,0.25,0.5,0.64999997616,1,0.3137255013,0.18431372941,1,0.20000000298,0,0,106,0,-1
1207,0,0.5,0.5,1.5,0.13725490868,0.71764707565,1,1,1.5,0,0,106,0,-1
1210,4.5,1,0.25,25,1,0,0,1,1,1,0.5,6745,0,-1
1211,0,0.25,0,0,0.07843137532,0.07843137532,0.07843137532,1,1,0,0,106,0,-1
1212,0,0.25,0,1,0.31764706969,0.90980398655,1,1,1,0,0,106,0,-1
1213,0,0.25,0.25,2,1,0,0,1,1,0,0,106,0,-1
1215,0.75,0.5,0.25,0.64999997616,1,0.86666673422,0.86666673422,1,0.69999998808,0,2.75,106,0,-1
1216,0,0,0,0.69999998808,0.51372551918,0.3764706254,0.74117648602,1,0.20000000298,0,0,106,0,-1
1220,0.40000000596,0.25,0.25,0,1,0.30588236451,0.30588236451,0,0.75,0,0,106,0,-1
1221,0,0.5,0.5,1.5,0.81960791349,0,0,1,1.5,0,0,106,0,-1
1232,0,0.5,0.5,1.5,0.83137261868,0,0,1,1.5,0,0,106,0,-1
1233,0,0,0,0.80000001192,1,1,1,1,0.80000001192,0,0,6889,1,-1
1234,0,0.5,0.5,0.80000001192,0.42745101452,0,0,1,0.5,0,0,106,0,-1
1235,0,0.5,0.5,1.5,0.78823536634,0,0,1,1.5,0,0,106,0,-1
1237,0,0,0,0.99000000954,0.36470589042,0.96862751245,1,1,0.64999997616,0,0,106,0,-1
1242,0,0,0,1,0.22352942824,0,0.45490199327,1,0.34999999404,0,0,106,0,-1
1243,0.5,0.10000000149,0.40000000596,1,0,0.59215688705,0.63137257099,1,0.60000002384,0,0,106,0,-1
1245,0,0.10000000149,0.30000001192,1,0.70196080208,0.14509804547,0.98039221764,1,0.40000000596,0,0,106,0,-1
1246,0,0,0,1,0.53333336115,0,0,1,1,0,0,6930,0,-1
1248,0,0.25,0.25,1,1,0,0,1,1,0,0,106,0,-1
1251,0,0,0,0.80000001192,0.93333339691,0.14117647707,0.14117647707,1,0.80000001192,0,0,106,0,-1
1349,2,2,0.5,1.70000004768,1,0,0,1,1,0,0,106,0,-1
1350,0,1.5,1.5,1,0,0.09803922474,0.60784316063,1,1,0,0,106,0,-1
1351,0.40000000596,0.30000001192,0.30000001192,0.60000002384,0.19607844949,0.53725492954,1,1,0.5,0,0.20000000298,106,0,-1
1352,0.60000002384,0.30000001192,0.5,0.80000001192,0.02352941409,0.60784316063,0.84705889225,1,1.20000004768,0,0.10000000149,106,0,-1
1353,0.80000001192,0.30000001192,0.60000002384,0.80000001192,0.30980393291,0.77254909277,0.9411765337,1,1.5,0,0.10000000149,106,0,-1
1355,0,0,0,0.30000001192,0.30196079612,0.10980392992,0.50588238239,1,0.40000000596,0,0,7052,0,-1
1357,0,1,3,1,0.15686275065,0.10588236153,0.45098042488,0.20000001788,1,0,0,106,0,-1
1360,0,0.64999997616,0.5,1.5,0,0,0,1,1,1,0,106,0,-1
1364,0,0,1,1.79999995232,0.53725492954,0,0,1,1,0,0,106,0,-1
1371,0,0,0,0.89999997616,0.12156864256,0.14901961386,0.86274516582,1,1,0,0,106,0,-1
1375,0,1,0.5,0.30000001192,0.42352944613,0.20784315467,0.05098039657,1,1,0,0,106,0,-1
1377,1,0.5,1,0.40000000596,0.04313725606,0,0.51764708757,1,1,0,0,106,0,-1
1378,0,0.5,1,0.80000001192,0.27843138576,0,0.63137257099,1,0.80000001192,0,0,7095,0,-1
1381,6,1,0.25,25,1,0,0,1,1,1,0.5,6745,0,-1
1382,1,0,2,0.25,0.64705884457,0,0,1,1,0,0,106,2,-1
1383,0,0,0,0.89999997616,0.91764712334,0.1254902035,0.1254902035,1,0.40000000596,0,0,106,0,-1
1384,0,3,3,1.5,0.21568629146,0,1,1,1,0,0,106,0,-1
1386,0,0.25,0.25,0.60000002384,0.27058824897,0.51764708757,0,1,1,0,0,106,0,-1
1387,0.75,0.10000000149,0.5,0.60000002384,1,0.46666669846,0.41176474094,1,0.80000001192,0,0,106,0,-1
1390,0,0.5,0.5,1.5,0,0.47058826685,0.20392158628,1,1,0,0,106,0,-1
1391,0,0.5,0.5,1.5,0,0.46274513006,0.84313732386,1,1.5,0,0,106,0,-1
1393,0,0.10000000149,0.30000001192,1,0.14509804547,0.98039221764,0.34509804845,1,0.40000000596,0,0,106,0,-1
1394,0,0.10000000149,0.30000001192,1,0.98039221764,0.9411765337,0.14509804547,1,0.40000000596,0,0,106,0,-1
1395,0,0.5,0,1.70000004768,0.02352941409,0.21176472306,0.83137261868,1,1,0,0,106,0,-1
1396,0,0.10000000149,0.30000001192,1,0.14509804547,0.3764706254,0.98039221764,1,0.40000000596,0,0,106,0,-1
1398,0,0,0,0,0.16862745583,0.82745105028,0.13725490868,0.10196079314,0.10000000149,0,0,106,0,-1
1403,0,1,0.5,0.69999998808,0.24705883861,0.05882353336,0.83921575546,1,1,0,0,106,0,-1
1404,0,0.10000000149,0.30000001192,1,0.56862747669,0.05490196496,0.8784314394,1,0.40000000596,0,0,106,0,-1
1405,0,0,0,0.5,0.34509804845,0.19215688109,0.5607843399,1,0.5,0,0,106,0,-1
1408,0,0,0,0.80000001192,0.87450987101,0.4392157197,1,1,0.60000002384,0,0,106,0,-1
1411,2,1,1,1,0.08627451211,0.73725491762,1,1,1,0,0,106,0,-1
1412,0,0,0,0.60000002384,0,0.07450980693,1,1,0.60000002384,0,0,106,0,-1
1413,0,0,0,0.75,0.00784313772,0,0.72156864405,1,0.80000001192,0,0,106,0,-1
1417,0,2,2,0,0.00784313772,0.00784313772,0.00784313772,1,1,0,0,106,0,-1
1420,1,0.10000000149,0.89999997616,0.85000002384,0.63921570778,1,0.29803922772,1,0.60000002384,0,0,106,0,-1
1421,0,0,0,0.85000002384,0,0.13333334029,0.29411765933,1,0.80000001192,0,0,106,0,-1
1423,0,2,0.5,0.05000000075,0,0,0,1,1,0,0,106,0,-1
1424,0,0.10000000149,0.30000001192,1,0.14509804547,0.61176472902,0.98039221764,1,0.5,0,0,106,0,-1
1425,0,2,0.30000001192,0.89999997616,0.09803922474,0.42352944613,0.75686281919,0.501960814,1,0,0,106,0,-1
1431,1,0.25,0.5,0.69999998808,0.33725491166,0.51372551918,0.04705882818,1,0.5,0,0,106,0,-1
1432,0,1,1,1,0,0.40784317255,0.32156863809,0.250980407,1,0,0,106,0,-1
1438,0,0,0,2,0,0,0,1,1,0,0,106,0,-1
1447,0,0.80000001192,0.80000001192,1,1,0.250980407,0.10196079314,1,1.20000004768,0,0,106,0,-1
1449,5000,0,0,0.89999997616,0.85882359743,0.20000001788,0.09411765635,1,0.80000001192,0,0,106,0,-1
1450,4,0.10000000149,4,1,0.18431372941,0.69803923368,1,1,1,0,0,106,0,-1
1451,6,0.10000000149,5,1,0.250980407,0.61176472902,1,1,1,0,0,106,0,-1
1452,0,0,0.25,0.40000000596,1,1,1,1,0.69999998808,0,0,106,0,-1
1454,6,0.20000000298,0.10000000149,0.60000002384,0.26666668057,0.83529418707,1,1,1,8,0,8441,1,-1
1455,6,0.10000000149,5,1,0.18431372941,0.28235295415,1,1,1,0,0,106,0,-1
1456,3,0.10000000149,3,1,0.18431372941,0.28235295415,1,1,1,0,0,106,0,-1
1457,0,0.20000000298,0.5,0.85000002384,0.27450981736,0,0.01568627544,1,1,0,0,106,2,-1
1461,0,0,0,1,0.16470588744,0,0.54509806633,1,1,0,0,106,0,-1
1468,0,0,0,0.75,1,0.99215692282,0.57254904509,1,1,0,0,106,0,-1
1469,0,1,0,0.5,0.98431378603,0.89019614458,0.16470588744,1,1,0,0,106,0,-1
1470,0,0.5,0.5,1.5,1,0.98823535442,0.19607844949,1,1.5,0,0,106,0,-1
1476,0,0.25,0.25,0.75,0.83921575546,0,0,1,1,0,0,106,0,-1
1478,0,0,0,0.80000001192,0.81176477671,0.72941178083,0.72941178083,1,0.80000001192,0,0,106,0,-1
1480,0,0,0,1.70000004768,0.20000001788,0.74509805441,0.23921570182,1,1,0,0,106,0,-1
1481,0,0,0,1.60000002384,1,0,0,1,1,0,0,106,0,-1
1482,0,0.25,0.25,1.25,0.72156864405,1,0,1,1,0,0,106,0,-1
1483,0,0,0,1.60000002384,0.86274516582,0,0.87450987101,1,1,0,0,106,0,-1
1484,0,0,0,1.5,0.96862751245,1,0,1,1,0,0,106,0,-1
1485,0,0,0,1.39999997616,0,0.54509806633,1,1,1,0,0,106,0,-1
1486,0,0,0,1.20000004768,1,0.36862745881,0,1,1,0,0,106,0,-1
1488,0.10000000149,0,0.20000000298,1,0.3764706254,0.70980393887,1,1,1,0,0,106,0,-1
1489,0.20000000298,0,0.5,1,0.4392157197,0.69411766529,0.99215692282,1,1,0,0,106,0,-1
1491,0,1,3,0.69999998808,0.78039222956,0.88235300779,0.97254908085,0.20000001788,1,0,0,106,0,-1
1492,0,0.5,0,0.69999998808,0.81176477671,0.00392156886,0.81176477671,1,1,0,0,106,0,-1
1495,0,0.5,0.5,1.20000004768,0.13333334029,0.09803922474,0.72549021244,1,2,0,0,106,0,-1
1497,0,1,3,0.30000001192,0.78039222956,0.88235300779,0.97254908085,0.20000001788,0.30000001192,0,0,106,0,-1
1501,0,0,0.25,0.34999999404,1,0,0.15294118226,1,0.69999998808,0,0,106,0,-1
1507,0,1,0.5,2,0,0.70980393887,1,1,1,0,0,8798,0,-1
1508,6,0.20000000298,0.10000000149,0.60000002384,0.9411765337,0.14509804547,0.24705883861,1,1,8,0,8807,1,-1
1511,0,1,3,0.69999998808,0.78039222956,0.88235300779,0.97254908085,0.20000001788,0.30000001192,0,0,106,0,-1
1513,0.25,0.20000000298,0.5,0.5,0,0.96470594406,1,1,1,0,0,106,0,-1
1517,0,0.25,0.25,0.75,1,0.31764706969,0.1254902035,1,0.5,0,0,106,0,-1
1523,6,0.20000000298,0.10000000149,0.60000002384,0.51372551918,0.85098046064,1,1,1,8,0,8952,1,-1
1527,0,0,0,1,0.99215692282,0.3137255013,0,1,1,0,0,106,0,-1
1528,0,0.5,0.5,0.40000000596,0.15294118226,0.60392159224,0.96470594406,0,0.69999998808,0,0,106,0,-1
1529,0,0.5,0.5,1.5,0,0.50588238239,0.84313732386,1,1.5,0,0,106,0,-1
1532,0,0.5,0.5,0.60000002384,0.80784320831,0,0.93333339691,0.40000003576,0.40000000596,0,0,9105,0,-1
1538,0,0,0,1.60000002384,0.11764706671,0.98823535442,0,1,1,0,0,106,0,-1
1539,0,0.5,2,1,0.93333339691,0.67843139172,0.29411765933,1,2,0,0,106,0,-1
1542,0,0,0,0.34999999404,0.8156863451,0.73725491762,0.25490197539,1,0.5,0,0,106,0,-1
1550,0,1,3,0.40000000596,0.30588236451,0.11372549832,0.44313728809,0.20000001788,0.40000000596,0,0,106,0,-1
1552,0,0,0,0.89999997616,0.9411765337,0.17647059262,0.17647059262,1,0.89999997616,0,0,106,0,-1
1558,0,3.5,0.30000001192,0.75,0.41568630934,0,0.74509805441,1,0.75,0,0,9306,0,-1
1559,0.40000000596,0.25,0.25,0,0.30588236451,0.85882359743,1,0,0.75,0,0,106,0,-1
1560,0,0,0,1.79999995232,0.10196079314,0.70980393887,0.87450987101,1,1,0,0,106,0,-1
1561,0,0.5,1,0.75,1,0.93333339691,0.30196079612,1,0.5,0,0,106,0,-1
1564,0,0,0,0.69999998808,0.93333339691,0.21176472306,0.21176472306,1,0.69999998808,0,0,106,0,-1
1565,4,0.5,0.5,1.5,1,0.15686275065,0.15686275065,1,2.5,0,0,106,0,-1
1566,0.69999998808,0.10000000149,0.5,1.5,0,1,0.69411766529,1,0.80000001192,0,0,106,0,-1
1568,0,1,1,1,0.20392158628,0.86274516582,0.95686280727,0.250980407,1,0,0,106,0,-1
1569,0,1,3,0.69999998808,0.78039222956,0.88235300779,0.97254908085,0.20000001788,0.5,0,0,106,0,-1
1570,0,0.30000001192,0.30000001192,0.89999997616,0.10980392992,0.13333334029,0.56862747669,0.501960814,1,0,0,106,0,-1
1571,0,0.75,0.75,0.69999998808,0.65490198135,0.44313728809,0.88627457619,1,0.60000002384,0,0,106,0,-1
1572,0.15000000596,0.05000000075,0.30000001192,0.60000002384,0.51372551918,0.85098046064,1,1,1.29999995232,8,0.11999999732,9549,1,-1
1573,0.75,0,0.25,0.40000000596,0.30588236451,1,0.98823535442,0,0.69999998808,0,0,106,0,-1
1574,0,0.30000001192,0.30000001192,0.89999997616,0.92156869173,0.75686281919,1,0.501960814,1,0,0,106,0,-1
1575,0,1,1,1,0.00392156886,0.32549020648,0.12156864256,1,1,0,0,9562,0,-1
1576,0,0.10000000149,2,0.5,1,0.84705889225,0.54117649794,1,1.5,0,0.20000000298,9564,0,-1
1577,0,0.25,0.25,1,0.8784314394,0,1,1,1,0,0,106,0,-1
1580,8,0.20000000298,0.10000000149,0.60000002384,0.53333336115,0.87450987101,1,1,1,8,0,9605,1,-1
1585,0,0.5,0.5,1.10000002384,0.27843138576,0.4392157197,0.58823531866,1,2,0,0,9613,0,-1
1587,18,1,1,0.69999998808,0.27843138576,0.61960786581,0.92549026012,0.23137256503,1,0,0,106,0,-1
1588,0,0,0,4,1,0.89411771297,0.40784317255,1,1,1,0,106,0,-1
1597,0,0,0,9,0.89411771297,0.94901967049,0.5607843399,0,1,0,0,106,0,-1
1598,0,0,0,0,0.28235295415,0.58431375027,1,0.10196079314,0.10000000149,0,0,106,0,-1
1599,0,0,0,0,1,0.5607843399,0.19607844949,0.10196079314,0.10000000149,0,0,106,0,-1
1600,0,0,0,0,0.80392163992,0.19607844949,1,0.10196079314,0.10000000149,0,0,106,0,-1
1601,0,0,0,0,1,0.23921570182,0.23529413342,0.10196079314,0.10000000149,0,0,106,0,-1
1602,0,0,0,0,1,0.99607849121,0.23529413342,0.10196079314,0.10000000149,0,0,106,0,-1
1604,0,0,0,1,0.90588241816,0.85490202904,0.1882353127,1,1,0,0,106,0,-1
1608,1,0.5,0.5,0.40000000596,0.92156869173,0.34117648005,1,1,0.69999998808,0,0,106,0,-1
1611,0,0,0,1,0.27843138576,0.501960814,0.15686275065,1,1,0,0,106,0,-1
1612,0,0,0,0.94999998808,0.52156865597,0.83921575546,0.97647064924,1,0.5,0,0,106,0,-1
1613,0,0,0,0.80000001192,0.59215688705,0.17647059262,0.17647059262,1,0.80000001192,0,0,106,0,-1
1616,0.20000000298,0.10000000149,0.10000000149,0.69999998808,0.41568630934,0.88235300779,1,1,0.64999997616,0,0,106,0,-1
1620,0,1,1,1,0,0.7529412508,1,1,1,0,0,106,0,-1
1623,0,0.40000000596,0.10000000149,0.80000001192,0.30980393291,0.95686280727,1,1,0.60000002384,0,0.60000002384,106,0,-1
1624,0,0.5,0.5,0.44999998808,0.65882354975,1,0.20784315467,1,0.75,0,0,106,0,-1
1626,0,0.30000001192,0.30000001192,0.85000002384,0.28235295415,0.01568627544,0.84313732386,0.501960814,0.64999997616,0,0,10255,0,-1
1631,0,0.20000000298,0.30000001192,0.80000001192,1,1,0.51764708757,1,0.69999998808,0,0.15000000596,106,0,-1
1632,0,0,0,2,0.99215692282,0.90980398655,0.45490199327,1,0.69999998808,0,0,106,0,-1
1634,6,1,1,1,1,0.24705883861,0,1,1,0,0,106,0,-1
1637,0,0,0,1,0.97647064924,0.96470594406,0.60000002384,1,1,0,0,106,0,-1
1643,0,0.5,0.5,1.5,1,0.16470588744,0.16470588744,1,1.5,0,0,106,0,-1
1644,1,0,0,2,1,0,0.12156864256,1,1,0,0,106,0,-1
1647,6,1,0,1,1,0.24705883861,0,1,1,0,0,106,0,-1
1648,6,0,1,1,1,0.24705883861,0,1,1,0,0,106,0,-1
1650,0,0,0,1,1,1,1,1,1,0,0,106,0,-1
1651,1,0.25,0.5,0.60000002384,1,0.98823535442,0.501960814,1,0.40000000596,0,0,106,0,-1
1653,0,0,0,0.20000000298,0.92156869173,0.55294120312,0.07058823854,1,1,0,0,106,0,-1
1654,0,0,0,0.40000000596,0.07058823854,0.12941177189,0.73725491762,1,1,0,0,106,0,-1
1655,0,0,0,0.30000001192,0.51764708757,0.90588241816,0.15294118226,1,1,0,0,106,0,-1
1656,0.5,0.25,0.25,0.89999997616,0.18431372941,0.78431379795,0.24705883861,1,1,0,0,106,0,-1
1657,0,0,0,0.85000002384,0.1882353127,0.22745099664,0.49411767721,1,1,0,0,106,2,-1
1660,0,0,0,1,1,0.26274511218,0.20784315467,1,0.69999998808,0,0,106,0,-1
1661,0.25,0.10000000149,0.20000000298,0.60000002384,0,0.27450981736,0.69803923368,1,2,0,0.15000000596,106,0,-1
1662,0,0,0,0,0.87058830261,0.69411766529,0.99215692282,1,0.5,0,0,10476,1,-1
1663,0,0,0,1,0.47450983524,0.38823533058,0.86274516582,0.49803924561,1,0,0,106,0,-1
1664,0,0,0,1,0.48235297203,0.55294120312,0.89019614458,0.55294120312,1,0,0,106,0,-1
1665,1,0,0.85000002384,0.5,0,0.74509805441,0.01960784383,1,1,0,0,106,0,-1
1666,1,0,0.85000002384,0.5,0.69411766529,0.61176472902,0.76862752438,1,1,0,0,106,0,-1
1667,0,0.5,0.5,1.5,0.24313727021,0.63921570778,1,1,1.5,0,0,106,0,-1
1668,0,0.5,0.5,1.5,0,0.80784320831,0.09803922474,1,1.5,0,0,106,0,-1
1669,0,1.5,0.5,0.60000002384,0.250980407,0,0.30588236451,0.85098046064,1,0,0,106,3,-1
1670,1,0,0.85000002384,0.5,0.74509805441,0.11372549832,0,1,1,0,0,106,0,-1
1671,0.15000000596,0.05000000075,0.30000001192,0.60000002384,0.51372551918,0.85098046064,1,1,1.29999995232,8,0.11999999732,10873,1,-1
1672,0,0,0,1,0.13725490868,0.59215688705,0.95686280727,1,0.69999998808,0,0,106,0,-1
1673,0,0.34999999404,0.5,0.5,0.6862745285,0,0,1,1,0,0,106,0,-1
1676,0,0,0,1,1,1,1,1,0.30000001192,0,0,106,0,-1
1679,0,0.34999999404,0.85000002384,0.5,0.99607849121,0.4392157197,1,1,1,0,0,106,0,-1
1685,0,0.34999999404,0.85000002384,0.5,0,0.79607850313,0.04705882818,1,1,0,0,106,0,-1
1688,0.30000001192,0.10000000149,0.40000000596,0.80000001192,0.93725496531,0.6235294342,0.09411765635,1,1,0,0,10984,3,-1
1697,0,0,0,0.89999997616,0.40392160416,0.35686275363,0.93333339691,1,1,0,0,106,0,-1
1701,0,0,0,0.5,0.38431376219,0.36862745881,0.36862745881,1,0.25,0,0,106,0,-1
1702,0,0,0,0.89999997616,1,0.53725492954,0,1,0.69999998808,0,0,106,1,-1
1703,0,0,0,0.69999998808,0.98823535442,1,0.57647061348,1,0.69999998808,0,0,106,0,-1
1708,0,0.05000000075,0.20000000298,0.80000001192,0,0,0,1,1,0,0,106,0,-1
1711,0,1,0,1.29999995232,0.96470594406,0.34901961684,1,1,0.20000000298,0,0,106,0,-1
1712,0,0.25,0.5,0.80000001192,0,0.52549022436,1,1,1,0,0,106,0,-1
1713,0.5,0,0.25,0.80000001192,0,0.50588238239,0.85882359743,1,1,0,0,106,0,-1
1714,1,0.33000001311,0.5,0.80000001192,0.57254904509,0.77647066116,1,1,1,0,0,106,0,-1
1718,1.5,0.25,1,0.89999997616,0.50588238239,0.95294123888,0.91764712334,1,1,0,0,106,0,-1
1719,0,0,0,0.69999998808,0.99607849121,0.23529413342,0.07843137532,1,1,0,0,106,0,-1
1720,1,0.30000001192,0.69999998808,0.89999997616,0.90980398655,0.65490198135,0.95686280727,1,0.60000002384,0,0,106,0,-1
1721,0,0.20000000298,0.20000000298,0.80000001192,0.45490199327,0.87450987101,0.92941182852,1,0.69999998808,0,0,106,0,-1
1722,0,0,0,1.70000004768,0.01568627544,1,0.01568627544,1,1,0,0,106,10,-1
1723,0,0.75,1,1.20000004768,0.15294118226,1,0,1,0.5,0,0,106,0,-1
1724,0.69999998808,0.05000000075,0.20000000298,0.80000001192,0,0.27450981736,0.69803923368,1,2,0,0,106,0,-1
1725,0,0,0,1.75,0.03137255087,0.93333339691,0.12156864256,1,1,0,0,106,0,-1
1727,1.5,0.5,0.5,1.70000004768,0,0.99607849121,0.17647059262,1,1,0,0,106,0,-1
1729,0,0,0,0.5,0.39607846737,0.83921575546,0.99607849121,1,1,0,0,106,0,-1
1736,0,0.25,0.5,1.79999995232,0,0.63921570778,1,0.49803924561,1,0,0,106,0,-1
1738,0,0,0,6,0,0,0,1,1,1,0,106,0,-1
1740,8,0.25,0.5,0.64999997616,1,0.3137255013,0.18431372941,1,0.20000000298,0,0,106,0,-1
1742,1,0.25,0.5,1.79999995232,0,0.63921570778,1,0.49803924561,1,0,0,106,0,-1
1745,0.5,0.10000000149,0.30000001192,1,0,1,0.9411765337,1,2,0,0,106,0,-1
1748,0,0.25,0.25,0.85000002384,1,0.25882354379,0.25882354379,1,0.60000002384,0,0,106,0,-1
1749,0,0.5,1,0.20000000298,0.15686275065,0.07058823854,0.01960784383,0.52941179276,1,0,0,106,0,-1
1750,1,0.5,1,0.69999998808,0.36470589042,0,0.58823531866,1,1,0,0,106,0,-1
1753,0.34999999404,0.10000000149,0.20000000298,0.60000002384,0.99215692282,0.66274511814,0.17254902422,1,2,0,0.15000000596,106,0,-1
1755,0,2,0.40000000596,0.60000002384,0,0.27450981736,0.69803923368,1,2,16,0,11741,0,-1
1756,0,2,0.40000000596,0.60000002384,0.99215692282,0.66274511814,0.17254902422,1,2,16,0,11742,0,-1
1757,0.69999998808,0.05000000075,0.20000000298,0.80000001192,0.99215692282,0.66274511814,0.17254902422,1,2,0,0,106,0,-1
1759,0,5,0,6,0,0,0,1,1,1,0,106,0,-1
1760,0,0.5,0.5,1.5,0.46274513006,0,0.73333334923,1,1.5,0,0,106,0,-1
1761,0,6,0.25,1,0,0.06274510175,1,1,1,0,0,106,0,-1
1762,0.20000000298,0,0.10000000149,0.94999998808,0,0.61568629742,1,0.35294118524,0.40000000596,0,0.15000000596,106,0,-1
1773,0.25,0.10000000149,0.20000000298,0.60000002384,0,0.27450981736,0.69803923368,1,2,0,0.25,106,0,-1
1774,0.25,0.10000000149,0.20000000298,0.60000002384,0.99215692282,0.66274511814,0.17254902422,1,2,0,0.25,106,0,-1
1775,0,0,0,1.70000004768,0,1,0.25882354379,0.49803924561,1,0,0,106,0,-1
1776,1,0,0,1.70000004768,0,1,0.25882354379,0.49803924561,1,0,0,106,0,-1
1777,1,0.20000000298,0.5,0.94999998808,0.59215688705,0.90588241816,1,0.35294118524,0.40000000596,0,0.60000002384,106,0,-1
1781,0,0,0.25,0.34999999404,1,0.4392157197,0,1,0.69999998808,0,0,106,0,-1
1784,1.5,0.25,0.5,0.80000001192,0.38431376219,0.63137257099,0.38039219379,1,0.75,0,0,106,0,-1
1785,1.5,0.5,0.5,1.70000004768,0,1,0.19607844949,1,1,0,0,106,0,-1
1786,0,0,0,1.70000004768,1,0.22745099664,0.04313725606,0.80000007153,1,0,0,106,0,-1
1788,0,0,0,0.89999997616,0,0.67058825493,1,1,1,0,0,106,0,-1
1789,0,0.5,0,0,0.90980398655,0.59607845545,1,1,1,0,0,12094,6,-1
1790,0,0.5,0,0,0.90980398655,0.59607845545,1,1,1,0,0,12095,6,-1
1791,0,1,3,0.69999998808,0.18431372941,0.55686277151,0.89803928137,1,1,0,0,106,0,-1
1793,0,0.25,0.5,0.69999998808,0.06666667014,1,0.1254902035,1,0.60000002384,0,0,106,0,-1
1794,2,1.75,0.30000001192,1,0.05882353336,0.42352944613,0.99215692282,1,0.5,16,0,12139,0,-1
1795,0,0,0,0.89999997616,1,0.60784316063,0.97647064924,1,0.69999998808,0,0,106,0,-1
1796,2,1.75,0.30000001192,1,0.61176472902,0.05882353336,0.99215692282,1,0.5,16,0,12140,0,-1
1797,0.30000001192,0.10000000149,0.30000001192,0.60000002384,0,0.27450981736,0.69803923368,1,2,0,0.15000000596,106,0,-1
1798,0.30000001192,0.10000000149,0.20000000298,0.60000002384,0,0.27450981736,0.69803923368,1,2,0,0.15000000596,106,0,-1
1799,0.30000001192,0.10000000149,0.30000001192,0.60000002384,0.99215692282,0.66274511814,0.17254902422,1,2,0,0.15000000596,106,0,-1
1804,0.25,0.10000000149,0.20000000298,0.60000002384,0.99215692282,0.66274511814,0.17254902422,1,2,0,0.15000000596,106,0,-1
1807,0,0.10000000149,0.40000000596,0.60000002384,0,0.27450981736,0.69803923368,1,2,0,0.15000000596,106,0,-1
1808,0,0.10000000149,0.40000000596,0.60000002384,0.99215692282,0.66274511814,0.17254902422,1,1,0,0.15000000596,106,0,-1
1809,1.10000002384,1.10000002384,0.40000000596,0.60000002384,0,0.27450981736,0.69803923368,1,2,0,0.10000000149,106,0,-1
1810,1.10000002384,1.10000002384,0.40000000596,0.60000002384,0.99215692282,0.66274511814,0.17254902422,1,2,0,0.10000000149,106,0,-1
1811,0.34999999404,0.10000000149,0.30000001192,0.60000002384,0.99215692282,0.66274511814,0.17254902422,1,2,0,0.20000000298,106,0,-1
1813,0,1,0,0.69999998808,0.36470589042,0,0.58823531866,1,1,0,0,106,0,-1
1814,0.25,0.10000000149,0.30000001192,0.60000002384,0,0.27450981736,0.69803923368,1,2,0,0.20000000298,106,0,-1
1816,0.25,0.10000000149,0.20000000298,0.60000002384,0,0.27450981736,0.69803923368,1,2,0,0.20000000298,106,0,-1
1817,0.25,0.10000000149,0.20000000298,0.60000002384,0.99215692282,0.66274511814,0.17254902422,1,2,0,0.20000000298,106,0,-1
1818,0,1,0.40000000596,0.60000002384,0,0.27450981736,0.69803923368,1,2,0,0.25,106,0,-1
1819,0,1,0.40000000596,0.60000002384,0.99215692282,0.66274511814,0.17254902422,1,2,0,0.25,106,0,-1
1823,0.25,0.10000000149,0.20000000298,0.60000002384,0,0.27450981736,0.69803923368,1,2,0,0.05000000075,106,0,-1
1825,0.25,0.10000000149,0.20000000298,0.60000002384,0.99215692282,0.66274511814,0.17254902422,1,2,0,0.05000000075,106,0,-1
1839,0,0,0,0.80000001192,0.38039219379,1,1,1,0.5,0,0,106,0,-1
1845,0.34999999404,0.10000000149,0.20000000298,0.60000002384,0,0.27450981736,0.69803923368,1,2,0,0.25,106,0,-1
1846,0.34999999404,0.10000000149,0.20000000298,0.60000002384,0.99215692282,0.66274511814,0.17254902422,1,2,0,0.25,106,0,-1
1847,0.40000000596,0.10000000149,0.40000000596,0.60000002384,0,0.27450981736,0.69803923368,1,2,0,0.10000000149,106,0,-1
1849,0.40000000596,0.10000000149,0.40000000596,0.60000002384,0.99215692282,0.66274511814,0.17254902422,1,2,0,0.10000000149,106,0,-1
1851,0,0,0,1,0.33333334327,0.99215692282,0.3764706254,1,0.40000000596,0,0,106,0,-1
1852,0,1.5,0.5,1.5,0,0.63921570778,1,0.49803924561,1,0,0,106,0,-1
1854,0.30000001192,0.5,0.20000000298,0.89999997616,0.61176472902,0.93333339691,1,1,0.80000001192,0,0,106,0,-1
1857,0,0,0,0,0,0.47843140364,1,1,8,0,0,106,0,-1
1860,0,0,0,2,0,0.10980392992,0.97254908085,1,1,0,0,106,0,-1
1862,0,0.5,0.5,0.60000002384,0.65882354975,1,0.20784315467,1,0.60000002384,0,0,106,1,-1
1863,0,0.5,0.5,0.89999997616,0.65882354975,1,0.20784315467,1,0.20000000298,0,0,106,0,-1
1864,1,0.30000001192,0.69999998808,1,0,0.61568629742,1,0.51372551918,1,0,0,106,0,-1
1867,0,5,5,0.60000002384,1,0.85098046064,0.14509804547,1,0.60000002384,0,0,106,0,-1
1871,0,0.5,0.5,1.5,1,0.14901961386,0.14901961386,1,1.5,0,0,106,0,-1
1872,0,0.5,0.5,1.5,0.40784317255,0,0.73333334923,1,1.5,0,0,106,0,-1
1873,0,0,0,0.69999998808,0.6235294342,0.87058830261,0.95294123888,1,0.69999998808,0,0,106,0,-1
1879,0.5,0.15000000596,0.34999999404,1.5,0.16862745583,0.79607850313,1,1,1,0,0,106,0,-1
1882,0,0.5,0.5,0.80000001192,0.96862751245,0.6274510026,0.90196084976,0.69803923368,1,0,0,106,0,-1
1893,0,1,1,1.79999995232,1,0.40000003576,0.87058830261,0.49803924561,1,0,0,106,0,-1
1894,0,0,1,1.79999995232,0,0.82745105028,0.87450987101,0.49803924561,1,0,0,106,0,-1
1896,0,3,0.5,0.69999998808,1,0.35294118524,0.16470588744,1,0.80000001192,0,0,106,0,-1
1897,0,0.20000000298,0.5,0.20000000298,0.58823531866,0.60000002384,0.76862752438,1,0.10000000149,0,0,106,0,-1
1902,0.10000000149,0.10000000149,0.20000000298,1.79999995232,1,0.40784317255,0.40000003576,0.49803924561,1,0,0,106,0,-1
1903,0,2,0.15000000596,1,0.40000003576,0.92549026012,1,0.49803924561,1,0,0,12613,0,-1
1906,0,0,0,1,1,0.99607849121,0.3725490272,1,1,0,0,106,0,-1
1907,0,0.25,1,1,0.89803928137,0.36470589042,1,1,1,0,0,106,0,-1
1908,3,3,0,1,1,1,1,1,1,0,0,106,1,-1
1909,1,0,1,1,1,1,1,1,1,0,0,106,1,-1
1910,0,2.25,0.20000000298,0.20000000298,0.18431372941,0.55686277151,0.89803928137,1,1.5,0,0,106,0,-1
1911,0,0.20000000298,0.10000000149,0.69999998808,1,0.38039219379,0.21176472306,1,0.69999998808,0,0,106,0,-1
1912,0,0,0,0.89999997616,0.13725490868,0.8784314394,0.27843138576,1,1,0,0,106,0,-1
1914,0,1,1,1,0.20392158628,0.65098041296,0.95686280727,0.250980407,1,0,0,106,0,-1
1916,0,0.10000000149,0.30000001192,1,0.77254909277,0.23921570182,1,1,1,0,0,106,0,-1
1917,1,0,0.5,2,0,0.90196084976,1,1,1,0,0,106,0,-1
1918,0,0,0,0.89999997616,0.29803922772,0.90588241816,0.83529418707,1,1,0,0,106,0,-1
1919,0,0,0.5,0.69999998808,0.74117648602,0.36078432202,1,1,0.69999998808,0,0,106,0,-1
1920,0,0,0,0.69999998808,0.48235297203,0,0.57647061348,1,0.30000001192,0,0,106,1,-1
1922,0,0,0,0.69999998808,0.65882354975,0.250980407,1,1,0.69999998808,0,0,106,0,-1
1931,0,1,1,1,0.99607849121,1,0.90980398655,1,0.5,0,0,106,0,-1
1932,0,0,7,0.5,0.12156864256,0.94509810209,0.54509806633,1,0.5,0,0,106,0,-1
1933,0,0,7,0.5,0.80784320831,0.26666668057,0.99607849121,1,0.5,0,0,106,0,-1
1934,0,0,7,0.5,0.78431379795,0.00392156886,0.16078431904,1,0.5,0,0,106,0,-1
1935,0,0,7,0.5,0.12156864256,0.57254904509,0.94509810209,1,0.5,0,0,106,0,-1
1939,0,1,0,1,1,1,1,1,0.40000000596,0,0,106,0,-1
1940,0.25,0.20000000298,0.5,0.60000002384,0.29803922772,0.72156864405,0.60000002384,1,0.40000000596,0,0,106,0,-1
1942,0,0.5,0.5,0.89999997616,0.83137261868,0.67450982332,0.19607844949,1,0.5,0,0,106,0,-1
1943,0,0,0,0.89999997616,0.85882359743,0.19215688109,0.19215688109,1,0.69999998808,0,0,106,0,-1
1944,0,0,0,1,0.32941177487,0.99215692282,1,1,1,0,0,106,0,-1
1945,0,0.33000001311,0.33000001311,1,0.82745105028,0.14901961386,0.14901961386,1,0.89999997616,0,0,106,0,-1
1947,0,2,3,0.80000001192,0.96470588446,0.13725490868,0.14509804547,1,1,0,0,106,0,-1
1949,0,2,3,0.80000001192,0.10588234663,0.96470588446,0.02745098062,1,1,0,0,106,0,-1
1952,0,0,0,1,0.40392160416,0.63137257099,0.93725496531,1,1,0,0,106,0,-1
1960,0,0.80000001192,0.80000001192,1,1,0.9411765337,0.01568627544,1,1.20000004768,0,0,106,0,-1
1961,0,0.80000001192,0.80000001192,1,0.01568627544,0.3137255013,1,1,1.20000004768,0,0,106,0,-1
1962,0,0.80000001192,0.80000001192,1,0.66274511814,0.01568627544,1,1,1.20000004768,0,0,106,0,-1
1963,0,0.80000001192,0.80000001192,1,0.09019608051,1,0.01568627544,1,0.5,0,0,106,0,-1
1964,0,0.80000001192,0.80000001192,1,1,0.56862747669,0.01568627544,1,1.20000004768,0,0,106,0,-1
1965,0,0.80000001192,0.80000001192,1,0,0,0,1,1.20000004768,0,0,106,0,-1
1976,3,0.10000000149,0.5,0.80000001192,0.05098039657,0,0.58039218187,1,1.5,0,0,106,1,-1
1986,0,0,0,0.69999998808,1,0.32941177487,0,1,0.69999998808,0,0,106,0,-1
1987,0,0,0,0.69999998808,0.03921568766,0,0.57647061348,1,0.30000001192,0,0,106,1,-1
1989,0,0,0,0.69999998808,1,0.15294118226,0,1,1,0,0,106,0,-1
1992,0,5,0,0.69999998808,1,0.29411765933,0.00784313772,1,0.69999998808,0,0,106,0,-1
1995,0,0.5,0,0.89999997616,0,0,0,1,0.75,0,0,13517,0,-1
1998,0,1,0.5,1,0,0.01176470704,1,0.30196079612,1,0,0,13540,0,-1
1999,2,1,1,0.5,0.22745099664,0.94901967049,1,1,0.5,0,0,106,0,-1
2000,0,0.5,0.5,0.30000001192,0.63529413939,0.07058823854,0.82745105028,1,0.5,0,0,106,0,-1
2002,0,0.20000000298,0.20000000298,0.80000001192,0.69411766529,0,1,1,0.69999998808,0,0,106,0,-1
2003,0,1.5,1.5,1,1,0.501960814,0,0.44705885649,0.20000000298,0,0,106,0,-1
2009,0,0.10000000149,0.20000000298,0.60000002384,0.6274510026,0.40392160416,0.85098046064,1,0.89999997616,0,0,106,0,-1
2015,0,1,0.25,1.89999997616,0,0.1254902035,0.99215692282,1,1,0,0,106,0,-1
2016,0,0,0,0.25,1,0.87058830261,0.14901961386,1,1,0,0,106,20,-1
2018,0,0.5,0.5,1.5,1,0.11372549832,0.11372549832,1,1.5,0,0,106,0,-1
2019,0,0,0.5,0.15000000596,0.95686280727,0.19607844949,0.19607844949,1,0.15000000596,0,0,106,3,-1
2020,0,0.5,0.5,1.5,0.93333339691,0.66274511814,0,1,1.5,0,0,106,0,-1
2023,0,0,0,0,0.04313725606,1,0,1,1,0,0,106,10,-1
2027,0,0,0,0.80000001192,1,0.23921570182,0,1,0.80000001192,0,0,106,0,-1
2028,0,0,0,0.80000001192,0.53333336115,0,1,1,0.80000001192,0,0,106,0,-1
2033,0,0,0,0.80000001192,0.74509805441,0,1,1,0.80000001192,0,0,106,0,-1
2034,0,0.30000001192,0.30000001192,0.5,0.66666668653,0,1,1,0.69999998808,0,0,106,0,-1
2035,0,0.25,0.25,0.60000002384,0.66274511814,0.48235297203,1,1,0.69999998808,0,0,106,10,-1
2037,0,0.5,0.5,5,0.04313725606,0.7529412508,0,1,0.89999997616,0,0,106,0,-1
2038,0,0.30000001192,0.30000001192,0.89999997616,0.10196079314,0.09803922474,0.82745105028,1,0.89999997616,0,0,106,0,-1
2041,0.80000001192,0.25,0.5,1,0,0.76078438759,1,1,0.34999999404,0,0,106,0,-1
2042,0,0,0,1,0.08235294372,0.3764706254,0.51372551918,0.50588238239,1,0,0,13727,5,-1
2043,0,0,0,1,0.08235294372,0.3764706254,0.51372551918,0.50588238239,0.80000001192,0,0,13727,5,-1
2046,0.25,0.10000000149,1,0.69999998808,0.39215689898,0.22352942824,1,1,0.80000001192,0,0,106,0,-1
2050,0,0,0,0.60000002384,0.14901961386,0,0.6274510026,1,1,0,0,106,0,-1
2052,0,0,0,0.30000001192,0.87450987101,0.15294118226,0.15294118226,1,0.89999997616,0,0,106,0,-1
2053,10,3,0,1.60000002384,0.27843138576,0.73725491762,1,1,2,0,0,106,0,-1
2057,0.5,0,0.5,1.60000002384,0.27843138576,0.73725491762,1,1,2,0,0,106,0,-1
2085,0,0,0,1,0.68235296011,0.44313728809,1,1,1,0,0,106,0,-1
2088,0,0.5,0.5,1,0.47058826685,0.13333334029,0.90196084976,1,1,0,0,106,0,-1
2090,0,1,0.5,0.20000000298,0.57647061348,0.87058830261,1,1,1,16,0,106,0,-1
2091,0,1,0.5,0.20000000298,0.07843137532,0,0.65882354975,1,1,0,0,106,0,-1
2093,0,0,0,1,0.73725491762,0,0,1,1,0,0,106,10,-1
2094,14,0.5,0.34999999404,0.69999998808,0.36470589042,0,0.58823531866,1,1,0,0,106,0,-1
2095,0,0.15000000596,0,0.5,0.96862751245,0.92941182852,0.71764707565,1,1,0,0,106,20,-1
2097,0,0.34999999404,0,0.25,0.96862751245,0.92941182852,0.71764707565,1,1,0,0,106,20,-1
2101,1,0.20000000298,0.40000000596,0.5,0.00784313772,0,0.501960814,1,1,0,0,106,0,-1
2106,0,0,0,1,0.41960787773,0.92156869173,1,1,0.69999998808,0,0,106,3,-1
2107,0,0,0,0.80000001192,0.51372551918,0.57254904509,1,1,0.80000001192,0,0,106,6,-1
2108,0.10000000149,0.10000000149,1.5,1.5,0.92941182852,0.34901961684,0.30196079612,1,1.5,0,0,106,0,-1
2110,0,0,0,0.89999997616,0.29019609094,0.47450983524,0.57254904509,1,1,0,0,106,0,-1
2111,1,0,1,1,0.99215692282,1,0.58823531866,1,1,0,0,106,0,-1
2112,0,0.20000000298,1,1,0,0.05098039657,0.42745101452,1,1,0,0,106,0,-1
2113,0,0,0,0.89999997616,0.73333334923,0.73333334923,0.73333334923,1,1,0,0,106,0,-1
2114,1,0.20000000298,0.40000000596,0.5,0,0.69803923368,0.12156864256,1,1,0,0,106,0,-1
2115,0,0.5,0.5,1.5,0.97647064924,0,0,1,1.5,0,0,106,0,-1
2116,0,0.5,0.5,0.94999998808,0.5647059083,0.34509804845,1,1,0.5,0,0,106,0,-1
2117,2,0,1,1,0.66666668653,0.98431378603,1,1,1,0,0,106,0,-1
2118,0,2,1,1,0.66666668653,0.98431378603,1,1,0.66000002623,0,0,106,0,-1
2121,1,0,1,1,0.66666668653,0.98431378603,1,1,1,0,0,106,0,-1
2123,0,0,0,0.75,0.29019609094,0.47450983524,0.57254904509,1,1,0,0,106,0,-1
2138,0,0.34999999404,0.5,0.89999997616,0.27058824897,0.86666673422,1,1,1,0,0,106,20,-1
2139,0,0.10000000149,0.5,0.44999998808,0.15294118226,0.81960791349,1,1,1,0,0,106,0,-1
2140,0.5,0.10000000149,1,0.44999998808,0.40784317255,0.80392163992,1,1,1,0,0,106,20,-1
2141,0,0,0,1,0.91764712334,0.77254909277,0.16862745583,1,1,0,0,106,0,-1
2142,0,0.34999999404,0.5,0.89999997616,0.27058824897,0.86666673422,1,1,1,0,0,106,1,-1
2145,0,2,0.25,1.14999997616,0.49803924561,0.48627454042,0.61176472902,1,1,0,0,14387,5,-1
2146,0,2,0.25,1.14999997616,0.20392158628,0.21960785985,0.86274516582,1,1,0,0,14387,5,-1
2147,0,0,0,0.5,0.64705884457,1,0.3137255013,0.57647061348,0.60000002384,0,0,106,0,-1
2150,0.30000001192,0.10000000149,2,1.20000004768,0.25490197539,0.15686275065,0.6862745285,1,1,0,0,14483,3,-1
2153,2,0.30000001192,4,1,0.15294118226,0.9411765337,0.96862751245,1,1,0,0,106,0,-1
2154,2,0.30000001192,4,1,0.28627452254,0.11372549832,0.88627457619,1,1,0,0,106,0,-1
2155,2,0.30000001192,4,1,0.92156869173,0.29411765933,0.08627451211,1,1,0,0,106,0,-1
2159,1,0.10000000149,1,1,0.97647064924,1,0.70196080208,1,1,0,0,106,0,-1
2162,1,0.30000001192,2,0.60000002384,0.24705883861,0.9411765337,0.96078437567,1,2,0,0,4501,0,-1
2163,0,0.10000000149,0.30000001192,1,0.14509804547,0.98039221764,0.34509804845,1,0.80000001192,0,0,106,0,-1
2166,0,0,0,0.89999997616,0.11372549832,0.13333334029,0.70196080208,1,1,0,0,106,0,-1
2167,0,0.5,1,0.75,0.51764708757,0,0,1,1,0,0,106,0,-1
2168,0,4,4,0.60000002384,0.41960787773,0.92156869173,1,1,1,0,0,106,3,-1
2170,5,0.10000000149,0.30000001192,0.80000001192,0,0.11372549832,1,1,1,0,0,106,0,-1
2171,0,0.25,0.25,0.25,0.42745101452,0.95686280727,0.26274511218,1,0.34999999404,0,0,106,6,-1
2172,0,0.10000000149,0.30000001192,1,1,0.34509804845,0,1,1,0,0,106,0,-1
2173,0,0.5,5,1.5,0.49803924561,0,0.70980393887,1,1.5,0,0,106,0,-1
2174,0,0,0,0.20000000298,0.00392156886,0,0.7529412508,1,0.20000000298,0,0,106,1,-1
2176,0,0.5,0.5,1.5,0.00784313772,0,0.63137257099,1,5,0,0,106,0,-1
2178,0,0,0,0.60000002384,1,0.10980392992,0,1,1,0,0,106,6,-1
2181,0,1,0,0.89999997616,0.89411771297,0.25490197539,0,0.77254909277,1,0,0,106,0,-1
2182,0,0,0,0.15000000596,0.98431378603,0.55294120312,0.13333334029,1,0.15000000596,0,0,106,0,-1
2184,0,0.30000001192,0,1.5,0.05490196496,0,0.30980393291,1,1,0,0,106,0,-1
2187,0,0.20000000298,1,0.55000001192,0.13725490868,0.51764708757,0.91372555494,1,1,0,0,106,20,-1
2191,0,1,1,1,0.67058825493,1,1,1,1,0,0,106,0,-1
2206,1,0.20000000298,0.75,0.60000002384,0.99215692282,0.66274511814,0.17254902422,1,2,0,0.05000000075,106,0,-1
2217,0,0,0,0.89999997616,0.06666667014,0.23921570182,0.50588238239,0.6901960969,1,0,0,106,0,-1
2220,0,0.10000000149,0.10000000149,0.69999998808,0.60784316063,0.97647064924,0.54901963472,1,0.69999998808,0,0,106,0,-1
2221,0,0,0,0,0,0.9411765337,0.55686277151,0.39607846737,0.20000000298,0,0,106,0,-1
2222,0.25,0.20000000298,0.30000001192,0.60000002384,0,0.27450981736,0.69803923368,1,2,0,0.25,106,0,-1
2224,0.25,0.20000000298,0.30000001192,0.60000002384,0.99215692282,0.66274511814,0.17254902422,1,2,0,0.25,106,0,-1
2225,0,0.5,0,0.89999997616,0,0,0,1,0.75,0,0,14735,0,-1
2226,0.30000001192,0.10000000149,0.25,0.69999998808,0.01568627544,0,0.29411765933,1,1,0,0,106,0,-1
2231,0,1.5,0.40000000596,0.60000002384,0,0.27450981736,0.69803923368,1,2,16,0,14741,0,-1
2232,0,2,0.40000000596,0.60000002384,0.99215692282,0.66274511814,0.17254902422,1,2,16,0,14742,0,-1
2233,0,1,1.5,0.60000002384,0,0.27450981736,0.69803923368,1,2,0,0.25,106,0,-1
2234,0.75,0,0.25,0.40000000596,0.63529413939,1,0.30588236451,0,0.69999998808,0,0,106,0,-1
2235,0,1,1.5,0.60000002384,0.99215692282,0.66274511814,0.17254902422,1,2,0,0.25,106,0,-1
2236,0,1.5,0.40000000596,0.60000002384,0,0.27450981736,0.69803923368,1,2,16,0,14743,0,-1
2239,0,2,0.40000000596,0.60000002384,0.99215692282,0.66274511814,0.17254902422,1,2,16,0,14744,0,-1
2240,0,0,0,0.20000000298,0.58431375027,0.16470588744,0.11372549832,1,1,0,0,106,0,-1
2241,1,0.5,0.5,0.69999998808,0.5647059083,0,0.90588241816,1,1.5,0,0,106,0,-1
2242,1,0.5,0.5,0.69999998808,0.09803922474,0,0.72156864405,1,1.5,0,0,106,0,-1
2243,1,0.5,0.5,0.69999998808,0,0.84313732386,0.01176470704,1,1.5,0,0,106,0,-1
2255,2,0,3,1,0.99607849121,0.38431376219,0.38431376219,1,1,0,0,106,0,-1
2265,0,0,1,1,0,0.07058823854,0.43529415131,1,1,16,0,106,0,-1
2266,0,0,1,1.70000004768,0,0.69803923368,0.12156864256,1,1,16,0,106,0,-1
2267,0.5,0.20000000298,0.40000000596,0.5,0,0.69803923368,0.12156864256,1,1,0,0,106,0,-1
2268,0.5,0.20000000298,0.40000000596,1.70000004768,0,0.07843137532,0.43529415131,1,1,0,0,106,0,-1
2269,0,1,0.20000000298,1,1,0,0,1,1,0,0,106,0,-1
2270,0,0.10000000149,0.10000000149,0.89999997616,0.36078432202,0.3725490272,0.81176477671,1,0.69999998808,0,0,106,0,-1
2272,0,0,0,1,0.09019608051,0.81960791349,0.69411766529,1,0.69999998808,0,0,106,0,-1
2274,0.5,0.25,0.25,1.5,0.85882359743,0,0.12156864256,1,1.5,0,0,106,0,-1
2276,3.70000004768,3.70000004768,0.20000000298,1.70000004768,0.09019608051,0.81176477671,0.52156865597,1,1,0,0,106,0,-1
2280,0,0.5,0.5,1.5,0.00784313772,0,0.63137257099,1,1,0,0,106,0,-1
2282,0,1,1,1,0.06274510175,0.41568630934,0.23921570182,0.60784316063,1,0,0,106,0,-1
2283,0.5,0.25,0.25,1.5,0.81960791349,0,0,1,1.5,0,0,106,0,-1
2284,0.5,0.25,0.25,1.5,0,0.74117648602,0.25882354379,1,1.5,0,0,106,0,-1
2285,0,0.5,0.5,0.10000000149,0.00784313772,0,0.63137257099,1,1,0,0,106,0,-1
2286,0.5,0.25,0.25,1.29999995232,0.09019608051,0.81176477671,0.52156865597,1,1,0,0,106,0,-1
2287,0,0.5,1,0.69999998808,1,0.02745098248,0,1,0.60000002384,0,0,106,0,-1
2288,0,1,3,1,0.11764706671,0.63137257099,0.85882359743,0.20000001788,1,0,0,106,0,-1
2289,0,0,0,0.30000001192,0,0.03137255087,0.60392159224,0.97647064924,0.80000001192,0,0,106,0,-1
2290,0.69999998808,0.20000000298,0.40000000596,2,0.23137256503,0.5607843399,1,1,2,0,0,106,2,-1
2291,0,0.20000000298,1,1,0,0.36862745881,0.42745101452,1,1,0,0,106,19,-1
2292,0,0,0,1,0.03921568766,0,0.34901961684,1,1,0,0,106,0,-1
2293,14,0.20000000298,1,1,0.97647064924,0.40784317255,0.05098039657,1,1,0,0,106,6,-1
2296,0,1,1,1,1,0.83921575546,0,1,1.5,0,0,106,0,-1
2297,0,0.20000000298,1,1,0,0.05098039657,0.42745101452,1,1,0,0,106,19,-1
2298,2,0.25,1,0.5,0.87058830261,0.44313728809,0,1,1,0,0,106,1,-1
2301,7,0.20000000298,1,1,0.82352948189,0,0.11764706671,1,1,0,0,106,6,-1
2302,6,0.20000000298,1,1,0.05882353336,0.63137257099,0.90196084976,1,1,0,0,106,6,-1
2307,1,0,0.5,1,0.13725490868,0.87058830261,0.85490202904,1,1,0,0,106,0,-1
2308,2,0.20000000298,1,1,0,0.78431379795,0.91764712334,1,1,0,0,106,0,-1
2311,0,0.5,0.5,0.89999997616,0.54117649794,0.75686281919,0.88235300779,1,0.89999997616,0,0,106,0,-1
2315,0,0.5,0.5,0.89999997616,0.80000007153,0.14901961386,0.09019608051,1,0.89999997616,0,0,106,0,-1
2325,0.75,0.25,0.25,2,0.92941182852,0.09803922474,0.09803922474,1,1,0,0,106,0,-1
2326,11,0.20000000298,1,1,0.66666668653,0.21960785985,0.21960785985,1,1,0,0,106,0,-1
2327,1.70000004768,1,0.20000000298,1,0.76862752438,0.03137255087,0.09019608051,1,1,0,0,106,5,-1
2328,0,0,0,0.89999997616,0.07058823854,0.22745099664,0.70196080208,1,0.89999997616,0,0,106,0,-1
2329,1,0.25,0.5,1.70000004768,1,0.22745099664,0.04313725606,0.80000007153,1,0,0,106,0,-1
2334,0.5,0.05000000075,0.25,1.29999995232,0.03921568766,0.30588236451,0.19607844949,1,1,0,0,106,0,-1
2342,5,0.20000000298,1,1,0,0.79607850313,0.43529415131,1,1,0,0,106,0,-1
2343,0,0.25,1,0.5,1,0,0,1,1,0,0,106,0,-1
2344,0,0,0,1,0.89803928137,0.34509804845,0.07843137532,1,1,0,0,106,0,-1
2345,0.25,0,0.10000000149,1.5,0.31764706969,0.94509810209,1,1,1.5,0,0,106,0,-1
2347,5,3,1,1,0.89019614458,0.05882353336,0.05882353336,1,1,0,0,106,0,-1
2349,0,1,1,1,0,1,0.78431379795,0.250980407,1,0,0,106,0,-1
2354,0,0,0,0.89999997616,0,0.60392159224,0.50588238239,1,1,0,0,106,0,-1
2357,0,1,0,0.89999997616,0.48235297203,0.76470595598,0.76078438759,1,1,0,0.5,106,0,-1
2358,6,0,1.5,0.89999997616,0.48235297203,0.76470595598,0.76078438759,1,1,0,0,106,0,-1
2359,0,0.5,0.5,0,0.55686277151,0.41176474094,0.8156863451,1,0.5,0,0,16272,10,-1
2360,20,1,1,0.99000000954,0.63921570778,0.64705884457,0.34509804845,0.35686275363,0.5,0,0,106,0,-1
2365,1,0.10000000149,0.10000000149,1.10000002384,0.93333339691,0.11372549832,0.08627451211,1,0.5,0,0,106,0,-1
2366,0.30000001192,0.30000001192,0.30000001192,1,0.93333339691,0.11372549832,0.08627451211,1,0.5,0,0,106,0,-1
2372,0.5,0.5,0.25,2,0.09019608051,0.81176477671,0.52156865597,1,1,0,0.15000000596,106,0,-1
2373,0,0.5,0.5,0.89999997616,0.18039216101,0.08235294372,1,1,0.89999997616,0,0,106,0,-1
2374,1,1,0.5,1.20000004768,0.90980398655,0.1254902035,0.08235294372,1,0.5,0,0,106,0,-1
2375,2,0.5,0.5,1.5,1,0.14901961386,0.14901961386,1,0.25,0,0,106,0,-1
2376,0,0,0,0.89999997616,1,0.52156865597,0.97254908085,1,0.60000002384,0,0,106,0,-1
2377,0,0.5,0.5,0.80000001192,0.41176474094,0.87058830261,1,1,0.60000002384,0,0,106,0,-1
2378,0,0.5,0.5,0.80000001192,0.63137257099,0.90588241816,0.76862752438,1,0.60000002384,0,0,106,0,-1
2381,0,0.25,0.25,0.75,1,0.16862745583,0.16862745583,1,0.75,0,0,106,0,-1
2382,3,2,0.20000000298,1,0.74509805441,0.36862745881,0.36862745881,1,0.30000001192,0,0,106,0,-1
2383,2,0.30000001192,0.30000001192,1.21000003815,0.09019608051,0.81176477671,0.52156865597,1,1,0,0,106,0,-1
2384,2,0.30000001192,0.30000001192,1.21000003815,0.81176477671,0.65490198135,0.09019608051,1,1,0,0,106,0,-1
2387,0,0.80000001192,0.80000001192,1,1,0.250980407,0.10196079314,1,0.75,0,0,106,0,-1
2388,0,0.25,0.25,1.5,1,0.20000001788,0.20000001788,1,1.5,0,0,106,0,-1
2394,0,1,1,3,0.40784317255,0,1,1,0.10000000149,0,0,106,0,-1
2398,0,4,0.30000001192,1.10000002384,1,0.16078431904,0,1,1.10000002384,0,0,106,0,-1
2400,0,0.5,1,0.89999997616,0.501960814,0.80392163992,0.79607850313,1,0.5,0,0,106,0,-1
2401,0,0.5,1,0.89999997616,0.25490197539,0.49803924561,0.49019610882,1,0.5,0,0,106,0,-1
2402,0,0.05000000075,0.25,1.29999995232,0.03921568766,0.30588236451,0.19607844949,1,1,0,0,106,0,-1
2404,0,0.125,0,3,1,0.59607845545,0,0.13333334029,0.66000002623,1,0,16441,1,-1
2405,0,0.20000000298,1,1,0.09019608051,0.81176477671,0.52156865597,1,1,0,0,106,0,-1
2408,0.5,0.05000000075,0.20000000298,0.69999998808,0.82745105028,0,0,1,1,0,0.5,106,5,-1
2409,0,0.25,0.25,0.80000001192,0.25490197539,0.88235300779,1,1,0.40000000596,0,0,106,0,-1
2410,0,0,0,0.69999998808,0.29019609094,0.12156864256,0,1,1,0,0,106,0,-1
2415,0,0,0,0.89999997616,0.43137258291,0.75686281919,0.7490196228,1,0.60000002384,0,0,106,0,-1
2416,0.60000002384,0.25,0.5,1.10000002384,1,0.21176472306,0.05490196496,1,0.69999998808,0,0,106,10,-1
2418,0,1,1,0.89999997616,0.16078431904,0.3764706254,0.6901960969,1,0.89999997616,0,0,106,0,-1
2419,0,1,3,1,0.98823535442,1,0.71372550726,0.20000001788,1,0,0,106,0,-1
2420,0,1,1,0.75,1,0,0,1,1,0,0,106,0,-1
2421,0,1,1,0.75,0,0.94509810209,1,1,1,0,0,106,0,-1
2425,0,0,0,0.30000001192,0.20392158628,0.20392158628,0.20392158628,1,1,0,0,106,0,-1
2438,2.5,0.5,0.5,1,0.30980393291,0.3137255013,0.32549020648,1,0.30000001192,0,0,106,6,-1
2442,0,0,0,0.30000001192,1,0.30588236451,0.57647061348,1,1,0,0,106,0,-1
2448,0,0,0,0.30000001192,0.72549021244,0.39215689898,0.8784314394,1,1,0,0,106,0,-1
2450,0,1,1,0.75,0.49019610882,0.97254908085,1,1,1,0,0,106,0,-1
2451,0,0,0,1.5,0.92156869173,0.93725496531,0.39607846737,0.20000001788,1,0,0,106,0,-1
2455,3,2,0.60000002384,1.20000004768,1,0,0,1,1,0,0,106,0,-1
2468,0.25,0.25,2.5,1.25,0.92941182852,0.34901961684,0.30196079612,1,1.5,0,0,106,0,-1
2473,6,0.5,0.5,0.89999997616,1,0.14901961386,0.14901961386,1,0.80000001192,0,0,106,0,-1
2477,0,0,0,0.75,1,1,1,1,1,0,0,106,0,-1
2479,0,0,0,1,1,1,1,1,0.5,0,0,106,6,-1
2483,0,0.25,0.25,1.5,0.97254908085,1,0.3137255013,1,1.5,0,0,106,5,-1
2489,0,0,0,0.85000002384,0.48235297203,0.48235297203,0.48235297203,1,0.75,0,0,106,0,-1
2490,0,0,0,0.85000002384,0.35686275363,0,0,1,0.75,0,0,106,0,-1
2491,0,1,3,1,0.65490198135,0.99215692282,0.96862751245,0.20000001788,0.30000001192,0,0,106,0,-1
2493,0,1,1,0.10000000149,0.34901961684,0.34901961684,0.18039216101,1,1,0,0,106,0,-1
2495,0,1,1,0.69999998808,0.53725492954,0.81176477671,0.79215693474,1,1,0,0,106,0,-1
2503,2,1.5,1,0.89999997616,0.03921568766,0.30588236451,0.19607844949,1,1,0,0,106,0,-1
2506,0.40000000596,0,0.30000001192,0.60000002384,0.50980395079,0.89803928137,0.70196080208,1,1,0,0,106,0,-1
2507,0,0.5,1,1,0.08235294372,0.58431375027,0.40392160416,1,0.30000001192,0,0,106,0,-1
2508,0.40000000596,0.10000000149,0.30000001192,0.60000002384,0.57647061348,0.87058830261,1,1,1,0,0.15000000596,106,0,-1
2509,0.40000000596,0.25,0.25,1.20000004768,0.70588237047,0.40784317255,0.86274516582,0,0.75,0,2,106,0,-1
2510,0,0,0,0.69999998808,0.45098042488,0.7529412508,0.76470595598,1,0.80000001192,0,0,106,0,-1
2511,0,0.5,0.5,1.5,0.95686280727,0.96862751245,0,1,1.5,0,0,106,0,-1
2513,0.40000000596,0.10000000149,0.30000001192,0.40000000596,0.57647061348,0.87058830261,1,1,1,0,0.15000000596,106,0,-1
2514,0,1,1,0.69999998808,0.66274511814,0.90196084976,0.92941182852,1,0.69999998808,0,0,106,0,-1
2515,0.40000000596,0.00999999978,0.00999999978,1.20000004768,0.70588237047,0.40784317255,0.86274516582,0,0.75,0,0,106,0,-1
2528,0.40000000596,0.30000001192,0.30000001192,1.20000004768,0.3725490272,0.78039222956,0.3137255013,1,0.60000002384,0,0.5,106,0,-1
2529,0,0.5,1,1,0.92549026012,0.6862745285,0.30980393291,1,0.30000001192,0,0,106,0,-1
2531,0.10000000149,0.10000000149,0.30000001192,8,0.65490198135,0.93725496531,0.97254908085,1,2.5,1,0,106,0,-1
2532,0,0,0,1,0.40784317255,0.94509810209,1,1,0.30000001192,0,0,106,1,-1
2534,1.5,1.5,0.5,1,0.27450981736,0.1254902035,0.7490196228,1,1,0,0,106,6,-1
2535,15,0.5,0.5,1,0.27058824897,0.86274516582,1,1,1,0,0,106,0,-1
2536,0,1,1,0.60000002384,0.74117648602,0.43137258291,0.43137258291,1,1,0,0,106,0,-1
2538,0,0.5,0.5,1.5,1,0.16078431904,0.16078431904,1,1.5,0,0,106,0,-1
2539,11,3,1,1.5,0.23137256503,0.58039218187,1,1,2,0,0,106,0,-1
2543,1,1,1,0.75,0.29019609094,0.47450983524,0.57254904509,1,1,0,0,106,0,-1
2544,0,1,1,0.20000000298,0,0.3137255013,0.82352948189,1,1,0,0,106,5,-1
2547,0,1,3,1,0,0.14509804547,0.08235294372,0.20000001788,1,0,0,106,0,-1
2549,0,0,0,1.5,0.95294123888,0.96078437567,0.63137257099,0.20000001788,1,0,0,106,0,-1
2550,0,0.5,0.5,1.5,0.98431378603,1,0.12156864256,1,1.5,0,0,106,0,-1
2551,0,1,1,1.5,0.501960814,0.8784314394,0.74509805441,0.11764706671,0.5,0,0,106,0,-1
2554,1,0.5,1,0.89999997616,0.7529412508,0.99215692282,1,1,1,0,0,106,0,-1
2555,0,0,0,0.85000002384,0.95686280727,0.8156863451,0.34901961684,1,1,0,0,106,0,-1
2560,0,1,1,1.5,0,0.78823536634,0.34901961684,1,0.5,0,0,106,0,-1
2561,0,1,1,2,0.24313727021,0.09803922474,0.54901963472,1,1,0,0,106,1,-1
2562,0,1,1,1.5,0.13725490868,0.84705889225,0.5607843399,1,0.5,0,2,106,0,-1
2563,0,0.5,0.5,0.75,0,0.57647061348,0.27450981736,1,1,0,1.10000002384,106,3,-1
2564,8,2,2,0.60000002384,0.24705883861,0.9411765337,0.96078437567,1,2,0,0.5,106,0,-1
2566,0.10000000149,0.10000000149,0.30000001192,8,0.14509804547,0.91764712334,0.98431378603,1,2.5,1,0,106,0,-1
2568,0,1,1,1,0,0.46274513006,0.30196079612,0.23921570182,1,0,0,106,0,-1
2573,1,0,1,1,1,1,1,1,1,0,0,106,0,-1
2574,0,1,2,0.85000002384,0,0.73725491762,0.52941179276,1,1,0,0,106,1,-1
2575,0,1,0,2,0.96470594406,0.97647064924,0.97647064924,1,1,0,0,106,0,-1
2576,0,0,0,1.5,0.97254908085,0.97647064924,0.97647064924,1,1,0,0,106,0,-1
2577,0,0,0,1,0.97647064924,0.98823535442,0.98823535442,1,1,0,0,106,0,-1
2579,25,20,2,1.5,0.97254908085,0.98431378603,0.98431378603,1,1,0,0,106,0,-1
2581,0,0.25,1,0,0.74509805441,0.52156865597,0.15686275065,1,1,0,0,106,0,-1
2582,0,1,1,1,0.20392158628,0.95686280727,0.23921570182,0.250980407,0.5,0,0,106,0,-1
2583,0,3,0.5,1,0.29803922772,0.18039216101,0.67058825493,1,0.75,0,0,106,0,-1
2585,1,0.10000000149,0.5,0.80000001192,0,0.79215693474,0.44705885649,1,0.69999998808,0,0,106,1,-1
2587,0,1,1,2,0.1254902035,0,0.38823533058,1,1,0,0,106,1,-1
2588,0,0,0,1,1,0,0,1,0.5,0,0,106,6,-1
2591,2,2,0.5,1.60000002384,0.04705882818,0.85098046064,0.48627454042,1,1,0,0,106,0,-1
2592,0,0,0,0.69999998808,0.67058825493,0.29411765933,1,1,0.69999998808,0,0,106,0,-1
2595,0,0.5,1,1,0.05098039657,0.3137255013,0.06666667014,1,0.40000000596,0,0,106,0,-1
2598,0,0,0,0.69999998808,0.55686277151,0.14509804547,0.16470588744,1,0.60000002384,0,1,106,0,-1
2599,0,0.5,1,1,0.14509804547,0.85490202904,0.52156865597,1,0.40000000596,0,0,106,0,-1
2601,0,0.10000000149,0.30000001192,1,0.17254902422,0.3764706254,0.47058826685,1,1,0,0,106,0,-1
2607,1,0,3,1,0.72156864405,0,0,1,0.60000002384,0,0,106,0,-1
2610,0,1,1,1,0,1,1,1,1,0,0,106,0,-1
2616,4,0.5,0.5,1,0.82745105028,0.17254902422,0.17254902422,1,1,0,0,106,0,-1
2619,0,0.5,0.5,1.5,0.96078437567,0.09019608051,0.09019608051,1,1.5,0,0,106,0,-1
2620,7,2,2,1,0.72156864405,0,0,1,0.60000002384,0,0,106,0,-1
2621,1,0.40000000596,2,1,0.72156864405,0,0,1,0.40000000596,0,0,106,0,-1
2623,0,1,1,1,1,0.42352944613,0,1,1,0,0,106,0,-1
2624,0,1,1,1,0.6901960969,0,0,1,1,0,0,106,0,-1
2626,0.20000000298,0.10000000149,0.5,1,0.56862747669,0.98039221764,0.99215692282,1,1,0,0,106,20,-1
2627,0.20000000298,0.10000000149,0.30000001192,1,0.55294120312,0.96470594406,1,1,1,0,0,106,0,-1
2628,0,1,1,1.10000002384,0.61960786581,1,0.88627457619,1,0.5,0,0,106,0,-1
2630,1,0.25,0.34999999404,0.75,0.09411765635,0.98039221764,0.69411766529,1,1,0,1,106,0,-1
2631,0,6,1,1.10000002384,0.42352944613,0.8156863451,0.77254909277,1,0.80000001192,0,0,106,0,-1
2632,0,0.10000000149,0.30000001192,0.5,0.49411767721,0,0.01568627544,1,1,0,0,106,0,-1
2633,0,0.5,0.5,0.80000001192,0.27843138576,0.77647066116,1,1,1,0,0,106,2,-1
2634,0,1.5,0.5,0.80000001192,0.27843138576,0.77647066116,1,1,1,0,0,106,2,-1
2636,1,0.25,0.25,0.69999998808,0.34509804845,0.77647066116,0.71764707565,1,1,0,0,106,0,-1
2637,0,1,1,1,0.35294118524,0.33333334327,0.38431376219,1,1,0,0,106,0,-1
2638,0,1,1,1,0.29019609094,0.24705883861,0.35294118524,1,1,0,0,106,0,-1
2642,0,0.20000000298,0.30000001192,0.69999998808,0.36078432202,1,0.47843140364,1,0.69999998808,0,0,106,0,-1
2644,0,0.5,0.5,1.5,0.02352941409,0.85882359743,0.34901961684,1,5,0,0,106,0,-1
2649,0,0.25,0.25,0.5,0,1,0.99607849121,1,1,0,0,106,1,-1
2652,0,0.25,0.25,0.5,1,0,0.15686275065,1,1,0,0,106,1,-1
2653,0,0.30000001192,2,0.60000002384,0.68235296011,0.24705883861,0.96078437567,1,1,0,0,106,0,-1
2654,0,0.25,0.5,0.69999998808,0,0.40784317255,0.61176472902,1,0.80000001192,0,0,106,0,-1
2656,0,0.10000000149,0.30000001192,1,0,0.80000007153,0.8156863451,1,0.40000000596,0,0,106,0,-1
2657,0,0,0,0.69999998808,0.35294118524,0.14509804547,0.55686277151,1,0.60000002384,0,1,106,0,-1
2661,0,2,0.75,0.89999997616,0.09019608051,0.81176477671,0.52156865597,1,1,0,0,106,0,-1
2662,0,1.70000004768,0.75,0.89999997616,0.09019608051,0.81176477671,0.52156865597,1,1,0,0,106,0,-1
2663,0,2,2,0.60000002384,0.41960787773,0.92156869173,1,1,1,0,0,106,3,-1
2664,0,1,1,1.79999995232,0,0.7490196228,0.31764706969,1,0.5,0,0,106,0,-1
2665,0,1,1,1.20000004768,0.46274513006,1,0.99607849121,1,0.60000002384,0,0,106,0,-1
2666,0,1,1,1.20000004768,0,0.53725492954,1,1,0.80000001192,0,0,106,0,-1
2667,0,1,1,1.20000004768,0.66274511814,0,0.02352941409,1,0.5,0,0,106,0,-1
2669,0,0,0,0.60000002384,0.24705883861,0.9411765337,0.96078437567,1,2,0,0,106,0,-1
2671,0.5,0.30000001192,0.30000001192,1.20000004768,0.91372555494,0.92156869173,0.09803922474,1,1,0,0,106,0,-1
2672,6,0.5,0.5,0.89999997616,1,0.22352942824,0.14901961386,1,0.80000001192,0,0,106,0,-1
2673,0.5,0.20000000298,0.25,1.5,0.09019608051,0.81176477671,0.52156865597,1,1,0,0.15000000596,106,0,-1
2674,0,0,0,0,1,0,0,1,0.10000000149,0,0,106,6,-1
2676,0,0.10000000149,0.25,0.64999997616,0,0.24313727021,0.46274513006,1,0.80000001192,0,0,106,0,-1
2678,0,1,0.34999999404,0.80000001192,0,0.52156865597,1,1,1,0,0,106,3,-1
2679,0,1,1,0.69999998808,0.57647061348,1,0.54901963472,1,0.69999998808,0,0,106,0,-1
2680,0.10000000149,0.10000000149,0.30000001192,1,0.95294123888,0.07450980693,0.07450980693,1,1,0,0,106,0,-1
2681,0.10000000149,0.10000000149,0.30000001192,1,0.64313727617,0.04705882818,0.04705882818,1,1,0,0,106,0,-1
2682,0,1,1,1,0.76078438759,0.10588236153,0.10588236153,1,1,0,0,106,0,-1
2683,0,0.30000001192,0.5,0.69999998808,0.7529412508,0.13725490868,0.13725490868,1,1,0,0.20000000298,106,3,-1
2688,0.10000000149,0.10000000149,0.30000001192,1,0.66274511814,0.33725491166,0.33725491166,1,1,1,0,106,0,-1
2689,0,1,1,0.94999998808,0.02745098248,1,0.67058825493,1,1,0,0,106,0,-1
2690,0,0.10000000149,0.30000001192,0.80000001192,0.89411771297,0.21568629146,0,1,1,0,0,106,0,-1
2692,6,0.5,0.5,0.89999997616,0.14901961386,0.8784314394,1,1,0.80000001192,0,0,106,0,-1
2693,0,0,0,0.75,1,0.83137261868,0.20392158628,1,1,0,0,106,0,-1
2694,0,0.125,3,1.5,0.12156864256,0.87450987101,0.61960786581,1,1,0,0,106,0,-1
2695,16,0.5,0.5,1,0.69411766529,0.14901961386,0.19607844949,1,1,0,0.25,106,0,-1
2696,0,0.30000001192,0,0.89999997616,0.06666667014,0.24705883861,0.27843138576,1,0.89999997616,0,0,106,0,-1
2697,0.10000000149,0.10000000149,0.20000000298,1,0.84313732386,0.13333334029,0.13333334029,1,1,0,0,106,0,-1
2698,0,1,1,0.5,0.78039222956,0.40000003576,0.34901961684,1,0.5,0,0,106,0,-1
2699,0,0.25,1,0.5,0,0.88235300779,1,1,1,0,0,106,0,-1
2702,0.10000000149,0.10000000149,0.30000001192,1,0.66274511814,0.33725491166,0.33725491166,1,1,0,0,106,0,-1
2704,0.5,0.30000001192,0.30000001192,1.20000004768,0.16470588744,0.87450987101,0.16078431904,1,1,0,0,106,0,-1
2705,1,0.30000001192,0.30000001192,1.20000004768,0.16470588744,0.87450987101,0.16078431904,1,1,0,0,106,0,-1
2707,0,1,1,1.5,0.13725490868,0.84705889225,0.5607843399,1,0.5,0,0,106,0,-1
2708,0,0,0,0.69999998808,0.15686275065,0.15686275065,0.01176470704,1,0.60000002384,0,1,106,0,-1
2709,0,0.25,1,1.5,1,0,0,1,1,0,0,106,0,-1
2711,6,0.5,0.5,0.89999997616,0.06274510175,0.93725496531,0.71372550726,1,0.80000001192,0,0,106,0,-1
2712,0,0.5,1,0.80000001192,1,0.02745098248,0,1,0.5,0,0,106,0,-1
2714,20,0.5,0.5,0.89999997616,0.06274510175,0.93725496531,0.71372550726,1,0.80000001192,0,0,106,0,-1
2716,3,0.05000000075,3,1.29999995232,0.03921568766,0.30588236451,0.19607844949,1,1,0,0,106,0,-1
2717,1,0.05000000075,1,1.29999995232,0.03921568766,0.30588236451,0.19607844949,1,1,0,0,106,0,-1
2718,4.25,1,0.25,1.29999995232,0.03921568766,0.30588236451,0.19607844949,1,1,0,0,106,0,-1
2721,0,0.5,0.5,0.89999997616,1,0.14901961386,0.14901961386,1,0.80000001192,0,0,106,0,-1
2722,3,0.5,0.5,0.89999997616,1,0.14901961386,0.14901961386,1,0.89999997616,0,0,106,0,-1
2723,0.5,0.25,0.25,1.60000002384,0.72941178083,0.72941178083,0.72941178083,1,1,0,0,106,0,-1
2725,2,0.10000000149,2,1.29999995232,0,0.39607846737,0.45490199327,1,1,0,0,106,1,-1
2726,0,1,1,0.89999997616,0.501960814,0.88627457619,1,1,1,0,0,106,0,-1
2727,0,0.10000000149,1,0.69999998808,0.35294118524,0.23921570182,0.46274513006,1,0.60000002384,0,0,106,6,-1
2729,180,0,0,0,1,0.25882354379,0.25882354379,0.58431375027,0.15000000596,8,0,106,0,-1
2731,0,0.10000000149,0.10000000149,0.60000002384,0.63529413939,0.82745105028,1,1,0.69999998808,0,0,106,0,-1
2732,0.64999997616,0.25,0,0.25,0,0.27843138576,1,1,1,0,0,106,5,-1
2733,0.5,0,0,0.85000002384,0,0.77254909277,1,1,1,0,0.64999997616,106,5,-1
2735,0,0,0.5,0.5,0,0.77254909277,1,1,1,0,0,106,5,-1
2737,0.5,0,0.40000000596,1,1,0,0,1,1,0,0,106,0,-1
2743,0,9,0.10000000149,0.80000001192,0.57647061348,0.17647059262,0.09411765635,1,0.5,0,0,106,0,-1
2745,2,1.70000004768,1,0.30000001192,0.52549022436,0.66274511814,0.6862745285,1,1,0,0,106,0,-1
2746,0,0,0,0.85000002384,1,0,0,1,0.25,0,0,106,0,-1
2747,0,3,0,0.80000001192,0.26274511218,0.52941179276,0.46666669846,1,1,0,0,106,0,-1
2748,0,0,0,1,0.53333336115,0.16470588744,0.16470588744,1,0.5,0,0,106,1,-1
2749,4,4,0.34999999404,1,0.40784317255,0.11372549832,0.72941178083,1,1.5,0,0,106,0,-1
2750,4,4,0.34999999404,1.25,0.72941178083,0.11372549832,0.14509804547,1,0.75,0,0,106,0,-1
2751,4,4,0.34999999404,1.25,0.14509804547,0.78039222956,0.61568629742,1,0.75,0,0,106,0,-1
2752,0,0.5,3,0.75,0.23529413342,0.18431372941,0.35686275363,1,1,0,0,106,3,-1
2762,1,0.25,0.75,0.60000002384,0.40392160416,0.80392163992,0.92549026012,1,0.69999998808,0,0,106,0,-1
2763,4,0,0,0.5,0.501960814,0,0,1,0.60000002384,0,0,106,0,-1
2766,0,0,0,1,0,1,0.94509810209,1,1,0,0,106,0,-1
2772,4,0,0,0.5,0.49411767721,0,0.07843137532,1,0.60000002384,0,0,106,0,-1
2773,1,0.5,0.5,1,0.41568630934,0.39215689898,0.39215689898,1,1,0,0,106,0,-1
2781,0.5,0.25,0,0.10000000149,0,0,0,1,1,0,0,106,2,-1
2782,0.5,0,0.25,0.5,0,0,0,1,1,0,0.75,106,1,-1
2783,0,0.25,1,0.80000001192,0,0.72941178083,0.47450983524,1,1,0,1.20000004768,106,0,-1
2784,0,0.5,0.5,0.69999998808,1,0.20392158628,0.20392158628,1,0.5,0,0,106,0,-1
2786,0.5,0.25,0.25,2,0.35294118524,0.96078437567,1,1,2,0,0,106,0,-1
2788,1,0.20000000298,1,0.80000001192,0,0.85490202904,0.52941179276,1,1,0,0,106,4,-1
2791,0,1,1,0.69999998808,0.78823536634,0.33333334327,0.33333334327,1,1,0,0,106,0,-1
2795,6,0.5,0.5,0.89999997616,0.11764706671,0.95686280727,0.70196080208,1,0.80000001192,0,0,106,0,-1
2796,0,5,1,0.75,0.58823531866,0.95294123888,1,1,1,0,0,106,0,-1
2797,0,0.25,0.25,1,0.81960791349,0,0,1,1,0,0,106,0,-1
2798,0,1,1,0.69999998808,0.09019608051,0.81176477671,0.52156865597,1,1,0,0,106,0,-1
2802,0,1,1,0.75,0.59607845545,0.98431378603,1,1,1,0,0,106,0,-1
2804,0,0.25,0.10000000149,0.60000002384,0,0.89803928137,0.65490198135,1,0.69999998808,0,0,106,0,-1
2807,0.5,0.10000000149,0.25,0.80000001192,0,0.73333334923,0.91764712334,1,1,0,0,106,3,-1
2809,0,1,1,0.69999998808,0.76470595598,0.23921570182,0.23921570182,1,1,0,0,106,0,-1
2810,0,0.15000000596,0.5,0.5,0.47843140364,0.86274516582,1,1,1,0,0,106,4,-1
2815,12,1.5,1.5,0.75,0.86274516582,0.34509804845,0.15686275065,1,1,0,0,106,0,-1
2816,0,0.5,0.5,0.89999997616,1,1,1,1,1,0,0,106,10,-1
2818,0,1,0.40000000596,1,0,1,0.30196079612,1,1.20000004768,0,0,106,0,-1
2821,0,8,0.30000001192,0.69999998808,0.97254908085,0.36470589042,0.36470589042,1,0.69999998808,0,0,106,0,-1
2824,0,0,0,0.69999998808,0,0.6901960969,0.01176470704,1,0.60000002384,0,0,106,0,-1
2826,0,0,0,0.5,0.05490196496,0.04313725606,0.06666667014,1,1,0,0,106,0,-1
2827,0.34999999404,0.05000000075,0.30000001192,1.10000002384,0.04705882818,1,0,1,0.89999997616,0,0,106,0,-1
2828,0,1,1,1,0.05882353336,0.85098046064,0.57647061348,0.23921570182,1,0,0,106,0,-1
2829,0,0.5,0.15000000596,0.75,0.81960791349,0,0,1,1,0,0,106,4,-1
2831,0,0.25,0.5,0.80000001192,0,0.81176477671,1,1,1,0,0,106,4,-1
2834,0,0,0,2,1,0,0,1,0.60000002384,0,0,106,5,-1
2837,0,4,1,0.75,0.43137258291,0.96862751245,1,1,1,0,0,106,0,-1
2838,0,0.5,0.5,1,1,0.13333334029,0.13333334029,1,1,0,0,106,0,-1
2839,0,0,0,0.80000001192,0.63137257099,0.85882359743,0.96862751245,1,0.5,0,0,106,0,-1
2842,0.10000000149,0.20000000298,0.5,1,1,0.3764706254,0,1,0.69999998808,0,0,106,0,-1
2843,0,0,0,0.5,1,1,1,1,1,0,0,106,0,-1
2849,0,0.5,0.5,1.5,0.3764706254,0.82745105028,0.91372555494,1,3,0,0,106,0,-1
2850,0,1.79999995232,0.25,0.69999998808,0.03921568766,0.30588236451,0.19607844949,1,1,0,0,106,0,-1
2852,1,0.20000000298,0.20000000298,0.69999998808,0.90980398655,0.11372549832,0.11372549832,1,1,0,0,106,0,-1
2854,0,0,0,0,0,0,0,1,1,0,0,106,0,-1
2855,0,0,0,0.60000002384,0.02352941409,0.02352941409,0.02352941409,1,1.5,0,0,106,0,-1
2856,0,0.5,0.5,1,1,0.20784315467,0.20784315467,1,1,0,0,106,0,-1
2858,0,0,0,0.69999998808,0.34901961684,0.77254909277,0.67058825493,1,0.69999998808,0,0,106,0,-1
2859,0,0,0,1,0.86666673422,0.13333334029,0.13333334029,1,0.5,0,0,106,0,-1
2861,2.5,2.5,0.5,1.5,1,0,0,1,1,0,0,20946,0,-1
2862,1,0.10000000149,1.5,1.5,0.65490198135,0,0,1,1,0,0,106,0,-1
2864,3,0.5,0.5,1,1,1,1,1,2,0,0,106,0,-1
2865,0,1,1,0.75,0.42352944613,0.98823535442,1,1,1,0,0,106,0,-1
2867,0.5,0.5,0.25,0.69999998808,1,0,0,1,1,0,0,106,0,-1
2868,0.5,0.25,0.25,0.75,0.41960787773,0.96470594406,1,1,1,0,0,106,0,-1
2869,11,3,1,1,0.03921568766,0.46274513006,0.41176474094,1,1,0,0,106,1,-1
2870,2.5,2,0.5,0.69999998808,0.27058824897,0.80000007153,0.78823536634,1,1,0,0,106,6,-1
2871,0,0,0,0.80000001192,0.70980393887,0.06274510175,0.06274510175,1,1,0,0,106,0,-1
2875,0,0.5,0.5,0.60000002384,0.78039222956,0.11372549832,0.10196079314,1,0.80000001192,0,0,106,0,-1
2876,0,0.5,0.5,1,0.96470594406,1,0.32156863809,1,1,0,0,106,0,-1
2877,12,0.5,0.5,0.89999997616,1,0.14901961386,0.14901961386,1,1,0,0,106,0,-1
2879,0.20000000298,0.10000000149,0.30000001192,0.69999998808,0.23921570182,0.7490196228,0.89803928137,1,1.20000004768,0,0,106,0,-1
2881,0,0,0,0.60000002384,1,1,1,1,0.60000002384,0,0,106,0,-1
2883,1.89999997616,0.5,0.10000000149,0.64999997616,0.86274516582,1,0.36078432202,1,1.5,0,0,106,0,-1
2884,0.5,0.25,0.25,1,0.58823531866,0.47058826685,0,1,1,0,0,106,0,-1
2886,0,0.10000000149,0.10000000149,0.69999998808,0.73333334923,0.99215692282,0.56862747669,1,0.69999998808,0,0,106,0,-1
2887,5,0.5,0.5,1,0.60000002384,0.91764712334,0.09411765635,1,1,0,0,106,0,-1
2888,2,0.20000000298,0.20000000298,0.69999998808,0.90980398655,0.11372549832,0.11372549832,1,1,0,0,106,0,-1
2889,0.25,0,0.10000000149,0.5,0,0.58823531866,0.63921570778,1,0.5,0,0,106,0,-1
2890,0,0,0,1,0.34117648005,0.71372550726,0.23137256503,1,1,0,0,106,0,-1
2891,0,0,0,1,1,0.63137257099,0,1,0.5,0,0,106,6,-1
2892,0,1,2,1,0.72156864405,0,0,1,0.40000000596,0,0,106,0,-1
2893,2,0.5,0.5,0.60000002384,0.41568630934,0.88235300779,0.27843138576,1,1,0,0,106,0,-1
2896,0,1,0.10000000149,1.5,1,0,0,1,1,0,0,21121,0,-1
2897,0,0,1,0.85000002384,0.95686280727,0.8156863451,0.34901961684,1,1,0,0,106,0,-1
2898,0,2,0,0.85000002384,0.95686280727,0.8156863451,0.34901961684,1,1,0,0,106,0,-1
2899,20,0.25,0.5,1.10000002384,1,0.21176472306,0.05490196496,1,0.69999998808,0,0,106,10,-1
2901,0.34999999404,0.30000001192,1,1.25,0.91764712334,0.05882353336,0.05882353336,1,1,0,0,106,0,-1
2902,0,5,0.5,0.69999998808,0.81176477671,0.17254902422,0.12941177189,1,0.60000002384,0,1,106,0,-1
2903,0,0.25,1,1.5,0.86274516582,0.09803922474,0.09803922474,1,1,0,0,106,0,-1
2904,0,3,0.25,1.5,0.97254908085,0.05098039657,0.05098039657,1,1,0,0,106,6,-1
2905,28,1,1,1.20000004768,0.59215688705,0.14117647707,0.14117647707,1,1,0,0,106,0,-1
2907,0.5,0.25,0.5,0.69999998808,0.51372551918,0.99215692282,0.9411765337,0,0.69999998808,0,0,106,0,-1
2909,0,1,1,1.10000002384,1,0.7490196228,0.36862745881,1,0.89999997616,0,0,106,0,-1
2910,0,5,0,0.75,0.45098042488,0.96862751245,1,1,1,0,0,106,0,-1
2911,6,0,1,0.75,0.45098042488,0.96862751245,1,1,1,8,0,106,0,-1
2912,1,0.20000000298,0.40000000596,0.60000002384,0.97647064924,0.95686280727,0.95686280727,1,0.80000001192,0,0,106,0,-1
2913,1,0.20000000298,0.40000000596,0.60000002384,0.97647064924,0.95686280727,0.95686280727,1,0.80000001192,0,0.30000001192,106,0,-1
2915,0,0.20000000298,0.40000000596,0.60000002384,0.59215688705,0.36862745881,0.80784320831,1,0.69999998808,0,0,106,0,-1
2916,5,0,5,0.5,0.97254908085,1,0.83137261868,1,1,2,0,106,0,-1
2917,0,0,0,0.5,0.501960814,0,0,1,0.60000002384,0,0,106,0,-1
2919,1,0.20000000298,0.40000000596,0.60000002384,0.40784317255,0.91372555494,0.83529418707,1,0.60000002384,0,0,106,0,-1
2920,1.5,0.5,0.25,0.40000000596,0.96470594406,0.21568629146,0.15294118226,0,0.69999998808,0,0,106,0,-1
2921,1,0,0.5,0.80000001192,0.61960786581,1,0.99215692282,1,0.75,0,0,106,0,-1
2922,0,0,0,1,0.6901960969,0.98431378603,0.38823533058,1,1,0,0,106,0,-1
2924,2,1,1,1.5,0.23137256503,0.58039218187,1,1,2,0,0,106,0,-1
2928,0,0.25,0.5,0.89999997616,0.95686280727,0.8156863451,0.34901961684,1,0.69999998808,0,0,106,0,-1
2929,0,0.25,0.5,0.89999997616,0.65490198135,0.34901961684,0.95686280727,1,0.69999998808,0,0,106,0,-1
2930,0,0,0,1,0.93333339691,0.8784314394,0.24705883861,1,1,0,0,106,0,-1
2931,0,0,0,1,0.98431378603,0.72156864405,0,1,0.60000002384,0,0,106,0,-1
2933,0,0,0,1,0.89411771297,0.01176470704,0,1,0.60000002384,0,0,106,0,-1
2934,0,0,0,1,0.82352948189,0,0,1,0.60000002384,0,0,106,0,-1
2935,0,0.80000001192,0.80000001192,1,0.07843137532,0.78823536634,0.33725491166,1,2,0,0,106,0,-1
2936,2,0.20000000298,0.40000000596,0.60000002384,0.59215688705,0.36862745881,0.80784320831,1,0.69999998808,0,0,106,0,-1
2941,0,0.69999998808,1,1,0.1254902035,0.57254904509,0.41176474094,1,0.40000000596,0,0,106,0,-1
2943,0,0,0,1,0.10196079314,1,0.49803924561,1,3,0,0,106,0,-1
2946,6,0.20000000298,0.20000000298,0.60000002384,0.22352942824,0.67843139172,0.07058823854,1,1,0,0,106,0,-1
2952,0,0.5,0.5,0.30000001192,0.99215692282,0.26274511218,0.30588236451,1,0.30000001192,0,0,106,6,-1
2955,0,0.5,0.25,0.5,0.19215688109,0,0.52549022436,1,0.89999997616,0,0,106,6,-1
2956,0,1,2,0.5,1,1,1,1,1,0,0,106,0,-1
2959,0,0,0,1,0.16862745583,0.97647064924,0.77254909277,1,0.60000002384,0,0,106,0,-1
2961,0.30000001192,0.10000000149,0,0.60000002384,0.19607844949,0.91764712334,0.36078432202,1,0.60000002384,0,0.10000000149,106,0,-1
2963,0.30000001192,0.10000000149,0,0.69999998808,0.67058825493,0.29411765933,1,1,0.69999998808,0,0.5,106,0,-1
2964,0.30000001192,0.10000000149,0.10000000149,0.69999998808,1,0.20392158628,0.20392158628,1,0.5,0,1,106,0,-1
2965,0,0,0,1,0,1,0.92549026012,1,0.30000001192,0,0,106,0,-1
2966,0,0,0,1,0.35294118524,1,0.95294123888,1,1.5,0,0,106,0,-1
2968,0,0.5,0.5,0.5,0.97254908085,0.04313725606,0.04313725606,1,0.5,0,0,106,6,-1
2970,0.40000000596,0.10000000149,0.30000001192,0.60000002384,0.50980395079,0.89803928137,0.70196080208,1,1,0,0.15000000596,106,0,-1
2972,0,0,0,1,0.98823535442,0.23921570182,0,1,0.60000002384,0,0,106,0,-1
2973,0,0.5,0.5,0.40000000596,0.15294118226,0.60392159224,0.96470594406,0,0.20000000298,0,0,106,0,-1
2974,1,0.5,0.5,0.75,0.93725496531,0.07450980693,0.07450980693,1,1,0,0,106,0,-1
2975,0,0.5,0.5,2,1,1,1,1,0.5,0,0,106,6,-1
2976,0.60000002384,0,0.20000000298,0.89999997616,0.61568629742,0.81176477671,1,1,1.5,0,0,106,0,-1
2980,5,5,0.34999999404,1,0.40784317255,0.11372549832,0.72941178083,1,1.5,0,0,106,0,-1
2981,5,5,0.34999999404,0.85000002384,0.14509804547,0.78039222956,0.61568629742,1,0.75,0,0,106,0,-1
2982,5,5,0.34999999404,1.25,0.72941178083,0.11372549832,0.14509804547,1,0.75,0,0,106,0,-1
2985,0,0.5,0,1,0.72156864405,0,0,1,0.40000000596,0,0,106,0,-1
2987,0,0,0,0.89999997616,1,0.44313728809,0.44313728809,1,1,0,0,106,0,-1
2989,1.5,0.5,0,0.89999997616,0.61568629742,0.81176477671,1,1,1.5,0,0,106,0,-1
2994,0,0,0,0.20000000298,0.07058823854,0.92156869173,0.64705884457,1,1,0,0,106,0,-1
2995,0,0.10000000149,0.10000000149,0.60000002384,0.75686281919,0,0.03529411927,1,0.69999998808,0,0,106,0,-1
2998,0,0,0,1,0.36862745881,1,0.81176477671,1,1,1,0,106,0,-1
3003,2.5,2,1,0.75,0.42745101452,0.92549026012,1,1,1,0,0,106,0,-1
3005,1.5,1,0.5,0.75,0.38039219379,0.93333339691,1,1,1,0,0,106,0,-1
3012,1,0.20000000298,0.20000000298,0.60000002384,0.98039221764,0.97647064924,0.97647064924,1,1,0,0,106,0,-1
3013,0,1,1,1,0.21176472306,0.98431378603,0.89411771297,0.23921570182,1,0,0,106,0,-1
3015,0,0,0,0.75,0,0.16078431904,0.43137258291,1,1,0,0,106,0,-1
3016,5,1,1,1,0.51764708757,0.92156869173,0.96470594406,1,1,0,0,106,1,-1
3021,0.25,0.05000000075,0.20000000298,0.80000001192,0.38039219379,0.01568627544,0.61176472902,1,2,0,0.20000000298,106,0,-1
3024,1,0.75,0.75,1.29999995232,0.03921568766,0.30588236451,0.19607844949,1,1,0,0,106,0,-1
3025,0,0.25,0.5,0.60000002384,1,1,1,1,0.60000002384,0,0,106,0,-1
3027,0.5,0.5,0.5,1,1,1,1,1,1,0,0,106,0,-1
3030,0,0,0,1,1,0.44705885649,0.02745098248,1,1,0,0,106,0,-1
3037,11,4,1,0.75,0.36470589042,0.89411771297,1,1,1,0,0,106,0,-1
3038,0,0,0,1,0.84313732386,0.98823535442,0.98823535442,1,1,0,0,106,0,-1
3040,0,0,0,0.5,1,1,1,1,1,0,0,106,6,-1
3041,1.25,0.75,0.25,0.40000000596,0.80392163992,0.03529411927,0,1,0.5,0,0.5,106,0,-1
3042,0,1,1,0.80000001192,0.49411767721,0,0,1,1,0,0,106,0,-1
3043,0,0.25,1,1.5,0.20784315467,0,0.54117649794,1,1,0,0,106,3,-1
3044,0,0.25,1,1.5,0.66274511814,0.20000001788,0,1,1,0,0,106,3,-1
3045,0,0.25,1,1.5,0.63529413939,0.89411771297,0.99215692282,1,1,0,0,106,3,-1
3047,0,0.25,0.25,0.60000002384,0.70588237047,0,0,1,0.60000002384,0,0,106,0,-1
3048,0,0.25,0.25,0.5,0.72941178083,0.72941178083,0.72941178083,1,0.30000001192,0,0,106,5,-1
3049,0,0.25,0.5,0.60000002384,0.75686281919,0,0,1,0.60000002384,0,0,106,0,-1
3051,0,0,0,1,0.16470588744,0.6274510026,0.28235295415,1,1,0,0,106,0,-1
3052,0,0,0,1,0.14117647707,0.92549026012,0.90980398655,1,1,0,0,106,0,-1
3053,0,0,1,1.5,0.78039222956,0.77647066116,0.47450983524,1,0.40000000596,0,0,106,0,-1
3054,0.5,0.20000000298,0.20000000298,0.80000001192,0.00392156886,0.80000007153,0.1254902035,1,0.80000001192,0,0,106,0,-1
3055,3,0.10000000149,0.20000000298,0.60000002384,0.51372551918,0.17254902422,0.67058825493,1,1,0,0,106,0,-1
3057,0,0,0,0.40000000596,0.501960814,0.501960814,0.501960814,1,1,0,0,106,0,-1
3058,0,1,1,1,0.21176472306,0.98431378603,0.78431379795,0.23921570182,1,0,0,106,0,-1
3061,0,0.5,0.5,0.20000000298,0.82745105028,0.44313728809,0.44313728809,1,0.10000000149,0,0,106,0,-1
3062,0,0.5,0,0.30000001192,0.40784317255,0.42745101452,0.73725491762,1,0.30000001192,0,0,106,0,-1
3066,5,0,0,0.80000001192,0.09411765635,1,0.98431378603,1,1,0,0,106,10,-1
3071,3,3,0.10000000149,1,0.24313727021,0.01176470704,0.47450983524,1,1.5,0,0,106,10,-1
3072,3,0.20000000298,0,1,0.35686275363,0.16862745583,0.3725490272,1,1,0,0,106,6,-1
3073,3,0.20000000298,0,1,0.10980392992,0.38823533058,0.28627452254,1,1,0,0,106,6,-1
3074,0.30000001192,0.20000000298,0.5,0.80000001192,0.61960786581,0,0,1,1,0,0,106,0,-1
3077,3,0.60000002384,0.60000002384,0.60000002384,0.72941178083,0.44705885649,0.92941182852,1,0.40000000596,0,0,106,0,-1
3079,5,0.75,0.75,0.60000002384,0.9411765337,0.89803928137,0.89803928137,1,0.69999998808,0,0,106,0,-1
3083,0,0,0,0.89999997616,0,1,0.73725491762,1,1,0,0,106,0,-1
3088,0.15000000596,0.10000000149,0.5,1.5,0.85098046064,0.01960784383,0,1,2,0,0,106,0,-1
3089,0.25,0.10000000149,0.5,1.5,0,0.68235296011,0.15686275065,1,1.25,0,0.5,106,0,-1
3090,0.25,0.10000000149,0.5,1.5,0.12156864256,0.52549022436,0.09019608051,1,1,0,0.25,106,0,-1
3091,0.25,0.10000000149,0.5,1.5,0.03921568766,0.72156864405,0.85098046064,1,1,0,0.10000000149,106,0,-1
3092,0.25,0.10000000149,0.25,1.5,0.94509810209,0.92156869173,0.44705885649,1,1,0,0.75,106,0,-1
3093,0,1,1,1,0.05490196496,0.55686277151,0.60000002384,1,0.5,0,0,106,0,-1
3094,0.25,0.10000000149,0.5,1.5,1,1,1,1,1.5,0,0,106,0,-1
3096,2,0,0,1,0.86666673422,0.32941177487,0.32941177487,1,1,0,0,106,0,-1
3097,10,4,0.30000001192,1,1,1,1,1,1,0,0,106,0,-1
3098,12,0.5,0.5,1,0.8156863451,0.77254909277,0.38039219379,1,0.5,0,0,106,0,-1
3100,1,0.25,0.25,1.5,0.82745105028,0.77647066116,0.31764706969,1,0.5,0,0,106,0,-1
3101,0,0.20000000298,0.20000000298,0.60000002384,0.92549026012,0.8784314394,0.8784314394,1,0.60000002384,0,0,106,0,-1
3102,0,0.5,0.5,1.5,0.74117648602,0.74117648602,0.74117648602,1,1.5,0,0,106,0,-1
3103,0,0.5,2,1.5,1,1,1,1,1,0,0,106,1,-1
3105,0,0,0,1,0.41568630934,0.78823536634,0.16078431904,1,1,0,0,106,0,-1
3108,6,0.20000000298,0.10000000149,0.60000002384,0,1,0.74509805441,1,2,8,0,106,1,-1
3111,1,0.25,0.5,0.40000000596,0.81960791349,0.99215692282,0.83921575546,0,0.69999998808,0,0,106,0,-1
3156,2,0.5,0.5,1,0.10588236153,0.89411771297,0.88235300779,1,1,0,0,106,0,-1
3158,0,0.5,1,1,0.63137257099,0,0,1,0.40000000596,0,0,106,0,-1
3159,0,1,1,1,0.48235297203,0.87450987101,0.79215693474,1,1,0,0,106,0,-1
3163,0,0,0,0.89999997616,0.00784313772,0.69411766529,1,1,0.75,0,0,106,0,-1
3171,0,0,0,1,0.51372551918,0.71372550726,0.70588237047,1,0.60000002384,0,0,106,0,-1
3173,0,0,0,0.80000001192,0.22745099664,0.93725496531,1,1,0.69999998808,0,0,106,0,-1
3174,0,0,0,5,0.15686275065,0.98039221764,0.96470594406,1,1,0,0,106,6,-1
3175,0,0.25,0.25,1,0.52156865597,0.93725496531,0.97647064924,1,1,0,0,106,0,-1
3176,0,1,1,1,0.45882356167,0.70588237047,0.72941178083,1,0.5,0,0,106,0,-1
3181,2,0.25,0.25,1,1,0,0,1,0.30000001192,0,0,106,6,-1
3183,0.69999998808,0.20000000298,0.20000000298,0.60000002384,0.22352942824,0.08235294372,0.08235294372,1,1,0,0,106,0,-1
3184,0,0.5,0.5,1.5,0.23529413342,0.23529413342,0.23529413342,1,1.5,0,0,106,0,-1
3186,0,0.20000000298,0.30000001192,0.60000002384,0.51372551918,0.1254902035,0.1254902035,1,0.69999998808,0,0,106,0,-1
3188,1,0.25,0.5,1,1,0,0,1,0.69999998808,0,0,106,1,-1
3189,0,0.20000000298,0.20000000298,0.69999998808,0.41960787773,0.25490197539,0.25490197539,1,4,0,0,106,0,-1
3194,0,0,0,1,0.28627452254,0.90980398655,0.47450983524,1,0.5,0,0,106,0,-1
3195,0,0.5,1,1,0,0.64705884457,0.31764706969,1,0.40000000596,0,0,106,0,-1
3196,0,0.25,1,1.5,0.86666673422,0.52156865597,0.07450980693,1,1.25,0,0,106,0,-1
3197,0,0,0,0.89999997616,0.23921570182,0.80000007153,0.88235300779,1,0.75,0,0,106,0,-1
3198,0,3.5,0.5,0.89999997616,1,1,1,1,1,0,0,106,10,-1
3199,0,0,0,1,0.98431378603,0.94509810209,0.72156864405,1,0.5,0,0,106,0,-1
3203,6,0.25,0.25,0.69999998808,0.89411771297,0.17647059262,0.17647059262,1,0.69999998808,0,0,106,0,-1
3205,0,1,0.5,1,0.83921575546,0.98431378603,1,1,1,0,0,106,5,-1
3206,0,1,0.5,1,0.83921575546,0.98431378603,1,1,1,0,0,106,20,-1
3208,0,6,1,1.10000002384,0.42352944613,0.8156863451,0.77254909277,1,0.69999998808,0,0,106,0,-1
3209,0,6,1,1.10000002384,0.3725490272,0.7529412508,0.20784315467,1,0.69999998808,0,0,106,0,-1
3210,0,6,1,1.10000002384,0.64705884457,0.8156863451,0.42352944613,1,0.69999998808,0,0,106,0,-1
3211,0,6,1,1.10000002384,0.89411771297,0.38039219379,0.27058824897,1,0.69999998808,0,0,106,0,-1
3212,0,6,1,1.10000002384,0.51764708757,0.83137261868,1,1,0.69999998808,0,0,106,0,-1
3213,0,6,1,1.10000002384,0.19215688109,0.38431376219,1,1,0.69999998808,0,0,106,0,-1
3214,0,0.5,0.5,1.5,0.88627457619,0.89803928137,0,1,2,0,0,106,0,-1
3215,0,0.5,0.5,1.5,0.41176474094,0.89803928137,1,1,2,0,0,106,0,-1
3218,0,0,0,1,0.86274516582,0.96862751245,1,1,0.75,0,0,106,0,-1
3219,0,5,0,0.75,0.32156863809,0.85490202904,1,1,1,0,0,106,0,-1
3220,0.15000000596,0,0.15000000596,0.69999998808,0.66666668653,0.60000002384,0.71372550726,1,1.25,0,0,106,5,-1
3222,0,3,0.5,1.5,0.501960814,0.13725490868,0.79607850313,1,1,0,0,106,0,-1
3224,0.25,0.10000000149,3,1.5,0.38431376219,0.13333334029,0.54117649794,1,1,0,0,106,0,-1
3227,0,0,0,1,0.20392158628,0.81176477671,1,1,1,0,0,106,0,-1
3228,6,3,0,1.60000002384,0.27843138576,0.73725491762,1,1,2,0,0,106,0,-1
3230,10,4,0.30000001192,1,0.91372555494,0.06274510175,0.06274510175,1,1,0,0,106,0,-1
3231,0.5,0.5,0.5,0.69999998808,0.7490196228,0.30980393291,0.30980393291,1,1,0,0,106,0,-1
3232,0.5,0.5,0.5,0.89999997616,0.81176477671,0.250980407,0.250980407,1,1,0,0,106,0,-1
3233,0.5,0.5,0.5,1.29999995232,0.81176477671,0.250980407,0.250980407,1,1,0,0,106,0,-1
3237,0,0.5,0.5,1,0.86666673422,0.67450982332,0.97647064924,1,0.5,0,0,106,0,-1
3239,0,0,1,1,0.54901963472,0.95686280727,0.99215692282,1,0.5,0,0,106,0,-1
3240,20,0.20000000298,0.20000000298,2,1,0,0,1,1,0,0,106,2,-1
3241,3,0.20000000298,0.20000000298,0.69999998808,0.71372550726,0.14509804547,0.14509804547,1,4,0,0,106,0,-1
3242,0,0,0,0.30000001192,0.83921575546,0.64705884457,0.27058824897,1,1,0,0,106,0,-1
3243,1.5,0.25,0.25,0.60000002384,0.82352948189,0.7529412508,0.7529412508,1,0.60000002384,0,0,106,0,-1
3244,0,0.5,0.5,1.5,0.76078438759,0.70588237047,0.36862745881,1,0.5,0,0,106,0,-1
3250,0,5,0.5,0.89999997616,0.84313732386,0.23137256503,0.10588236153,1,1,0,0,106,0,-1
3251,0,5,0.5,0.89999997616,0.10588236153,0.84313732386,0.53333336115,1,1,0,0,106,0,-1
3252,0,5,0.5,0.89999997616,0.15294118226,0.44313728809,0.83137261868,1,1,0,0,106,0,-1
3253,0,0.5,0.5,1,0.86274516582,0.91764712334,0.91372555494,1,0.5,0,0,106,0,-1
3262,8,0,2,1,0,0.91372555494,0.59607845545,0.23921570182,1,0,0,106,0,-1
3263,20,0.20000000298,0.20000000298,2,1,0,0,1,1,0,0,106,0,-1
3267,3,1,3,1,1,0.96470594406,0.54901963472,1,0.5,0,0,106,0,-1
3268,0,0,0,0.69999998808,0.35686275363,0.10588236153,0.76078438759,1,0.60000002384,0,0,106,0,-1
3270,0,1.5,0,0.80000001192,0,0.89019614458,0.81176477671,1,0.5,0,0,106,0,-1
3271,0,0.10000000149,0.5,0,1,1,1,0.40000003576,1,0,4.94999980927,106,0,-1
3272,0,0,0,2,0.92156869173,0.1882353127,0.19607844949,1,0.5,0,0,106,0,-1
3274,0,0.25,0.25,0.60000002384,0.21176472306,0.87450987101,0.90980398655,1,0.60000002384,0,0,106,0,-1
3277,0.5,0.10000000149,0.10000000149,0.60000002384,0.64313727617,0.78823536634,0.77254909277,1,0.60000002384,0,0,106,0,-1
3280,0.60000002384,0.40000000596,1,0.60000002384,0.27843138576,0.77647066116,1,1,1,0,0,106,0,-1
3281,0,0.20000000298,0.20000000298,0.89999997616,0.29803922772,0.66274511814,0.81960791349,1,0.89999997616,0,0,106,6,-1
3283,0,0.5,1,0.69999998808,1,0.02745098248,0,1,0.30000001192,0,0,106,0,-1
3284,3,1.5,0.5,1,0.63529413939,0.3137255013,0.70588237047,0,0.5,0,0,106,0,-1
3285,0.5,0.15000000596,0.34999999404,0.40000000596,0.81960791349,0.99215692282,0.83921575546,0,0.69999998808,0,0,106,0,-1
3287,0,0.5,0.5,1.5,0.11764706671,0.01960784383,0.23921570182,1,5,0,0,106,0,-1
3289,0,0,0,0.69999998808,0.55686277151,1,0.49019610882,0.40000003576,0.69999998808,0,0,106,0,-1
3290,1,1,0.10000000149,1,0.24313727021,0.01176470704,0.47450983524,1,1.5,0,0,106,10,-1
3291,0.10000000149,0.10000000149,0.5,1.5,0.48627454042,0.82745105028,0.8156863451,1,1.5,0,0,106,0,-1
3292,0.15000000596,0.05000000075,0.30000001192,0.60000002384,0.52549022436,0.48627454042,0.57647061348,1,1,8,0,106,1,-1
3293,0,0,0,0,0.69803923368,0.64313727617,0.59215688705,1,1,0,0,106,0,-1
3295,4,4,0.10000000149,1,0.24313727021,0.01176470704,0.47450983524,1,1.5,0,0,106,10,-1
3297,1,0.5,0.5,0.40000000596,0.67450982332,1,0.61176472902,1,0.69999998808,0,0,106,0,-1
3298,3.5,3,0.5,1,0.58431375027,0.87058830261,0.97647064924,1,2,0,0,106,0,-1
3299,0,0,0,1,0.5647059083,0.76862752438,0.83529418707,1,1,0,0,106,6,-1
3300,0,2,0.10000000149,1,0.91372555494,0.06274510175,0.06274510175,1,1,0,0,106,0,-1
3301,0,0,0,0.30000001192,0.44705885649,0.92941182852,0.13333334029,1,1,0,0,106,0,-1
3302,4,1,1,1,1,0.83921575546,0.19215688109,1,3,0,0,106,0,-1
3303,0,0.5,0.5,0.80000001192,0.92941182852,0.92941182852,0.92941182852,1,1,0,0,106,6,-1
3307,0,0,0,0.30000001192,1,0.41176474094,0.06274510175,1,1,0,0,106,0,-1
3308,0,0,0,0.30000001192,0.41960787773,0.04705882818,0.80784320831,1,1,0,0,106,0,-1
3309,0,0,0,0.30000001192,0.78431379795,0.6901960969,0.27843138576,1,1,0,0,106,0,-1
3310,0,0,0,0.30000001192,0.54901963472,0.61176472902,0.69803923368,1,1,0,0,106,0,-1
3311,0.5,0.5,3,1.75,0.86666673422,0.52156865597,0.07450980693,1,1.25,0,0,106,0,-1
3313,0.25,0.10000000149,1,1.5,0.19215688109,0.53333336115,0.60784316063,1,1,8,0,106,1,-1
3316,0,0,0,2,0.84705889225,0.01960784383,0.04313725606,1,0.69999998808,0,0,106,0,-1
3317,30,0.5,0.5,1,0.94509810209,0.29411765933,0.10588236153,1,0.5,0,0,106,0,-1
3318,0,1,1,1.10000002384,0.42352944613,0.8156863451,0.77254909277,1,0.80000001192,0,0,106,10,-1
3319,0,0,0,1,0.19607844949,1,0.83137261868,1,0.5,0,0,106,0,-1
3320,0,1,1,1.20000004768,0.74117648602,0.27843138576,0.29803922772,1,0.69999998808,0,0,106,0,-1
3321,0,1,1,1.20000004768,0.79607850313,0.80000007153,0.80000007153,1,0.69999998808,0,0,106,0,-1
3322,0,1,1,1.20000004768,0.70980393887,0.74117648602,0.7490196228,1,0.69999998808,0,0,106,0,-1
3323,0,1,1,1.20000004768,0.77254909277,0.3725490272,0.39215689898,1,0.69999998808,0,0,106,0,-1
3324,3,1,1,0.5,0.12156864256,0.97254908085,0.6901960969,1,2,0,0,106,0,-1
3325,1,0,0,1,0.1254902035,1,0.78039222956,1,0.5,0,0,106,0,-1
3326,0,2.40000009537,0.10000000149,1.5,1,1,1,1,1,0,0,106,10,-1
3328,0,0.25,0.5,0.69999998808,0.06666667014,0.94901967049,1,1,0.60000002384,0,0,106,0,-1
3329,0,0.20000000298,1,1,1,1,1,1,1,0,0,106,0,-1
3330,0,0.25,0.25,0.60000002384,0.08235294372,0.43137258291,0.12156864256,1,0.30000001192,0,1.25,106,0,-1
3332,0,0.10000000149,0.10000000149,1.70000004768,0.91372555494,0.30980393291,0.09803922474,1,1,0,0,106,0,-1
3333,0,0.25,0.25,1,1,0.23529413342,0.23529413342,1,0.40000000596,0,0,106,6,-1
3335,0,0.10000000149,0.10000000149,1,0.78823536634,0.78823536634,0.85098046064,1,1,0,0,106,0,-1
3336,1,0.10000000149,0.33000001311,0.5,1,1,1,1,1,0,0,106,0,-1
3337,5.5,1,2,0.69999998808,0.98431378603,0.93333339691,0.6235294342,1,0.5,0,0,106,0,-1
3338,0,1,1,1.5,0.6235294342,0.70588237047,0.71764707565,1,0.80000001192,0,0,106,0,-1
3339,1,0.25,0.25,0.60000002384,0.46666669846,0.51764708757,0.52549022436,1,0.69999998808,0,0,106,0,-1
3341,2,0.5,0.5,0.60000002384,0.3764706254,0.32941177487,0.23137256503,1,0.60000002384,0,0,106,0,-1
3342,0.5,0,0.25,0.69999998808,1,1,1,1,1,0,0,106,0,-1
3343,0.5,0.20000000298,0.20000000298,0.60000002384,0.65098041296,0.27843138576,0.24313727021,1,1,0,0,106,0,-1
3344,0,0,0,0.5,0.01176470704,0.01176470704,0.01176470704,0.64705884457,1,1,0,106,0,-1
3346,30,0.5,0.5,1,0.84705889225,0.09411765635,0.09411765635,1,1,0,0,106,0,-1
3347,0,0.10000000149,0.30000001192,1,0.84705889225,0.09411765635,0.09411765635,1,1,0,0,106,0,-1
3350,10,1,0,1.60000002384,0.27843138576,0.73725491762,1,1,2,0,0,106,0,-1
3351,0.5,0.5,1,0,1,0.72156864405,0.32156863809,1,1,0,0,106,0,-1
3352,0.5,0.5,1,0,1,0.85098046064,0.21960785985,1,1,0,0,106,0,-1
3354,0,1,0,1.20000004768,0,1,0.64313727617,1,1,0,0.5,106,1,-1
3355,0,1,0,2,0.77254909277,0.05490196496,0,1,1,0,0,106,0,-1
3357,0,0.25,0.5,0.60000002384,0.34117648005,0.8784314394,0.87450987101,1,0.80000001192,0,0,106,0,-1
3360,2.5,1.5,1,1,0.98039221764,0.96078437567,0.96078437567,1,1,0,0,106,0,-1
3362,3,0.10000000149,2,1.5,0.78823536634,0.40784317255,0.77254909277,1,1,8,0,106,10,-1
3365,2,0.5,0.5,0.60000002384,0.78039222956,0.3725490272,0.09411765635,1,0.60000002384,0,0,106,0,-1
3367,8,0.5,0.5,1,1,1,1,1,1,0,0,106,0,-1
3374,0,0,0,0.69999998808,0.61568629742,0.78823536634,0.80000007153,1,1,0,0,106,0,-1
3375,0,0,0,1,1,0,0,1,1,0,0,106,0,-1
3376,0,1,1,1.5,0.36078432202,0.49019610882,0.71764707565,1,0.69999998808,0,0,106,0,-1
3377,1.25,0.10000000149,0.10000000149,1.5,1,1,1,1,1,0,0,106,0,-1
3378,0.5,0.25,0.5,0.69999998808,0.78039222956,0.88235300779,0.97254908085,0.20000001788,1,0,0,106,0,-1
3379,0,0.5,1,1.10000002384,0.42352944613,0.8156863451,0.77254909277,1,0.80000001192,0,0,106,0,-1
3381,0,0,0,1.5,0.26666668057,0.70980393887,1,1,2,0,0,106,0,-1
3382,2,0.5,0.5,0.60000002384,0.85490202904,0.79607850313,0.75686281919,1,0.60000002384,0,0,106,0,-1
3383,0,0.25,0.25,0.60000002384,0.93333339691,0.27843138576,0.22745099664,1,0.60000002384,0,0,106,0,-1
3384,2,0.5,0.5,1,0.99215692282,0.43529415131,0.07058823854,1,1,16,0,106,0,-1
3387,0,0,0,0.80000001192,0.16862745583,0.95294123888,0.83137261868,1,3,0,0,106,0,-1
3391,15,0.5,0.5,1,1,0,0,1,1,0,0,106,6,-1
3392,0,0.5,1.5,1,1,1,1,1,0.5,0,0,106,6,-1
3393,2,1,2,0.80000001192,0.03137255087,0.44313728809,0.99215692282,1,3,0,0,106,0,-1
3394,1,0.20000000298,2,0.64999997616,0.76862752438,0.99215692282,1,1,0.64999997616,0,0,106,0,-1
3399,1.25,0.05000000075,0.75,0.94999998808,0.250980407,0.87058830261,0.63529413939,1,1.5,0,0,27732,4,-1
3400,1.20000004768,0.5,0.10000000149,0.5,0,0,0,1,1,0,0,106,0,-1
3401,0,0.5,0,2,0.23529413342,0.65490198135,0.92549026012,1,2,0,0,106,6,-1
3402,0,2,1,25,1,0.88627457619,0.34509804845,1,0.25,0,0,106,0,-1
3403,0,1,2,0.85000002384,0.97254908085,0.99215692282,0.98823535442,1,2,0,0,106,1,-1
3404,0,0.5,0.25,0.69999998808,1,1,1,1,1,0,0,106,0,-1
3405,0,0,0,1,0.96862751245,0.94901967049,0.94901967049,1,0.80000001192,0,0,106,0,-1
3407,0,0,0,2,0.20784315467,0.76078438759,0.88627457619,1,2,0,0,106,6,-1
3408,0,2.5,0,2,0.20784315467,0.76078438759,0.88627457619,1,2,0,0,106,6,-1
3410,0,1,1,1.5,0.501960814,0.250980407,0.60000002384,1,1,0,0,106,0,-1
3411,0,0.80000001192,0.80000001192,0.80000001192,1,0.1254902035,0.06274510175,1,1,0,0,27877,0,-1
3419,0,0.5,0.5,0.5,1,0,0,1,1,0,0,106,1,-1
3420,0,0.5,0.5,0.5,1,0.250980407,0,1,1,0,0,106,1,-1
3421,0,0,0.5,0.20000000298,1,0.501960814,0,1,1,0,0,106,1,-1
3425,0,1,2,2,1,0.92941182852,0.66666668653,1,1,0,0,106,0,-1
3426,0.25,0.05000000075,0.5,1.5,1,1,1,1,1,0,0,106,0,-1
3427,0.15000000596,0.05000000075,0.34999999404,1.5,0.72156864405,0.69411766529,0.73725491762,1,2,0,0,106,5,-1
3428,0,0,0,2,1,0.92941182852,0.66666668653,1,1,0,0,106,0,-1
3429,1,0.5,0.10000000149,1,1,1,1,1,1,0,0,106,0,-1
3430,0,2,0.10000000149,1,1,0.52941179276,0,1,1,0,0,106,0,-1
3431,1.39999997616,0.25,0.25,0.69999998808,0.64705884457,0.90196084976,0.85490202904,1,0.60000002384,0,0,106,0,-1
3432,0,0.25,0.25,0.60000002384,0.23921570182,0.88235300779,0.90588241816,1,1,0,0,106,1,-1
3434,0,0.20000000298,1,1,1,0.38431376219,0.38431376219,1,1,0,0,106,0,-1
3435,3,0,2,1,0.67450982332,1,1,1,1,0,0,106,0,-1
3436,0,0.5,1,0.69999998808,0.65882354975,0.70588237047,0.72549021244,1,1,0,0,106,4,-1
3438,0,8,0.10000000149,1.70000004768,0.85490202904,0.85490202904,0.85490202904,1,1,0,0,106,0,-1
3442,1,0,1,1,1,0.51764708757,0.5647059083,1,0.5,0,0,106,0,-1
3446,0.5,0,0.25,1.70000004768,0.89803928137,0.13725490868,0.90588241816,1,1,0,0,106,0,-1
3447,0.5,0.15000000596,0.34999999404,0.40000000596,0.81960791349,0.99215692282,0.83921575546,0,0.44999998808,0,0,106,0,-1
3448,8,0,0,1.5,0.93333339691,0.80392163992,0.54117649794,1,1,0,0,106,1,-1
3449,1.5,1.5,0,1.5,0.93333339691,0.80392163992,0.54117649794,1,1,0,0,106,1,-1
3451,1.5,0.5,1,1.5,0.93333339691,0.80392163992,0.54117649794,1,1,0,0,106,6,-1
3452,10,0,1,1.5,0.93333339691,0.80392163992,0.54117649794,1,1,0,0,106,3,-1
3453,1.5,0,0,1.5,0.93333339691,0.80392163992,0.54117649794,1,1,0,0,106,3,-1
3454,12,0,1,1.5,0.93333339691,0.80392163992,0.54117649794,1,1,0,0,106,3,-1
3455,0,0,0,1,1,0.99607849121,0.99607849121,1,1,0,0,106,0,-1
3459,0.20000000298,0.15000000596,0.15000000596,1,1,0.36862745881,0.95686280727,1,2,0,0,106,0,-1
3460,0.30000001192,0,0.69999998808,0.69999998808,1,0.36862745881,0.95686280727,1,2,0,0.02600000054,106,0,-1
3472,0,0,0,1,0.12941177189,0.91372555494,0.44313728809,1,1,0,0,106,0,-1
3479,0,2,1,1,1,0.95294123888,0.3137255013,1,1,0,0,106,0,-1
3483,0,0,0,0.69999998808,0.90980398655,0.86274516582,0.86274516582,1,0.60000002384,0,0,106,2,-1
3484,0,0,0,0,0.03529411927,0,0.81960791349,1,1,0,0,106,0,-1
3485,0,0.15000000596,0.15000000596,1,0.92549026012,0.4392157197,0.46666669846,1,0.5,0,0,106,0,-1
3487,0.5,0.10000000149,1,0.60000002384,0.39607846737,1,0.59607845545,1,0.80000001192,0,2.79999995232,106,0,-1
3488,5,2,1,1,1,1,1,1,1,0,0,106,0,-1
3490,0,0,0,1.5,0.42745101452,0.42745101452,0.42745101452,1,1,0,0,106,0,-1
3493,0,0,0,1,1,1,1,1,0.5,0,0,106,0,-1
3495,0,0.5,0.5,1,0.80392163992,0.79215693474,0.79215693474,1,1,0,0,106,1,-1
3497,0,0.25,0.25,1,0.97254908085,0.85882359743,0.3764706254,1,1,0,0,106,0,-1
3504,3.25,0,0,1.5,0.93333339691,0.80392163992,0.54117649794,1,1,0,0,106,1,-1
3505,3,1,0,1.5,0.93333339691,0.80392163992,0.54117649794,1,1,0,0,106,1,-1
3506,0,1,2,1,1,0.93725496531,0.70588237047,1,1,0,0,106,0,-1
3507,0,0,0,0.5,1,1,1,1,3,0,0,106,0,-1
3508,3,0,0,1,1,1,1,1,3,0,0,106,0,-1
3518,0,0,0,1,0.02352941409,0.47058826685,0.86666673422,1,1,0,0,106,6,-1
3519,0,0,0,1,0.39215689898,0.8156863451,0.99215692282,1,1,0,0,106,10,-1
3520,2.5,2,0,3,0.94509810209,0.81176477671,0.28235295415,1,2,0,0,106,6,-1
3521,2,1,0,3,0.94509810209,0.81176477671,0.28235295415,1,2,0,0,106,6,-1
3524,12,0,0,3,0.11372549832,0.41960787773,0.94509810209,1,3,0,0,106,1,-1
3531,0,2.5,0.5,0.75,0.75686281919,0.58431375027,0.15294118226,1,1,0,0,29088,0,-1
3533,2,1,0,1.5,0.42352944613,0.8156863451,0.77254909277,1,0.80000001192,0,0,106,6,-1
3534,15,0,1,1.5,0.42352944613,0.8156863451,0.77254909277,1,0.80000001192,0,0,106,6,-1
3535,2.5,0.25,0.10000000149,1.70000004768,0.93333339691,0.07058823854,0.06666667014,1,1,0,2,106,0,-1
3536,0,2.20000004768,0.10000000149,1.5,0,1,0.14117647707,0.49803924561,1,0,0,106,0,-1
3544,0,0,0,0,1,0.501960814,0,1,0.60000002384,0,0,106,0,-1
3561,12,0,1,1.5,0.42352944613,0.8156863451,0.77254909277,1,0.80000001192,0,0,106,6,-1
3562,0,0,0,0.10000000149,0.41960787773,0.41960787773,0.41960787773,1,1,0,0,106,0,-1
3564,0.60000002384,0.10000000149,0.20000000298,0.60000002384,0.54901963472,0.46274513006,0.10588236153,1,1,0,0,106,1,-1
3566,0,1,1,1.10000002384,1,1,1,1,1,0,0,106,0,-1
3572,4,1.5,0,1.5,0.42352944613,0.8156863451,0.77254909277,1,1.25,0,0,106,6,-1
3573,0,0.5,0,1.70000004768,1,1,1,1,1,0,0,106,0,-1
3576,1.39999997616,0.10000000149,0.10000000149,1.70000004768,0.98431378603,0.00784313772,0.00784313772,1,1,0,0,106,0,-1
3581,0,0,0,0.89999997616,0.44313728809,0.07843137532,0.91372555494,1,1,0,0,106,1,-1
3582,0,2,4,0.5,0.10980392992,0.63921570778,0.30588236451,1,1,0,0,106,0,-1
3588,2,1,1,1,1,0.250980407,0.06666667014,1,1,0,0,106,0,-1
3591,2,1,1,1,0.78039222956,1,0.06666667014,1,1,0,0,106,0,-1
3593,2,1,1,1,1,0.06666667014,0.98039221764,1,1,0,0,106,0,-1
3594,0,0.20000000298,0.20000000298,0.60000002384,0.11372549832,0.90980398655,0.92156869173,1,0.60000002384,0,0,106,2,-1
3596,0,0.20000000298,0.20000000298,0.60000002384,0.12941177189,0.40392160416,0.78039222956,1,0.60000002384,0,0,106,2,-1
3599,2.79999995232,0.10000000149,0.10000000149,1.70000004768,0.98823535442,0.01176470704,0.01176470704,1,1,0,0,106,0,-1
3602,0,0,0,0.20000000298,1,0.96470594406,0.70980393887,1,1.29999995232,0,0,106,0,-1
3607,0,1,1,1.70000004768,0.77254909277,0.33725491166,0.33725491166,1,1,0,0,106,0,-1
3611,6.5,1,0.20000000298,0.80000001192,0,0.67058825493,1,1,1.5,0,0,106,0,-1
3617,3,2.5,0.20000000298,0.89999997616,0,0.65098041296,1,1,2,0,2,106,0,-1
3621,12,0.5,1,2,0.96862751245,0.89019614458,0.32549020648,1,1,0,0,106,6,-1
3622,0,0.25,0.5,1.5,0.19215688109,0.41960787773,0.60000002384,1,1,0,0,106,0,-1
3624,0,2.5,0.5,0.75,0.91372555494,0,0.01568627544,1,1,0,0,106,2,-1
3625,0,2.5,0.5,0.75,0.86274516582,0.30196079612,0.94509810209,1,1,0,0,106,2,-1
3626,0,2.5,0.5,0.75,0.05882353336,0.77254909277,0.41568630934,1,1,0,0,106,2,-1
3627,0,0.10000000149,0.10000000149,0.60000002384,0.09803922474,0.28627452254,0.90196084976,1,0.60000002384,0,0,106,0,-1
3633,0,1,1,3,0.99215692282,0.83921575546,0.18431372941,1,2,0,0,106,0,-1
3634,0,0.25,1,3,0.68235296011,0.19607844949,0.14117647707,1,3,0,0,106,6,-1
3635,0,2.29999995232,0.10000000149,1,0.22352942824,0.22352942824,0.22352942824,1,1,0,0,106,0,-1
3637,7,4.5,0.20000000298,0.69999998808,0,0.67058825493,1,1,1.60000002384,0,0.10000000149,106,0,-1
3642,20,0.20000000298,0.20000000298,2,0.89803928137,0.83921575546,0.83921575546,1,1,0,0,106,0,-1
3643,0,0.25,0.5,1.5,0.09411765635,0.20392158628,0.29019609094,1,1,0,0,106,0,-1
3644,0,1,1,1,0.20392158628,0.21960785985,0.93725496531,0.250980407,1,0,0,106,0,-1
3650,3,2.5,0.20000000298,0.89999997616,0,0.65098041296,1,1,1.5,0,2,106,0,-1
3652,3,0,0,1,1,1,1,1,1,0,0,106,0,-1
3653,9,0,1,1,0.45098042488,0.66274511814,0.84705889225,1,2,0,0,106,0,-1
3654,0,2.5,0.5,0.75,0.92156869173,0.15294118226,0.12941177189,1,1,0,0,106,2,-1
3655,0,6,0.20000000298,0.69999998808,0.73725491762,0.80000007153,0.83529418707,1,1.60000002384,0,6,106,0,-1
3656,0,0,0,1.5,1,0.90980398655,0.26666668057,1,2,0,0,106,0,-1
3657,0,1.70000004768,0.30000001192,0.60000002384,0.63137257099,0.94901967049,0.52941179276,1,2,0,0,106,0,-1
3658,0,1.70000004768,0.30000001192,1,0.13333334029,0.92549026012,0.51372551918,1,1,0,0,106,0,-1
3661,0,0,0,0.69999998808,0.96470594406,0.95686280727,0.85098046064,1,0.80000001192,0,0,106,0,-1
3662,3,0.10000000149,0.10000000149,1.70000004768,0.98431378603,0.02352941409,0.02352941409,1,1,0,0,106,0,-1
3663,1,0.69999998808,0.10000000149,1,0.05882353336,0.501960814,0.09019608051,1,1,0,0,106,0,-1
3664,0,0.5,0.20000000298,0.89999997616,0,0.65098041296,1,1,2,0,2,106,0,-1
3665,15,1,1,3,0.9411765337,0.87058830261,0.43137258291,1,2,0,0,106,6,-1
3667,0,2.5,0.5,0.75,0.61568629742,0.41176474094,0.19607844949,1,1,0,0,106,2,-1
3669,0,0,0,1,0.44313728809,0.96470594406,1,1,1,0,0,106,0,-1
3670,0,0,0,0.5,1,1,1,1,0.5,0,0,106,0,-1
3677,6,2.5,0.20000000298,0.69999998808,0,0.65098041296,1,1,1.39999997616,0,0,106,0,-1
3679,0,1,1,3,0.30196079612,0.34901961684,0.94509810209,1,3,0,0,106,6,-1
3685,0,0,0,1,0,1,0.64705884457,1,1,0,0,106,0,-1
3686,0,0.5,1,1.29999995232,0.06666667014,0.91764712334,0.12941177189,1,1,0,0,106,0,-1
3688,0,0.10000000149,0.10000000149,0.60000002384,0.90588241816,0.94509810209,0.9411765337,1,0.60000002384,0,0,106,0,-1
3690,1.5,0.10000000149,0.10000000149,1.70000004768,0.98039221764,0.04313725606,0.04313725606,1,1,0,0,106,0,-1
3692,1,1,1,0.20000000298,1,0.3137255013,0.18039216101,1,2,0,0,106,0,-1
3693,2,1,0,3,0.11372549832,0.41960787773,0.94509810209,1,3,0,0,106,5,-1
3696,15,1,1,3,0.9411765337,0.88627457619,0.27058824897,1,3,0,0,106,0,-1
3697,0,0,0,0.5,0,0,0,1,0.20000000298,0,0,106,0,-1
3698,1,0,0.5,0.5,1,1,1,1,3,0,0,106,0,-1
3699,0,0,0,0.5,1,1,0.74509805441,1,2,0,0,106,0,-1
3701,0,1,1,0.60000002384,0.13725490868,0.44313728809,0.19607844949,1,1,0,0,106,0,-1
3703,0,0,0,1,0.96862751245,0.78823536634,0,1,1,0,0,106,0,-1
3704,0,0.40000000596,0.40000000596,0.60000002384,1,0.20000001788,0,1,1,0,0,106,0,-1
3705,6,0.5,1,0.80000001192,1,0.80000007153,0,1,0.5,4,0,106,6,-1
3706,0,1,0.5,0.30000001192,0,0,0,1,1,0,0,106,0,-1
3708,0,0.25,1,3,0.80784320831,0.10196079314,0.10196079314,1,1,0,0,106,6,-1
3711,1.5,0.10000000149,0.10000000149,1.70000004768,0.97647064924,0.02352941409,0.02352941409,1,1,0,0,106,0,-1
3714,0,1,1,0.69999998808,0.67450982332,0.94901967049,1,1,1,0,0,106,20,-1
3716,0,1,1,3,0.92549026012,0.21960785985,0.21960785985,1,2,0,0,106,0,-1
3718,0,0.25,0.25,0.94999998808,1,1,1,1,1,0,0,106,0,-1
3721,0,1,1,1,0.80392163992,0.70980393887,0.14509804547,1,1,0,0,106,5,-1
3722,0,0.25,0.5,1.5,0.49803924561,0.61960786581,0.71372550726,1,1,0,0,106,0,-1
3725,0,0,0,1,1,0.7490196228,0.23529413342,1,3,0,0,106,0,-1
3727,0,0,0,0,0.93333339691,0,0.14117647707,1,1,0,0,106,0,-1
3728,3,2.70000004768,0.30000001192,1,0.80784320831,0.22745099664,0.74117648602,1,1,16,0,106,0,-1
3730,1,0.30000001192,0,1,1,0.82745105028,0.30196079612,1,1,0,0,106,0,-1
3734,0,0.5,0.5,3,0.98039221764,0.84313732386,0.1882353127,1,2,0,0,106,0,-1
3735,0.5,0.15000000596,0.34999999404,0.40000000596,0.81960791349,0.98823535442,0.99215692282,0,0.44999998808,0,0,106,0,-1
3737,0,0.25,0,0.69999998808,1,0.85882359743,0.40000003576,1,0.75,0,0,106,0,-1
3739,3,0.5,0.25,3,0.93333339691,0.8156863451,0.250980407,1,3,0,0,106,0,-1
3740,0,1,0.5,0.40000000596,0.38431376219,0.46274513006,0.78431379795,1,1,0,0,106,0,-1
3742,0,0,0,3,0.9411765337,0.80784320831,0.30196079612,1,2,0,0,106,6,-1
3743,0,1.75,0,3,0.9411765337,0.80784320831,0.30196079612,1,2,0,0,106,6,-1
3746,0,1,1,1.5,0.76470595598,0.80000007153,0.81960791349,1,1,0,0,106,0,-1
3748,0,1,1,1.20000004768,0.54117649794,0.54117649794,0.54117649794,1,1,0,0,106,0,-1
3749,0,1,1,1.10000002384,0.72941178083,0.32549020648,0.32549020648,1,1,0,0,106,0,-1
3750,0,0,0,1.20000004768,0.93333339691,0.63529413939,0,1,2,0,0,106,0,-1
3755,0,0.5,0.5,3,0.13333334029,0.52156865597,0.69803923368,1,2,0,0,106,0,-1
3758,2.29999995232,0,0.80000001192,0.69999998808,0.05490196496,0.78431379795,1,1,1,0,0,106,19,-1
3763,0,2.79999995232,0.20000000298,1.70000004768,1,1,1,1,1,0,0,106,0,-1
3764,0,1.39999997616,0.40000000596,1,1,1,1,1,1,0,0,106,0,-1
3765,0,0.5,0.20000000298,1.5,0.92156869173,0.93725496531,0.39607846737,0.20000001788,1,0,0,106,0,-1
3768,0,0.20000000298,0.20000000298,1.70000004768,0.29019609094,1,0.16470588744,1,1,0,0,106,0,-1
3771,0,0,0,1,0.04313725606,0.07450980693,0.05490196496,0.01176470704,0.30000001192,0,0,106,0,-1
3772,0,0,0,1,0.74117648602,0.98823535442,1,1,1,0,0,106,0,-1
3774,0,0,0,1,0.18039216101,0.64705884457,0.85490202904,1,1,0,0,106,0,-1
3777,0,0.5,0,0.75,0.89411771297,0.16862745583,0.16862745583,1,1,0,0,106,0,-1
3778,0,0.5,0.5,0.80000001192,1,0.71372550726,0,1,1,0,0,106,6,-1
3783,0,0.25,0.5,0.69999998808,0.63137257099,0.92549026012,0.99607849121,1,0.75,0,0,106,0,-1
3787,2,0.25,1,0.69999998808,0.06666667014,0.94901967049,1,1,0.60000002384,0,0,106,0,-1
3788,0,0.20000000298,0.20000000298,0.60000002384,0.88235300779,0.29019609094,0.18039216101,1,0.60000002384,0,0,106,0,-1
3790,0.5,0.10000000149,0.40000000596,0.80000001192,1,0.4392157197,0.40000003576,1,1,0,0,106,0,-1
3794,0,0,0,0.69999998808,0.42352944613,0.75686281919,1,1,0.69999998808,0,0,106,0,-1
3797,0,0,0,0.75,0.99215692282,1,0.76470595598,1,0.75,0,0,106,0,-1
3798,20,1,2,0.75,0.98823535442,1,0.6274510026,1,0.75,0,0,106,0,-1
3799,0,0.30000001192,0.30000001192,0.69999998808,0.21568629146,0.6901960969,1,1,2,0,0,106,0,-1
3800,0,0.30000001192,0.30000001192,0.80000001192,0.250980407,0.80392163992,1,1,2,0,0,106,0,-1
3801,0,0.5,1,1,0.56862747669,0.98039221764,0.98431378603,1,1,0,0,106,0,-1
3802,0,0.30000001192,2,0.60000002384,0.68235296011,0.24705883861,0.96078437567,1,2,0,0,106,0,-1
3803,0,0,0,0.89999997616,0.92156869173,0.75686281919,1,0.501960814,1,0,0,106,0,-1
3805,0,1,1,1.5,1,1,1,1,0.80000001192,0,0,106,0,-1
3806,0,1,1,0.60000002384,0.09411765635,0.53725492954,0.18039216101,1,1,0,0,106,0,-1
3807,0,1,1,0.69999998808,1,1,0.71764707565,1,0.69999998808,0,0,106,0,-1
3808,0,0,0,0.69999998808,1,0.85882359743,0.40000003576,1,0.75,0,0,106,0,-1
3810,1.39999997616,0.10000000149,0.10000000149,1.70000004768,0.98823535442,0.01176470704,0.01176470704,1,1,0,0,106,0,-1
3811,0,1,1,0.80000001192,0.90980398655,0.16470588744,0.22745099664,1,1,0,0,106,0,-1
3816,0,1.5,0.10000000149,1.5,1,1,1,1,1,0,0,106,0,-1
3817,0,0,0,0.80000001192,0.83921575546,0.11372549832,0.11372549832,1,1,0,0,106,6,-1
3818,1.79999995232,0.10000000149,0.10000000149,1.70000004768,0.98431378603,0.03137255087,0.03137255087,1,1,0,0,106,0,-1
3819,0,0.25,1,0.5,0.72941178083,1,0.97647064924,1,0.75,0,0,106,0,-1
3820,0,0.25,1,0.5,0.61960786581,0.52549022436,0.72156864405,1,0.75,0,0,106,0,-1
3821,0,0.15000000596,0.15000000596,0.85000002384,0.11764706671,0.97254908085,1,1,1,0,0,106,6,-1
3822,0,0.15000000596,0.15000000596,0.85000002384,1,0.11764706671,0.11764706671,1,1,0,0,106,6,-1
3823,0,0.5,2,1.5,0.93333339691,0.67843139172,0.29411765933,1,2,0,0,106,0,-1
3826,0,1,0.20000000298,1.5,0.34901961684,0.52156865597,0.79607850313,1,0.5,0,0,106,0,-1
3827,0,0.5,1,0.69999998808,0.99607849121,1,0.8156863451,1,0.75,0,0,106,0,-1
3829,0,1,1,0.69999998808,0.33333334327,0.19215688109,0.32156863809,1,1,0,0,106,5,-1
3830,0,0.25,1,0.69999998808,1,0.99607849121,0.82745105028,1,0.75,0,0,106,0,-1
3831,0,0.5,2,1,0.93333339691,0.67843139172,0.29411765933,1,1,0,0,106,0,-1
3832,0,0.25,0.25,1,0,0.35294118524,0.57254904509,0.09803922474,1.5,0,0,106,0,-1
3838,2,0.5,0.5,0.5,0.84313732386,0.08235294372,0.08235294372,1,0.5,0,0,106,0,-1
3845,0,1,1,1.79999995232,0.89803928137,0.15686275065,0.15686275065,1,1,0,0,106,0,-1
3847,0,0,0,0.20000000298,0,0,0,1,1,0,0,106,0,-1
3851,0,0,0,1.79999995232,0.92549026012,0.14509804547,0.14509804547,1,1,0,0,106,6,-1
3852,0,0,0,1,1,0.16078431904,0,1,0.5,0,0,106,0,-1
3860,0,0,0,1,1,0.96470594406,0.57647061348,1,1,0,0,106,0,-1
3864,0.5,0.10000000149,0.40000000596,0.80000001192,1,0.58039218187,0.29019609094,1,1,0,0,106,0,-1
3866,0.5,0.10000000149,0.40000000596,0.80000001192,0.40000003576,0.85882359743,1,1,1,0,0,106,0,-1
3868,0.5,0.10000000149,0.40000000596,0.80000001192,1,0.83921575546,0.40000003576,1,1,0,0,106,0,-1
3870,0.5,0.10000000149,0.40000000596,0.80000001192,0.40000003576,1,0.61176472902,1,1,0,0,106,0,-1
3875,0,0.5,1,1.5,1,0.25490197539,0,1,1,0,0,106,0,-1
3876,0,0,0,1.5,0.96862751245,0.26666668057,0,1,1,0,0,106,0,-1
3877,0,0,0,0.60000002384,0.84705889225,0.10588236153,0.10588236153,1,0.5,0,0,106,6,-1
3879,0,2,2,1,0.28627452254,0.87058830261,1,1,1.20000004768,0,0,106,0,-1
3880,0,1,1,0.80000001192,0.39215689898,0.89411771297,1,1,0.80000001192,0,0,106,0,-1
3882,0,2,2,0.5,0.65882354975,0.82745105028,0.91764712334,1,0.80000001192,0,0,106,0,-1
3883,0,0.25,0.25,0.75,0.29803922772,0.96078437567,1,1,0.40000000596,0,0,106,0,-1
3887,0.5,0.25,0.25,0.80000001192,0,0.60784316063,0.16470588744,1,1,0,0,106,1,-1
3888,0,0,0.5,0.5,0,0.60784316063,0.16470588744,1,1,0,0,106,5,-1
3889,0,0.20000000298,0.20000000298,0.5,0.28627452254,0.65098041296,0.73333334923,1,1,0,0,106,0,-1
3894,0.89999997616,0.40000000596,0.30000001192,0.80000001192,0.32156863809,1,0.57647061348,1,1.20000004768,0,0,106,0,-1
3896,2,1.75,0.30000001192,1,0.61176472902,0.05882353336,0.99215692282,1,0.5,16,0,106,0,-1
3903,2.75,0.75,0.5,1.10000002384,0.52941179276,0.75686281919,0.83137261868,1,0.5,0,0,106,0,-1
3906,0,0,0,1.5,0.59607845545,1,0.98039221764,1,0.5,0,0,106,0,-1
3909,0,0,0,0,0.97254908085,0.57254904509,0.16470588744,1,1,0,0,106,0,-1
3913,0,0.30000001192,0.10000000149,0.69999998808,0.27843138576,0.90980398655,1,1,1,0,0,106,0,-1
3916,0.5,0,0.5,0.94999998808,1,0,0,1,1,0,0,106,0,-1
3919,2.5,0.25,2,0.80000001192,0.69411766529,0.96470594406,1,1,1,0,0,106,0,-1
3924,0,1.5,4.5,0.5,0.03921568766,0.90588241816,0.95294123888,1,1,0,0,106,0,-1
3925,0,0,0,1.10000002384,1,0.3764706254,0,1,0.69999998808,0,0,106,0,-1
3929,0,0,0,2,0.90980398655,0.05882353336,0,1,0.69999998808,0,0,106,6,-1
3931,0,0,0,0.89999997616,0.73333334923,0.17254902422,0.04705882818,1,0.80000001192,0,0,106,0,-1
3933,0,1.79999995232,0.20000000298,1,0.92549026012,0.43529415131,0.06666667014,1,1,0,0,106,0,-1
3935,0,0,0,0.89999997616,1,0.24705883861,0,1,0.89999997616,0,0,106,0,-1
3939,0.80000001192,0,0.80000001192,0.80000001192,1,0.96078437567,0.39607846737,1,0.5,0,0,106,0,-1
3941,0,2,2,2,0.22352942824,0.90196084976,0.85098046064,1,0.5,0,0,106,0,-1
3942,0,1,1,0.5,1,0.41568630934,0.27058824897,1,1,0,0,106,3,-1
3954,0,0.30000001192,0.20000000298,0.80000001192,1,0.10196079314,0.10588236153,1,0.5,0,0,106,0,-1
3955,1,0.10000000149,1,0.80000001192,1,0.96862751245,0.52549022436,1,0.60000002384,0,0,106,0,-1
3956,2,1.29999995232,0.21999999881,0.60000002384,0.51372551918,0.85098046064,1,1,0.80000001192,16,0,106,0,-1
3959,2,0.10000000149,0.10000000149,1.70000004768,1,0,0,1,1,0,0,106,0,-1
3961,0,0,0,0.80000001192,0.92156869173,0.19607844949,0.19607844949,1,1,0,0,106,0,-1
3964,3,0.10000000149,1,0.80000001192,1,0.4392157197,0.40000003576,1,1,0,0,106,0,-1
3967,0,0.5,0.5,1.5,0.52941179276,0,0,1,1.00999999046,0,0,106,0,-1
3968,0,0,0,0.89999997616,0.40000003576,0.31764706969,0.22352942824,1,1,0,0,106,0,-1
3969,0,0.30000001192,0.30000001192,1,1,0.25490197539,0,1,1.10000002384,0,0,106,0,-1
3970,0,0.25,0.25,0.69999998808,0.57647061348,0.73725491762,0.34117648005,1,0.69999998808,0,0,106,0,-1
3974,0,0.25,0.25,0.69999998808,0.49411767721,1,0.99607849121,1,0.75,0,0,106,0,-1
3977,0,0,0,1,1,1,1,1,0.75,0,0,106,0,-1
3979,0,3,0,0,0.72156864405,0.03529411927,0.03529411927,1,0.15000000596,0,0,106,0,-1
3980,0,0.25,0.25,0.69999998808,1,0.69411766529,0.3764706254,1,0.69999998808,0,0,106,0,-1
3981,0,0.30000001192,1,0.30000001192,0,1,0.13333334029,1,0.40000000596,0,0,106,0,-1
3982,0,0.25,0.25,0.69999998808,0.50980395079,0.74117648602,0.27843138576,1,1,0,0,106,0,-1
3983,0,0,0,0.89999997616,0.52156865597,0.42352944613,0.29803922772,1,1,0,0,106,0,-1
3986,0,0.40000000596,0.40000000596,0.60000002384,1,0.20000001788,0,1,0.25,0,0,106,0,-1
3987,3,1,1,1.5,0.67843139172,0.28235295415,0.93725496531,1,1,0,0,106,6,-1
3988,0,0.40000000596,0.40000000596,0.60000002384,0.73725491762,1,0.96862751245,1,1,0,0,106,0,-1
3990,0,0,0,0.34999999404,0.09019608051,0.81960791349,0.39607846737,1,0.5,0,0,106,0,-1
3992,0,0.10000000149,0.10000000149,0.60000002384,0.80000007153,0.36470589042,0.16078431904,1,0.5,0,0,106,0,-1
3996,3,2,0.60000002384,1.20000004768,0.96470594406,0.19607844949,0.19607844949,1,1,0,0,106,0,-1
3998,0,0,0,0.5,0.96862751245,0.34509804845,0.03137255087,1,1,0,0,106,0,-1
3999,0,1,1,0.85000002384,0.00392156886,0.88627457619,1,1,1,0,0,106,0,-1
4000,10,3,0,1.60000002384,0.67843139172,0.61568629742,0.29019609094,1,2,0,0,106,0,-1
4001,0.5,0,0.5,1.60000002384,0.7490196228,0.69411766529,0.29411765933,1,2,0,0,106,0,-1
4003,0,0,0,2,0.97647064924,0.54509806633,0.17647059262,1,2,0,0,106,0,-1
4004,0.5,0.10000000149,1,0.44999998808,0.93333339691,0.67843139172,0.29411765933,1,1,0,0,106,20,-1
4005,0,0.05000000075,0.5,1.5,0.67058825493,0.30196079612,0.11372549832,1,1.25,0,0,106,0,-1
4007,0,0.05000000075,1,1.5,1,1,1,1,1,0,0,106,0,-1
4008,0,0,0,2,1,0.53725492954,0.00392156886,1,0.60000002384,0,0,106,0,-1
4009,0,0,0,1,0.49019610882,0.20392158628,0,1,1,2,0,106,0,-1
4010,0.30000001192,0.10000000149,0.30000001192,0.80000001192,0.93333339691,0.67843139172,0.29411765933,1,2,0,0.5,106,0,-1
4015,0,0.5,0.15000000596,0.75,0,0.45882356167,0.81960791349,1,1,0,0,106,4,-1
4020,0,0.30000001192,0.30000001192,0.69999998808,0.71372550726,0.39215689898,1,1,2,0,0,106,0,-1
4025,0.5,0.5,0.40000000596,0.80000001192,1,0.58039218187,0.29019609094,1,1,0,0,106,0,-1
4032,0,0,0,1,0.96862751245,0.3764706254,0.1254902035,1,1,0,0,106,0,-1
4033,0,0,0,1,0.21176472306,0.95686280727,1,1,0.15000000596,0,0,106,0,-1
4035,0,0.25,0.25,1.70000004768,0.81176477671,0.70980393887,0.13333334029,1,1,0,0,106,0,-1
4039,0,1,1,1,0.00392156886,0.88627457619,1,1,1,0,0,106,0,-1
4040,0,0.66000002623,0.66000002623,0.89999997616,1,0.15686275065,0.15686275065,0.80000007153,1,1,0,106,0,-1
4041,0,1.75,0.25,1.5,0.93725496531,0.40000003576,0.07058823854,1,1,0,0,106,0,-1
4043,0,1,0.25,1.5,0.96078437567,0.60392159224,0.1254902035,1,1,0,0,106,0,-1
4045,0,0.25,0.5,0.80000001192,0.85882359743,0.87058830261,0.29411765933,1,0.20000000298,0,0,106,0,-1
4051,0,0.5,0.5,1,0.09803922474,0,0.14901961386,0.501960814,0.5,0,0,106,0,-1
4059,1,0.10000000149,0.5,1.5,1,0.21960785985,0.08235294372,1,1,0,0,106,0,-1
4060,1,0.10000000149,0.5,1.20000004768,1,0.21960785985,0.08235294372,1,0.80000001192,0,0,106,0,-1
4061,1,0.10000000149,0.5,1.20000004768,1,0.21960785985,0.08235294372,1,1,0,0,106,0,-1
4062,0.5,0.10000000149,0.25,0.60000002384,1,0.96078437567,0.39607846737,1,0.60000002384,0,0,106,0,-1
4066,0,1,0,0.80000001192,1,0.21176472306,0.16470588744,1,0.69999998808,0,0,106,0,-1
4068,0,1,1,1.25,0.76470595598,0.25490197539,0.25490197539,1,0.25,0,0,106,0,-1
4070,0,0.5,1,1.29999995232,1,1,1,0.49803924561,1,0,5.5,106,0,-1
4071,0,0.20000000298,0.20000000298,1.5,0.99215692282,0.14509804547,0.14509804547,1,2,0,0,35492,6,-1
4074,0,0.5,0.5,1.70000004768,0.07450980693,0.30588236451,0.6901960969,1,1,0,0,106,0,-1
4075,3.5,2,1,1,0.97254908085,0.19215688109,0.19215688109,1,1,0,0,106,0,-1
4076,0,1.5,1,1,0.97254908085,0.19215688109,0.19215688109,1,1,0,0,106,0,-1
4077,0,0,0,1,1,0.84313732386,0,1,1,0,0,106,0,-1
4083,1,0.25,0.25,1.89999997616,0.64313727617,0.04705882818,0.04705882818,1,1,0,0,106,0,-1
4084,0,0.5,0.40000000596,0.80000001192,1,0.58039218187,0.29019609094,1,1,0,0,106,0,-1
4085,10000,1,1,1,1,0.93725496531,0.34901961684,0.79215693474,1,0,0,106,0,-1
4087,0.5,0.25,0.25,1.89999997616,0.44705885649,0.35294118524,0.02352941409,1,1,0,0,106,0,-1
4089,1,0.5,0.25,1.89999997616,0.36470589042,0.98039221764,0.97254908085,1,1,0,0,106,0,-1
4094,0.75,0.25,0.10000000149,1.89999997616,0.74509805441,0.01960784383,0.01960784383,1,1,0,1.5,106,0,-1
4095,2,1.5,0.10000000149,1.89999997616,0.26666668057,0.83137261868,1,1,1,0,0,106,0,-1
4101,1,0.85000002384,0.10000000149,1.89999997616,1,1,1,1,1,0,1.5,106,0,-1
4103,0,0.5,0.5,1.89999997616,0.1882353127,0.10980392992,0.00784313772,1,1,0,0,106,0,-1
4104,0,0,0,0.5,0.53333336115,0.17647059262,0.09411765635,1,1,0,0,106,1,-1
4105,9999,0,0,1,0.67450982332,0.94901967049,1,1,1,0,0,106,0,-1
4106,0,0,3,1.5,0.38823533058,0.71372550726,0.29019609094,1,0.5,0,0,106,0,-1
4108,9999,0,0,1,0.93333339691,0.93333339691,0.93333339691,1,1,0,0,106,0,-1
4109,0,1,1,1.20000004768,0.38039219379,0.6235294342,0.25882354379,1,0.5,0,0,106,0,-1
4110,0,0,0,0.5,0.07843137532,0.91372555494,0.38431376219,0.57647061348,0.60000002384,0,0,106,0,-1
4111,0,0.30000001192,0.30000001192,1,1,0.25490197539,0,1,1,0,0,106,0,-1
4112,0,0.20000000298,0.20000000298,0.5,0.63529413939,0.99215692282,1,1,1,0,0,106,5,-1
4115,0,0.5,0.5,1,0.90196084976,0,0,1,0.40000000596,0,0,106,0,-1
4116,0,0.5,0.5,1.89999997616,0.23921570182,0.01960784383,0.42352944613,1,1,0,0,106,0,-1
4119,0.30000001192,0.10000000149,0.20000000298,2,0.35686275363,0.55294120312,1,1,0.20000000298,0,0,106,0,-1
4120,0,0,0.30000001192,1.5,1,0,0,1,0.75,0,0,106,0,-1
4122,0,0,0.5,0.5,0.01568627544,0.6901960969,0.85882359743,1,1,0,0,106,5,-1
4125,0,0,0,2,0.22745099664,0.49019610882,0.74117648602,1,0.69999998808,0,0,106,0,-1
4126,0.66000002623,0.40000000596,0.25999999046,1,0.5607843399,0.96470594406,1,1,0.5,0,0,106,0,-1
4130,0,0,0,1.70000004768,0,0.21568629146,1,1,2,0,0,106,0,-1
4131,0,0.25,0.5,1.89999997616,0.03921568766,0,0.66666668653,1,1,0,0,106,0,-1
4132,0,0.30000001192,0.30000001192,0.80000001192,0.23529413342,0.65490198135,1,1,1,0,0,106,0,-1
4133,10,0.5,0.5,1.70000004768,0,0.28235295415,1,1,1,0,0,106,0,-1
4134,0,1.5,0.10000000149,1.5,0.8784314394,0.11764706671,0.11764706671,1,1,0,0,106,0,-1
4136,0,0,0.5,0.5,0.08627451211,0.71764707565,0.83921575546,1,1,0,0,106,5,-1
4137,3,1.5,0.5,1,1,0.34509804845,0,1,1.25,0,0.85000002384,106,0,-1
4138,0,2,0,1,0.79215693474,0.14117647707,0.04705882818,1,1,0,0,106,0,-1
4139,0,0,0,1,0.79215693474,0.14117647707,0.04705882818,1,1,0,0,106,0,-1
4141,1,0.5,1,0.75,0.87450987101,0.69803923368,1,1,0.75,0,0,106,0,-1
4142,0,2,0.5,0.60000002384,0.95294123888,0.70196080208,1,1,1.29999995232,0,0,106,0,-1
4145,0,0.5,0.5,0.5,0.7529412508,0.07058823854,0.03921568766,1,1,0,0,106,1,-1
4147,0,0.30000001192,0.30000001192,0.89999997616,1,0.21568629146,0.21568629146,1,0.80000001192,0,0,106,0,-1
4148,0,0.5,0.5,0.80000001192,0.07058823854,0.89803928137,1,1,0.30000001192,0,0,41237,0,-1
4151,2.5,0.30000001192,0.20000000298,0.69999998808,0.250980407,0.86666673422,0.90196084976,1,1,0,0,106,0,-1
4152,0.69999998808,0.20000000298,0.20000000298,0.80000001192,0.501960814,0,1,1,1,0,0,106,0,-1
4153,0,0.10000000149,0.10000000149,0.60000002384,0.67843139172,0,0.80392163992,1,0.5,0,0,106,0,-1
4154,0,1,1,1.10000002384,0.92156869173,0.43137258291,0.1882353127,1,0.5,0,0,106,0,-1
4155,0,0,0,0,1,1,0,1,0.25,0,0,106,1,-1
4156,0,1,1,1.10000002384,0.6901960969,0.63529413939,0.41176474094,1,0.5,0,0,106,0,-1
4158,0,1,1,1.10000002384,0.43529415131,0.28627452254,0.75686281919,1,0.5,0,0,106,0,-1
4159,0,1,1,1.10000002384,0.44705885649,0.78039222956,0.85882359743,1,0.5,0,0,106,0,-1
4161,0.30000001192,0.10000000149,0.20000000298,2,1,0.45882356167,0,1,0.5,0,0,106,0,-1
4162,0,1,1,1.10000002384,0.77647066116,0.41960787773,0.26666668057,1,0.5,0,0,106,0,-1
4163,0,0,0,1,0,0.29019609094,0.14117647707,1,0.25,0,0,106,1,-1
4164,1,0.25,0.5,0.69999998808,0.80000007153,0.57254904509,0.94509810209,1,0.75,0,0,106,0,-1
4165,0,1,1,1.10000002384,0.80000007153,0.77254909277,0.41960787773,1,0.5,0,0,106,0,-1
4166,0,1,1,1,0.66666668653,0.81960791349,0.85882359743,1,0.5,0,0,106,0,-1
4167,0,0,0,0,0.10588236153,0.97647064924,0,1,1,0,0,106,0,-1
4168,0,1,1,1,0.54509806633,0.58431375027,0.84705889225,1,0.5,0,0,106,0,-1
4169,0,0.5,1,0.69999998808,0.01568627544,1,0,1,0.60000002384,0,0,106,0,-1
4170,0,0.5,0.5,0.80000001192,0.07058823854,0.89803928137,1,1,0.30000001192,0,0,106,0,-1
4172,1.25,0.5,0.5,0.80000001192,0.57647061348,0.35686275363,0,1,1,0,0,106,0,-1
4173,0,0.5,0.5,0.80000001192,0.31764706969,0.90588241816,0.90980398655,1,0.30000001192,0,0,43567,0,-1
4174,0,0,0,0.80000001192,1,0.11372549832,0,1,1,0,0,106,0,-1
4176,2,0.5,0.5,0.69999998808,0.69411766529,0,0,1,1,0,0,106,0,-1
4181,0,1,1,1,0,0.3764706254,1,1,1,0,0,106,0,-1
4182,0.75,0.25,0.25,0.69999998808,0,0.6862745285,0.66666668653,1,1,0,0,106,0,-1
4183,5,0.5,0.5,0.60000002384,0.44313728809,0.44313728809,0.44313728809,1,1,0,0,45341,0,-1
4184,0,0.10000000149,0.10000000149,0.60000002384,0.45098042488,0.32941177487,0.99607849121,1,0.5,0,0,106,0,-1
4186,0,0,0,1,0.65882354975,1,0.32156863809,1,1,0,0,106,0,-1
4187,0,0.5,0,2,1,0.55686277151,0,1,0.5,0,0,106,0,-1
4188,0,0,0,0.80000001192,0.36862745881,0.45490199327,0.93725496531,1,1,0,0,106,5,-1
4189,0,0,0,1,0.06666667014,0.73725491762,0.94901967049,1,1,0,0,106,0,-1
4190,0,0,0,2,0.52941179276,0.13725490868,0.98039221764,1,0.80000001192,0,0,106,0,-1
4193,0,0,0,0.89999997616,0.92549026012,0.14117647707,0.05098039657,1,1,0,0,106,0,-1
4194,0,0.69999998808,0.69999998808,0.5,0.03529411927,0.58823531866,0,0.45098042488,0.80000001192,0,0,106,0,-1
4195,2.5,0,0,1,0,0.50980395079,1,1,1,0,0,106,0,-1
4198,0,0,0,3,1,0.34117648005,0.08235294372,1,1,0,0,106,0,-1
4200,0.5,1,2,1,1,0,0.02745098248,1,4.5,0,0,106,0,-1
4201,0.5,1,2,1,1,0.03921568766,0,1,4.5,0,0,106,0,-1
4203,0,0,0,1,0.89019614458,0.19215688109,0.98823535442,1,1,0,0,106,0,-1
4204,2,1.75,0,0.69999998808,0.86274516582,0.59215688705,1,1,0.75,0,0,106,0,-1
4206,0,0.5,0.5,1.89999997616,1,0,0,1,1,0,0,106,0,-1
4208,1,0.30000001192,1,0.60000002384,0.96078437567,0.69803923368,0.24705883861,1,2,0,0,106,0,-1
4209,0.75,0.25,0.5,1,0,0.54901963472,1,1,1,0,0,106,0,-1
4210,1.5,0,0,1.70000004768,1,0,0,1,1,0,0,106,0,-1
4212,0,2,1,25,1,0.85882359743,0,1,0.25,0,0,106,0,-1
4214,0.20000000298,0.05000000075,0.5,1.20000004768,0.83529418707,0.41960787773,0,1,1,0,0,106,5,-1
4216,1,1,1,1,0.17254902422,0.03137255087,0.03137255087,1,1,0,0,106,0,-1
4217,1,1,1,1,1,0.73725491762,0.09803922474,1,1,0,0,106,0,-1
4218,2,0,1,1,0.05882353336,0.46666669846,0.97647064924,1,1,0,0,106,0,-1
4219,2,0,1,1,0.00784313772,0.99215692282,0.07058823854,1,1,0,0,106,0,-1
4220,0.5,1,2,1,0.76078438759,0,1,1,4.5,0,0,106,0,-1
4221,0.5,1,2,1,0.67058825493,0,1,1,4.5,0,0,106,0,-1
4222,0.5,1,2,1,0,0.18039216101,1,1,4.5,0,0,106,0,-1
4224,0,0.5,0.5,1,0.82745105028,0.30588236451,0.12156864256,1,0.5,0,0,106,6,-1
4228,2,0,1,1,0.98039221764,0.03529411927,0.03529411927,1,1,0,0,106,0,-1
4230,0,0,0,0.80000001192,0.66666668653,0.79607850313,1,1,0.5,0,0,106,0,-1
4232,1,0.30000001192,2,0.60000002384,0.68235296011,0.24705883861,0.96078437567,1,2,0,0,106,0,-1
4234,0,0.25,1,1,0.03921568766,0.28627452254,0.51372551918,1,0.75,0,0,106,0,-1
4238,0,0.25,1,1,0.63137257099,0.76078438759,0.88627457619,1,0.75,0,0.25,106,0,-1
4239,0,0.10000000149,0.10000000149,0.60000002384,0,0.78431379795,1,1,0.75,0,0,106,0,-1
4240,0,0,0,0.69999998808,0.66666668653,0.19607844949,1,1,0.69999998808,0,0,106,0,-1
4242,0,0.10000000149,0.10000000149,0.60000002384,0.52156865597,0.3137255013,0.21176472306,1,0.75,0,0,106,0,-1
4244,0,0.5,0.25,1,0,0.54901963472,1,1,1,0,0,106,0,-1
4245,0,0.5,0.5,1.5,0.94509810209,0.69803923368,0.14509804547,1,1,0,0,106,0,-1
4247,0,0,0,1,0.38823533058,0.95686280727,0.11764706671,1,1,0,0,106,0,-1
4248,0,0,0,1,0.95686280727,0.06274510175,0.06274510175,1,1,0,0,106,0,-1
4257,0,0,0,0.69999998808,0.67058825493,1,0.98823535442,1,0.69999998808,0,0,106,0,-1
4259,0,0.25,0.25,0.5,1,0.6274510026,0,1,0.5,0,0,106,0,-1
4260,0,1,1,1,0.6901960969,0.06666667014,0.06666667014,0.68235296011,1,0,0,106,1,-1
4261,0,1,1,1,0.72156864405,0,0,0.66666668653,1,0,0,106,1,-1
4262,0,0,0,1,0.99607849121,0.3137255013,0.08235294372,1,1,0,0,106,0,-1
4265,0.5,0.10000000149,3,1.5,0.89803928137,0.12156864256,0.07058823854,1,1,0,0,106,5,-1
4266,0,0,0,1.5,0.82745105028,0.19607844949,1,1,1,0,0,106,0,-1
4270,0,0,0,1.70000004768,1,0.40392160416,0.06666667014,1,0.5,0,0,106,0,-1
4272,0,0,0,2,0.59607845545,0.87058830261,1,1,1,0,0,106,0,-1
4273,0,1,1,2,0,0.43137258291,1,0.49803924561,1,0,0,106,0,-1
4278,0,0.5,0.5,1,1,1,1,1,2,0,0,106,0,-1
4279,0,0.5,0.5,1.5,0,0.19607844949,1,1,2,0,0,106,0,-1
4280,16,0.75,0.75,0.75,0.86666673422,0,0,1,1,0,0,106,0,-1
4281,0,1,1,1,1,0.86666673422,0.34901961684,0.250980407,1,0,0,106,0,-1
4282,0,0.25,0.10000000149,1.5,1,0.7490196228,0,1,0.5,0,0.85000002384,106,0,-1
4283,0,0.05000000075,3,1.5,0.96078437567,0.50980395079,0.11372549832,1,1,0,0,106,0,-1
4284,0,0,0,0.80000001192,1,0.47450983524,0,1,0.40000000596,0,0,106,0,-1
4285,0,0.5,0.10000000149,1,1,0.55686277151,0,1,0.5,0,0.5,106,0,-1
4286,0,0.5,1,1.29999995232,0.81176477671,0.68235296011,0.45882356167,1,0.30000001192,0,0,106,0,-1
4287,0,0.5,0.5,1,0.84705889225,0.8156863451,0.58823531866,1,1,0,0,106,0,-1
4288,0,1,1,1.10000002384,0.77254909277,0.8784314394,0.88235300779,1,0.89999997616,0,0,106,0,-1
4290,0.10000000149,0.25,0.25,1.10000002384,0.55686277151,0.71764707565,0.81176477671,1,1,0,0,106,0,-1
4291,0,0.30000001192,0.30000001192,1.20000004768,1,0.12941177189,0,1,0.80000001192,0,0,106,0,-1
4292,0,1,1,1,0.40000003576,0.6235294342,0.26274511218,1,1,0,0,106,1,-1
4293,0,1,1,1.10000002384,0.72549021244,0.67058825493,0.29411765933,1,0.89999997616,0,0,106,0,-1
4294,0,0.5,0.5,1,0.20392158628,0.81176477671,0.07058823854,1,1,0,0,106,0,-1
4295,0,0.25,0.25,2,1,0.29411765933,0,1,0.5,0,0,106,0,-1
4296,0,0.30000001192,0.30000001192,0.89999997616,0.09803922474,0.42352944613,0.75686281919,0.501960814,1,0,0,106,0,-1
4297,0,1,1,0,0.19607844949,0.92156869173,0.17647059262,0.24705883861,0.34999999404,0,0,106,1,-1
4298,0,0.80000001192,0.80000001192,1.29999995232,1,0.56862747669,0.01568627544,1,1,0,0,106,0,-1
4299,0,0,0,1.20000004768,0.47450983524,0.8156863451,1,1,2,0,0,58225,0,-1
4300,0,0.30000001192,0.10000000149,1,1,0.34117648005,0.85490202904,1,0.69999998808,0,0,106,5,-1
4301,0,1,1,1.10000002384,0.71764707565,0.82745105028,0.82352948189,1,0.69999998808,0,0,106,0,-1
4302,0,0.25,0,1.5,1,0.05490196496,0,1,0.5,0,0,106,0,-1
4303,0,0.25,0.5,1.70000004768,0.76470595598,0.9411765337,0.27843138576,1,0.20000000298,0,0,106,0,-1
4306,1,1,1,1.10000002384,0.34117648005,0.72549021244,0.78039222956,1,0.80000001192,0,0,106,0,-1
4307,0,0.25,0.25,0.69999998808,1,0.92941182852,0.3764706254,1,0.40000000596,0,0,106,0,-1
4309,0,0.25,0.25,0.80000001192,1,0.250980407,0,1,0.5,0,0,106,0,-1
4310,0,0.10000000149,0.40000000596,1.39999997616,0.40392160416,1,0.55686277151,1,1,0,0,106,0,-1
4312,0,0.5,0.5,1,0,0.97254908085,1,1,0.69999998808,0,0,106,0,-1
4313,0,0,0,0.75,1,0.40000003576,0,1,0.30000001192,0,0,106,0,-1
4314,0.15000000596,0,0.15000000596,1,0.38431376219,0.52941179276,1,1,2,0,0,106,0,-1
4316,0.20000000298,0,0.20000000298,1,1,0.33333334327,0.29411765933,1,3,0,0,106,0,-1
4317,0,0.5,1,0.69999998808,0.85490202904,0.60784316063,1,1,0.69999998808,0,0,106,0,-1
4318,0,0.5,0.5,1,0.42352944613,0.76078438759,0.03921568766,1,1,0,0,106,0,-1
4319,1.5,1.25,0.25,1.5,0.67843139172,0.28235295415,0.93725496531,1,1,0,0,106,0,-1
4320,0,0,0,0.60000002384,0.18039216101,0,0.54117649794,1,0.60000002384,0,0,106,0,-1
4321,1.5,0.10000000149,0.10000000149,1.70000004768,1,0,0,1,1,0,0,106,0,-1
4322,2,0.25,0.25,1.70000004768,1,0,0,1,1,0,0,106,0,-1
4324,0,0.30000001192,0.30000001192,1,0.21568629146,0.6901960969,1,1,1,0,0,106,1,-1
4325,1.5,0.10000000149,0.10000000149,1.70000004768,1,0.01960784383,0,1,1,0,0,106,0,-1
4326,0,0.5,0.5,0.5,0.51372551918,0.00392156886,0.66274511814,1,1,0,0,106,0,-1
4329,0,0.10000000149,0.10000000149,0.60000002384,0.80000007153,0.36470589042,0.16078431904,1,1,0,0,106,0,-1
4330,0,0.30000001192,0.30000001192,1,1,0.78823536634,0.19215688109,1,1,0,0,106,0,-1
4331,0.15000000596,0.05000000075,0.30000001192,0.60000002384,0.51372551918,0.85098046064,1,1,1.29999995232,8,0.11999999732,106,1,-1
4332,0,0,2,1.10000002384,0.49411767721,0.64313727617,0.30588236451,1,0.5,0,0,106,0,-1
4334,15,0.5,0.5,0.80000001192,0,0.63921570778,0.08235294372,1,1,0,0,106,0,-1
4338,0.5,0.10000000149,0.20000000298,1,1,0.95686280727,0,1,1,0,0,106,0,-1
4339,0.5,0.10000000149,0.20000000298,1,1,1,1,1,1,0,0,106,0,-1
4340,0.5,0.10000000149,0.20000000298,1,1,0.64705884457,0,1,1,0,0,106,0,-1
4341,0.5,0.10000000149,0.20000000298,1,0,0.92549026012,1,1,1,0,0,106,0,-1
4344,0,0.5,0.5,1.5,0.90980398655,0.05882353336,0,1,0.69999998808,0,0,106,1,-1
4345,0,0.25,0.10000000149,1.5,1,0.3725490272,0,1,0.5,0,0,106,0,-1
4346,0,0.5,0.5,1,0.05490196496,0.35294118524,0.71372550726,0.49803924561,1,0,0,106,0,-1
4347,1.5,0.10000000149,0.25,1.70000004768,1,0,0,1,1,0,0,106,0,-1
4348,0,0,0,0.69999998808,1,0.49019610882,0.49019610882,0.40000003576,0.69999998808,0,0,106,0,-1
4349,0,0.5,0.5,1,0.90980398655,0.05882353336,0,1,0.40000000596,0,0,106,1,-1
4350,0,0.25,0.25,1,0,0.03137255087,0.76862752438,1,0.69999998808,0,0,106,0,-1
4353,0,0.25,0.25,1,0,0.12156864256,1,1,0.69999998808,0,0,106,0,-1
4354,0,1,0.25,0.69999998808,0.76862752438,1,0.64705884457,1,0.69999998808,0,0,106,0,-1
4355,0,1,0.25,0.69999998808,0.86666673422,0.64705884457,1,1,0.69999998808,0,0,106,0,-1
4357,3,0.5,0.5,0.80000001192,0,0.80392163992,1,1,1,0,0,106,0,-1
4358,0,0.5,0.5,0.5,0.09803922474,0.20392158628,1,1,1,0,0,106,0,-1
4360,0,0.25,0.25,0.5,0.34117648005,0.21568629146,0,1,0.5,0,0,106,0,-1
4361,1,0.5,0.25,1,1,1,1,1,1,0,0,106,0,-1
4362,0,0,0,1.5,0.88235300779,1,0.99607849121,1,0.5,0,0,106,0,-1
4363,0,0.40000000596,0.40000000596,0.5,0.91764712334,0.09019608051,0.09019608051,1,0.80000001192,0,0,106,0,-1
4370,0,2,0.5,0.85000002384,1,0.93333339691,0,1,1.10000002384,4,0,61416,6,-1
4373,0,0,0,1.5,0.32549020648,0.77254909277,0.90196084976,1,1,0,0,106,0,-1
4374,0,0,0,1.5,0.95686280727,0.5607843399,0.54509806633,1,1,0,0,106,0,-1
4375,0,1,1,0.80000001192,0,0.81960791349,0.30588236451,1,1,0,0,106,0,-1
4377,0,0,0.25,0.89999997616,0.61176472902,0.94509810209,1,1,0.5,0,0,106,0,-1
4384,0,0,1,1.10000002384,0.92156869173,0.43137258291,0.1882353127,1,0.5,0,0,106,0,-1
4386,0,0,1,1.10000002384,0.44705885649,0.78039222956,0.85882359743,1,0.5,0,0,106,0,-1
4391,0,0,1,1.10000002384,0.6901960969,0.63529413939,0.41176474094,1,0.5,0,0,106,0,-1
4394,0,0,1,1.10000002384,0.43529415131,0.28627452254,0.75686281919,1,0.5,0,0,106,0,-1
4395,0,0.10000000149,0.10000000149,1,1,0.87450987101,0.26666668057,1,1,0,0,106,0,-1
4396,0,1,1,0.80000001192,1,0.08627451211,0.08627451211,1,1,0,0,61694,0,-1
4398,0,0,0,0.89999997616,1,1,1,1,1,0,0,106,0,-1
4399,0,0,0,0.89999997616,1,0.30588236451,0,1,1,0,0,106,0,-1
4403,0,0,0,0.89999997616,0.04313725606,1,0.02745098248,1,1,0,0,106,0,-1
4408,1,0.30000001192,0.30000001192,0.89999997616,0.10980392992,0.13333334029,0.56862747669,0.501960814,1,0,0,106,0,-1
4410,0,0,0,0.89999997616,0.69803923368,1,0.99215692282,1,1,0,0,106,0,-1
4411,0,0,0,1,0.67058825493,0.54117649794,0.28235295415,1,1,0,0,106,0,-1
4412,0,0,0,1,0.92549026012,1,0.85098046064,1,1,0,0,106,0,-1
4413,0,0,0,0.89999997616,0,0.59607845545,0.99215692282,1,1,0,0,106,0,-1
4416,0,1,1,0.80000001192,1,1,1,0.250980407,1,0,0,106,0,-1
4418,0,1,1,0.94999998808,1,1,1,1,0.25,0,0,106,0,-1
4420,1,0.80000001192,0.10000000149,1,0.72156864405,0.38039219379,0,1,1,0,0,106,0,-1
4421,0,1.25,0.10000000149,1,0.54117649794,0.8784314394,1,1,1,0,0,106,0,-1
4424,0,0.75,0.10000000149,1,1,0.12156864256,0,1,1,0,0,106,0,-1
4425,0,3.5,0.5,1,1,0.43137258291,0,1,1,0,0,106,0,-1
4426,2,0.5,0.10000000149,1,1,0.43137258291,0,1,1,0,0,106,0,-1
4427,0,1,3,1.5,0.92156869173,0.21568629146,0.03529411927,1,1,0,0,106,0,-1
4428,2,0.05000000075,3,1.39999997616,1,0.30196079612,0,1,1,0,0,106,0,-1
4429,0,1,1,1.10000002384,0.40000003576,0.6235294342,0.26274511218,1,0.5,0,0,106,0,-1
4430,0,0.25,1,0.5,0,0.38039219379,1,1,0.60000002384,0,0,106,0,-1
4433,0,0.80000001192,0.80000001192,0.80000001192,1,0.1254902035,0.06274510175,1,1,0,0,62074,0,-1
4434,0,0,0,0.89999997616,0.67843139172,0.82352948189,0.8784314394,1,1,0,0,106,0,-1
4435,0,0,0,1.10000002384,0.86274516582,0.12941177189,0.12941177189,1,0.34999999404,0,0,106,0,-1
4438,1,0.5,0.10000000149,0.5,0.02745098248,0.02745098248,0.02745098248,1,1,0,0,106,0,-1
4439,3,0.10000000149,0.10000000149,1.70000004768,1,0,0,1,1,0,0,106,0,-1
4440,0,0.5,0.20000000298,0.40000000596,0.92156869173,0.93725496531,0.39607846737,0.20000001788,1,0,0,106,0,-1
4446,0.75,0.5,0.10000000149,0.10000000149,0.10588236153,0.05490196496,0.05490196496,1,1,0,0,106,0,-1
4449,0,0.10000000149,0.10000000149,0.80000001192,1,1,1,1,0.80000001192,0,0,106,0,-1
4450,0,1,1,1.10000002384,0.19215688109,0.38431376219,1,1,0.69999998808,0,0,106,0,-1
4451,0,0,0,0.69999998808,0.00784313772,0.51372551918,1,1,1.5,0,0,106,0,-1
4452,0,1,1,1,0.98431378603,0.45882356167,0.21176472306,0.23921570182,1,0,0,106,0,-1
4453,0,0.30000001192,0.30000001192,1,0.97254908085,0.19215688109,1,1,1,0,0,106,0,-1
4456,0.5,0.5,0.5,0.80000001192,0.07058823854,0.89803928137,1,1,0.30000001192,0,0,106,0,-1
4457,0,1,1,0.85000002384,0.29803922772,0.00392156886,1,1,1,0,0,106,0,-1
4458,0,1,1,2,0,0.43137258291,1,0.49803924561,2,0,0,106,0,-1
4465,0,0.5,0.5,1.10000002384,0.59607845545,0.3137255013,0.72156864405,1,0.5,0,0,106,0,-1
4466,0,0.10000000149,0,0.75,1,0,0,1,0.69999998808,0,0,106,0,-1
4467,0.5,1,2,1,0.99607849121,0.91764712334,0.01568627544,1,4.5,0,0,106,0,-1
4468,0.5,1,2,1,0.96078437567,1,0,1,4.5,0,0,106,0,-1
4470,0,0,0,1,0.79607850313,0.07058823854,0.91372555494,1,1,0,0,106,0,-1
4471,0,0,0,1,0.29803922772,0.67843139172,0.28235295415,1,1,0,0,106,0,-1
4472,0,0.10000000149,0.40000000596,1.39999997616,1,0.98431378603,0.40392160416,1,1,0,0,106,0,-1
4473,0,0.10000000149,0.40000000596,1.39999997616,1,0.08235294372,0,1,1,0,0,106,0,-1
4474,1,0,0.5,0.5,0.59607845545,0.96470594406,0.98039221764,1,0.5,1,0,106,0,-1
4476,0,1,1,1.20000004768,0.79215693474,0.52549022436,0.25882354379,1,0.69999998808,0,0,106,0,-1
4477,0,0.25,1,1,0.69803923368,0.44313728809,0.35686275363,1,1,0,0,106,0,-1
4480,0,0.5,0.5,1.29999995232,0.53333336115,0.5647059083,0.79607850313,1,0.69999998808,0,0,106,0,-1
4481,1,0.5,0.5,0.75,1,0.27058824897,0.19215688109,1,0.40000000596,0,0,106,0,-1
4482,0,1,0.5,0.75,0.98823535442,0.30588236451,0.30588236451,1,0.5,0,0,106,0,-1
4483,0,0,0,0.80000001192,1,0.22352942824,0.13725490868,1,1,0,0,106,0,-1
4484,0,0,0,1,1,0.36470589042,0.18039216101,1,1,0,0,106,0,-1
4485,0,0,0,0,1,0.61960786581,0.13725490868,1,1,0,0,106,0,-1
4486,0,0,0,1,0.15686275065,0.76470595598,1,1,0.20000000298,0,0,106,0,-1
4487,0,0,0,1,1,0.73333334923,0.15686275065,1,0.20000000298,0,0,106,0,-1
4488,0,0.5,0.5,0.5,1,1,1,1,0.5,0,0,106,0,-1
4491,0,1,1,0.69999998808,1,0.12941177189,0.12941177189,1,0.30000001192,0,0,106,0,-1
4492,0,1,1,0.40000000596,0.31764706969,0.71372550726,1,1,0.5,0,0,106,0,-1
4496,0,1,0.5,0.69999998808,0.31764706969,0.71372550726,1,1,0.5,0,0,106,10,-1
4497,0,0.5,0.25,1,1,0,0.45882356167,1,1,0,0,106,0,-1
4498,0,0,0,0.80000001192,1,0.52941179276,0.13725490868,1,1,0,0,106,0,-1
4500,0,0,0,0.69999998808,0.77647066116,0.10980392992,0.01960784383,1,1,0,0,106,0,-1
4501,0.5,0,0,0,0,0,0,1,1,0,0,106,0,-1
4503,6.5,1,1,0.80000001192,0.1882353127,0.72549021244,1,1,1.39999997616,0,8,106,0,-1
4504,0.5,0.25,0.5,1.20000004768,0.7490196228,0.28627452254,0.45490199327,1,0.89999997616,0,0,106,0,-1
4506,0.5,0.25,0.5,1.60000002384,0.7490196228,0.28627452254,0.45490199327,1,0.30000001192,0,0,106,0,-1
4508,0.80000001192,0.30000001192,0.5,0.89999997616,0.99607849121,0.88235300779,0.46274513006,1,1,0,0.80000001192,106,0,-1
4510,1,1,1,1.29999995232,0.71372550726,0.5607843399,0.24705883861,1,0.60000002384,0,0,106,0,-1
4518,0,0,0,0.89999997616,0.98039221764,1,0.48627454042,1,1,0,0,106,0,-1
4519,0,0,0,0.89999997616,0.45882356167,0.96470594406,0.90588241816,1,1,0,0,106,0,-1
4521,1,2,0.25,1.20000004768,0.39607846737,0.54509806633,0.76078438759,1,0.69999998808,0,0,106,0,-1
4522,0,2.40000009537,0.10000000149,1.5,1,0,0,1,1,0,0,106,0,-1
4523,0,1,1,0.89999997616,0,0.67843139172,0.09803922474,1,1,0,0,106,0,-1
4525,2.40000009537,0.30000001192,0.30000001192,0.80000001192,0.07058823854,0,0.57254904509,1,2.5,0,0,106,1,-1
4527,0,0.20000000298,0.20000000298,0.89999997616,0.60392159224,0.42745101452,0,1,0.80000001192,0,0,106,0,-1
4528,0,0.20000000298,0.20000000298,0.89999997616,0,0.58823531866,1,1,0.80000001192,0,0,106,0,-1
4529,0,1,0.5,0.75,0.34901961684,0.11372549832,0.6274510026,1,0.5,0,0,106,0,-1
4531,0,0,0,0.5,0.30196079612,0.14117647707,0.61568629742,1,0.20000000298,1,0,106,0,-1
4532,0,0,0,0.5,0.52549022436,0.45490199327,0.14509804547,1,0.20000000298,1,0,106,0,-1
4533,0,0,0,1,0.21176472306,0.73333334923,1,1,1,0,0,106,0,-1
4536,1,0.5,0.5,0.75,0.13333334029,0.16470588744,0.57647061348,1,0.40000000596,0,0,106,0,-1
4537,0,0,0,1.20000004768,0.98431378603,0,0,1,0.69999998808,0,0,106,0,-1
4538,0,1,1,0.80000001192,0,0.94509810209,1,1,1,0,0,106,0,-1
4539,0,0,0,1,1,0.90196084976,0.32941177487,1,0.30000001192,0,0,63148,0,-1
4541,0,0.10000000149,0.10000000149,0.80000001192,1,0.61960786581,0,1,0.60000002384,0,0,106,0,-1
4543,0,0.5,1,0.69999998808,0.93725496531,0,0,1,0.69999998808,0,0,106,0,-1
4544,0,0,0,0.60000002384,0.85098046064,0.19607844949,1,1,0.15000000596,0,0,106,0,-1
4546,0,0.5,1,0.69999998808,0.96078437567,0,0,1,0.69999998808,0,0,106,1,-1
4547,0.40000000596,0.20000000298,0.15000000596,0.80000001192,1,0.96470594406,0.68235296011,1,0.69999998808,0,0,106,0,-1
4548,0,0.10000000149,0.25,1.5,0.83137261868,0.80392163992,0.10980392992,1,1,0,0,106,0,-1
4549,0,0.10000000149,0.10000000149,1,0.95686280727,0.41568630934,0.70196080208,1,2,0,0,106,5,-1
4550,0.30000001192,0.10000000149,0.10000000149,1.5,0.35686275363,0.42352944613,0.80000007153,1,0.80000001192,0,0,106,0,-1
4551,0,1,0.5,0.89999997616,0.23529413342,0.10588236153,0.52549022436,1,3,0,0,106,0,-1
4552,0,2,0.10000000149,1.5,0.86666673422,0.80392163992,0.35294118524,1,1,0,0,106,0,-1
4553,0,1,1,1,0.69803923368,0.3137255013,0.14509804547,1,1,0,0,106,0,-1
4555,0,0.10000000149,0.10000000149,1,0,0.64705884457,1,1,0.80000001192,0,0,106,0,-1
4557,0,1.5,0,1,1,1,1,1,1,0,0,106,0,-1
4558,0,1,0,0.69999998808,0.59607845545,0,0.87450987101,1,1,0,0,106,0,-1
4560,0,0.5,0.5,1.5,0.00784313772,0,0.63137257099,0.60392159224,0.60000002384,0,0,106,0,-1
4561,0,0,0,0.94999998808,0.67058825493,0,0,1,1,0,0,106,0,-1
4562,0,0,0,0.94999998808,0.87450987101,1,0.96078437567,1,1,0,0,106,0,-1
4563,0,0.5,0.5,2,0.10588236153,0.93725496531,0.59607845545,1,1,0,0,106,0,-1
4564,0,0.10000000149,0.10000000149,1,0.71372550726,0.11764706671,0.57647061348,1,1,0,0,106,0,-1
4565,0,0,0,0.94999998808,0.28627452254,0.65490198135,1,1,1,0,0,106,0,-1
4569,0,0.25,0.25,1,1,0.80392163992,0,1,1,0,0,106,0,-1
4570,0,0.5,0.5,1,1,0.41176474094,0.41176474094,1,1,0,0,106,6,-1
4571,0,0,0,0.94999998808,0.58823531866,0.47058826685,0.34901961684,1,1,0,0,106,0,-1
4572,0,0,0,1.5,0.11764706671,0.69803923368,0.99215692282,1,1,0,0,106,0,-1
4574,0,0,0,0.5,0.53725492954,0.61568629742,0.8784314394,1,1,0,0,106,1,-1
4579,0,0.10000000149,0.10000000149,1,0.12156864256,0.48235297203,0,1,0.80000001192,0,0,106,0,-1
4580,2,0.10000000149,0.10000000149,1.70000004768,1,0,0.07450980693,1,1,0,0.10000000149,106,0,-1
4581,0,0,0.5,0.20000000298,0.29019609094,0.09803922474,0.3764706254,1,1,0,0,106,1,-1
4589,0,0.20000000298,0.20000000298,0.69999998808,0.98431378603,0.47843140364,0.19215688109,1,1,0,0,106,0,-1
4590,0,0.20000000298,0.20000000298,0.69999998808,0.70980393887,0.18431372941,1,1,1,0,0,106,0,-1
4591,0.5,0.05000000075,0.20000000298,1.5,0.74509805441,0.12156864256,0.12156864256,1,1,0,0,106,0,-1
4595,0,0,0,0.60000002384,0.19607844949,1,0.57254904509,1,0.44999998808,0,0,106,0,-1
4596,0,0.5,0.5,0.60000002384,0.19607844949,1,0.57254904509,1,0.30000001192,0,0,106,0,-1
4597,0,0.5,0.5,0.60000002384,1,0.61960786581,0,1,0.30000001192,0,0,106,0,-1
4598,0.5,0.25,0.25,0.89999997616,0.91764712334,0.34117648005,0.09411765635,1,1,0,0,64555,0,-1
4599,0,0.5,0.25,0.40000000596,1,0.67058825493,0.41960787773,1,0.60000002384,0,0,106,0,-1
4600,0,0,0,1.79999995232,0.5607843399,0.41960787773,0.73725491762,1,0.40000000596,0,0,106,0,-1
4601,0,1,0.5,1.29999995232,0.59607845545,0.47450983524,0.80000007153,1,0.5,0,0,106,0,-1
4602,0,0,0,1.20000004768,0.78431379795,0.78431379795,0.63921570778,1,0.25,0,0,106,0,-1
4604,1,0.25,1,0.60000002384,0.15686275065,1,0.39607846737,1,0.5,0,0,106,0,-1
4607,0,1,1,1.5,0.92941182852,0.14509804547,1,1,0.80000001192,0,0,106,0,-1
4608,0,3,1,1,1,0.86666673422,0.34901961684,0.250980407,1,0,0,106,0,-1
4609,0,0,0,1.10000002384,0.5647059083,0.41960787773,0.73333334923,1,0.30000001192,0,0,106,0,-1
4610,0,0.20000000298,0.20000000298,0.80000001192,1,0.5647059083,0,1,0.80000001192,0,0,106,0,-1
4611,0,0.25,0.25,1.5,1,1,1,1,0.89999997616,0,0,106,0,-1
4612,0,0.5,0.25,0.40000000596,0.69803923368,0.41960787773,1,1,0.60000002384,0,0,106,0,-1
4618,0,0.20000000298,0.20000000298,1.20000004768,0.5647059083,0.41568630934,0.76470595598,1,0.64999997616,0,0,106,0,-1
4619,0,0,0,1,1,0.35294118524,0,1,0.5,0,0,106,0,-1
4623,0,0,0,1.29999995232,0.58823531866,0.80000007153,0.41176474094,1,0.69999998808,0,0,106,0,-1
4624,0,0.5,0.5,1,0.95686280727,0,0.04705882818,1,1,0,0,106,0,-1
4625,0,0.25,1,1.5,0.18431372941,0.98431378603,0.23137256503,1,1,0,0,106,0,-1
4626,0,2,0,1,0.96470594406,0.38039219379,1,1,1,0,0,106,0,-1
4628,0.5,0.25,0.5,0.40000000596,1,0.33333334327,0.33333334327,1,0.69999998808,0,0,106,0,-1
4629,8,0.5,0.5,0.80000001192,0.69411766529,0,1,1,1,0,0,106,0,-1
4630,0,0.25,0.5,1.70000004768,0.61568629742,0.8156863451,1,1,1,0,0,106,0,-1
4631,14,3.5,0.25,0.89999997616,1,0.501960814,0,0.501960814,2,0,0,106,0,-1
4632,10,2.5,0.5,0.89999997616,1,0.501960814,0,0.501960814,2,0,0,106,0,-1
4633,10,10,0.25,0.89999997616,1,0.501960814,0,0.501960814,2,0,0,106,0,-1
4635,0,0,0,0.94999998808,1,0.31764706969,0,1,1,0,0,106,0,-1
4637,600,0.10000000149,0.10000000149,1.70000004768,1,0,0,1,1,0,0,106,0,-1
4638,0,0.5,0.5,0.80000001192,0.69411766529,0,1,1,1,0,0,106,0,-1
4639,0,0,0,1.10000002384,0.38823533058,0.23529413342,0.54901963472,1,0.80000001192,0,0,106,0,-1
4640,0,0,0,1.20000004768,0.35294118524,0.63137257099,0.68235296011,1,0.60000002384,0,0,106,0,-1
4641,0,1.5,0.05000000075,1.5,0.90588241816,0.11372549832,0.11372549832,1,1,0,0,106,0,-1
4644,0,0,0,1.20000004768,0.85098046064,0.41176474094,0.19215688109,1,1,0,0,106,0,-1
4647,0,0.30000001192,2,0.60000002384,0.68235296011,0.24705883861,0.96078437567,1,0.5,0,0,106,0,-1
4650,0,0,0,0,0.93725496531,0,1,1,1,0,0,106,0,-1
4651,0,0,0,1,1,0,0,1,0.25,0,0,106,6,-1
4655,0,3,0.10000000149,0.5,1,1,1,1,1.20000004768,0,0,106,0,-1
4656,0,1.5,0.10000000149,1,0.18039216101,0.68235296011,0.84705889225,1,1,0,0,106,0,-1
4657,1,0.20000000298,1,0.80000001192,0.43529415131,0.71764707565,0.18431372941,1,1,0,0,106,4,-1
4658,15,3.5,0.25,0.89999997616,1,0.501960814,0,0.501960814,2,0,0,106,0,-1
4660,0.64999997616,0.25,0,0.25,0.6274510026,0.92156869173,0.34117648005,1,1,0,0,106,5,-1
4661,0.5,0,0,0.85000002384,0.66666668653,1,0,1,1,0,0.64999997616,106,5,-1
4662,0,0,0.5,0.5,0.65098041296,0.93725496531,0.35294118524,1,1,0,0,106,5,-1
4664,1.29999995232,0.30000001192,0.20000000298,0.40000000596,1,0.81960791349,0.61176472902,1,0.69999998808,0,0,106,0,-1
4666,0,0.30000001192,0.30000001192,1.29999995232,0.41568630934,0.57647061348,0.73333334923,1,0.80000001192,0,0,106,0,-1
4667,2,1,1,1,0.87450987101,0.87450987101,0.65882354975,1,1,0,0,106,0,-1
4669,0,0.5,0.5,0.80000001192,1,0.42352944613,0,1,1,0,0,106,0,-1
4670,0,0.5,0.5,0.80000001192,0,0.97254908085,1,1,1,0,0,106,0,-1
4672,0,0.10000000149,0.10000000149,2,0.69803923368,0.250980407,0.94509810209,1,1,0,0,106,0,-1
4673,1.25,0.5,0.5,0.89999997616,1,0.71764707565,0,1,1,0,0,106,0,-1
4675,0,0,0,1.5,0.25882354379,0.70588237047,0.24313727021,1,0.89999997616,0,0,106,0,-1
4676,1,0.25,0.5,0.69999998808,1,0.20392158628,0.20392158628,1,1,0,0,106,0,-1
4678,0,0,0,0.40000000596,0.04705882818,0.76862752438,0.84313732386,1,0.75,0,0,106,0,-1
4679,0,0.5,0.5,1,0.82745105028,0.66666668653,0.12156864256,1,0.5,0,0,106,6,-1
4680,0,0,0,0.80000001192,1,0.76078438759,0,1,0.80000001192,0,0,106,0,-1
4681,0,0.25,0.10000000149,0.60000002384,0.6901960969,0.92941182852,0.25882354379,1,0.69999998808,0,0,106,0,-1
4682,2,1,1,1,0.45490199327,0,0.5647059083,1,1,0,0,106,0,-1
4684,0,0.10000000149,0.10000000149,0.80000001192,1,0.72941178083,0,1,0.60000002384,0,0,106,0,-1
4685,0,0,0,0.60000002384,0,0,0,1,0.60000002384,0,0,106,0,-1
4686,0.69999998808,0.20000000298,0.10000000149,0.80000001192,0.94509810209,0.76078438759,0.45490199327,1,1,0,0,106,0,-1
4689,0,0.25,0.10000000149,0.75,0.86274516582,0.07843137532,0.07058823854,0.7490196228,1,0,0,106,0,-1
4690,0,0.25,0.10000000149,1,0.67058825493,0.08235294372,0.72549021244,1,1,0,0,106,0,-1
4691,0,0.25,0.25,1.20000004768,1,0.72941178083,0,1,0.40000000596,0,0,106,0,-1
4692,0,2.75,0.10000000149,0.69999998808,1,1,1,1,1,0,0,106,0,-1
4693,0,1,1,1,0.07450980693,0.87450987101,0.09803922474,1,1,0,0,106,0,-1
4696,10,3,0,1.60000002384,1,1,0.67058825493,1,2,0,0,106,0,-1
4698,0.5,0.10000000149,0.25,0.80000001192,0.57254904509,1,0.07450980693,1,1,0,0,106,3,-1
4702,0,2.5,0.10000000149,1.75,0.17647059262,0.90980398655,0.81176477671,1,1,0,0,106,0,-1
4703,0,0.20000000298,0.20000000298,1,1,0.13333334029,0,1,1,0,1,106,0,-1
4707,0,0.10000000149,0.10000000149,0.80000001192,1,0.3137255013,0,1,1,0,0.75,106,0,-1
4710,0,0,0,0.68000000715,1,0.77647066116,0.36078432202,0.57647061348,1.20000004768,0,0,106,0,-1
4711,0,0,0,0.69999998808,1,0.77647066116,0.36078432202,0.57647061348,1.20000004768,0,0,106,0,-1
4712,0,0,0,0.60000002384,1,0.58431375027,0,1,0.5,0,0,106,0,-1
4713,0,1,0.10000000149,1,0.47450983524,0.02352941409,0.95294123888,1,1,0,0,106,0,-1
4714,0,2.5,0.10000000149,1,0.6274510026,0,1,1,1,0,0,106,0,-1
4715,10,0.10000000149,0.10000000149,0.40000000596,0.95294123888,0.09803922474,0.09803922474,1,1,0,0,106,0,-1
4716,10,0.10000000149,0.10000000149,0.40000000596,0.49411767721,0.27058824897,0.95686280727,1,1,0,0,106,0,-1
4717,10,0.10000000149,0.10000000149,0.40000000596,1,0.60392159224,0.06666667014,1,1,0,0,106,0,-1
4719,4,3,0.10000000149,1,1,0.49019610882,0,1,1.75,0,0,106,0,-1
4720,0,2.5,0.25,0.69999998808,0.01568627544,0.4392157197,0.01960784383,0.81176477671,1,0,0,106,0,-1
4721,0,0.20000000298,0.20000000298,0.89999997616,1,0.90196084976,0.6274510026,1,0.89999997616,0,0,106,0,-1
4723,0,6,0.5,1,0.06274510175,0.60784316063,0.89803928137,1,1,0,0,106,0,-1
4725,0,0,0,1,1,1,1,1,0.20000000298,0,0,106,0,-1
4726,0,0.10000000149,0.30000001192,0.30000001192,0.13725490868,0.40000003576,0.20000001788,1,1.5,0,0,106,1,-1
4728,0,0.10000000149,0.30000001192,0.30000001192,0.09411765635,0.53333336115,0.12941177189,1,1.5,0,0,106,1,-1
4729,0,0.10000000149,0.30000001192,0.30000001192,0.11764706671,0.71372550726,0.1882353127,1,1.29999995232,0,0,106,0,-1
4730,0,0.10000000149,0.30000001192,0.30000001192,0.12941177189,0.76078438759,0.26666668057,1,1,0,0,106,0,-1
4732,1,0.20000000298,0.5,0.80000001192,1,0.83921575546,0.38431376219,1,1,0,0,106,0,-1
4734,0,2.5,0,0.80000001192,0.67450982332,0.81960791349,0.46274513006,1,1,0,0,106,0,-1
4735,0,1,1,0.57999998331,0.18431372941,0.99607849121,1,1,1,0,0,106,5,-1
4742,0,0.10000000149,0.10000000149,0.80000001192,1,0.8156863451,0,1,0.80000001192,0,0,106,0,-1
4743,1,0.25,0.5,0.69999998808,1,0.49411767721,0.49411767721,1,0.69999998808,0,0,106,0,-1
4744,0,0.10000000149,0.10000000149,0.80000001192,0.79215693474,0.48235297203,0,1,1,0,0,106,0,-1
4745,0,4,0.5,0.69999998808,1,0.31764706969,0.31764706969,1,0.69999998808,0,0,106,0,-1
4746,0,0,0,1,0.19607844949,0.03529411927,0.56862747669,1,1,0,0,106,0,-1
4748,1,0.05000000075,0.34999999404,0.89999997616,0.45882356167,1,0.57647061348,1,1,0,0,106,1,-1
4749,0,0.30000001192,0.5,0.5,0.75686281919,0.32156863809,0.32156863809,1,0.80000001192,0,0,106,0,-1
4750,0,0,0,1,0.96078437567,0.36862745881,0.08235294372,1,1,0,0,106,0,-1
4753,0,1,0.5,1.29999995232,1,0.40392160416,0,1,1,0,0,106,0,-1
4760,0,0,0,0.20000000298,0.27058824897,0,1,1,2,0,0,106,0,-1
4762,0,0.34999999404,1.5,0.34999999404,0,0.65490198135,1,1,2,0,0,106,0,-1
4770,1.5,0.5,0.25,1.20000004768,0.05098039657,0.74117648602,0.98431378603,1,1,0,0,106,0,-1
4771,0,1,1,1,0.12941177189,0.69803923368,0.09411765635,1,0.5,0,0,106,0,-1
4772,0,1,0,1,0.22352942824,0.77647066116,0.250980407,1,1,0,0,106,0,-1
4773,0,0,0,0.89999997616,0.00784313772,0.67058825493,0.93333339691,1,1,0,0,106,0,-1
4775,0,0,0,0.5,0.97254908085,0.04313725606,0.04313725606,1,0.5,0,0,106,6,-1
4778,0,1,1,0.80000001192,0.93725496531,0.60000002384,0.09803922474,1,1,0,0,106,0,-1
4780,0,0.25,0.25,0.80000001192,1,0.5647059083,0,1,1.20000004768,0,0,106,0,-1
4782,0.5,0.05000000075,1,1.5,0.45882356167,0.28235295415,0,1,1,0,0,106,1,-1
4787,0,5,0.5,0.5,0.99215692282,0.78039222956,0.09019608051,1,1,0,0,106,0,-1
4788,0,0,0,0.5,0.74509805441,0.5647059083,0.07058823854,1,1,0,0,106,0,-1
4789,0,0,0,1,1,0.4392157197,0.14901961386,1,1,0,0,106,6,-1
4790,0,0,0,0.5,0.41176474094,0.13333334029,0.77647066116,1,1,0,0,106,0,-1
4792,0,0.25,0.5,0.69999998808,0.22745099664,1,0.14509804547,0.20000001788,1,0,0,106,0,-1
4795,0,0,0,1.5,1,0.42745101452,0,1,1,0,0,106,6,-1
4796,0,0.20000000298,1,0.69999998808,1,0.32156863809,0.10588236153,1,1.20000004768,0,0,106,0,-1
4800,0,0,0,2,0.41960787773,0,0.67843139172,1,0.69999998808,0,0,106,6,-1
4801,0,0.5,0.5,0.80000001192,0.63137257099,0.10196079314,1,1,1,0,0,106,0,-1
4803,0,0.5,0.5,0.5,0.19215688109,1,0.05098039657,1,1,0,0,106,0,-1
4804,1.5,0.10000000149,0.10000000149,1.70000004768,1,0.05882353336,0,1,1,0,0.10000000149,106,0,-1
4806,0,0,0,1,0,0.6901960969,0.01176470704,1,0.25,0,0,106,0,-1
4808,0,0,0,1.5,1,0.63137257099,0,1,1,0,0,106,0,-1
4810,0,0,0,1,1,0,0,1,0.5,0,0,106,0,-1
4812,0,1.20000004768,0.30000001192,0.89999997616,1,0.52941179276,0,1,1,0,0,106,0,-1
4813,0,1.70000004768,3,0.60000002384,1,0.96470594406,0.68235296011,1,2,0,0,106,0,-1
4815,0,0,0.5,0.20000000298,0.29019609094,0.09803922474,0.3764706254,1,1,0,0,68798,0,-1
4822,2,0.15000000596,0.15000000596,1,1,0.99215692282,0,1,1,0,0,106,0,-1
4823,0,0.15000000596,0.15000000596,1,1,0.93725496531,0,1,1,0,0,106,0,-1
4826,0,0.5,0.5,0.5,0.97254908085,0.72941178083,0.92549026012,1,1,0,0,106,0,-1
4827,0,0.5,0.25,1,0.10196079314,0.80392163992,0.72941178083,1,1,0,0,106,0,-1
4828,0,0,0,1,1,0.60000002384,0.29411765933,1,2,0,0,106,0,-1
4829,0,0,0,1,1,0.60000002384,0.29411765933,1,1,0,0,106,0,-1
4830,0,0.5,0.25,1,0.48627454042,0.33725491166,0.92549026012,1,1,0,0,106,0,-1
4833,0,0.5,0.5,0.80000001192,1,0.87058830261,0.3764706254,1,1,0,0,106,0,-1
4836,0,0.5,0.5,2,0.92941182852,0.80000007153,0.43529415131,1,1,0,0,106,0,-1
4838,0,0,0,1.39999997616,1,0.22745099664,0,1,0.60000002384,0,0,106,0,-1
4845,0,0.5,0.5,1.20000004768,0.00784313772,0,0.63137257099,0.60392159224,0.60000002384,0,0,106,0,-1
4848,0,0.10000000149,0.40000000596,1.39999997616,0,0,1,1,1,0,0,106,0,-1
4849,0,1.5,0.30000001192,1.20000004768,0.69803923368,0,0,1,1,0,0,106,0,-1
4850,0,0.5,1,0.69999998808,0.77254909277,0.05490196496,0,1,0.60000002384,0,0,106,0,-1
4851,0,0,0,0.5,1,0.88235300779,0.5647059083,1,1,0,0,106,0,-1
4857,0,0.30000001192,0.30000001192,0.69999998808,1,0.4392157197,0.14901961386,1,1,0,0,106,6,-1
4858,0,0,0,1,0,0.21960785985,1,1,1,0,0,106,0,-1
4864,0,0,0,1,1,0,0,1,0.75,0,0,106,0,-1
4866,0,0,0,0.5,1,0.17647059262,0,1,0.5,0,0,106,0,-1
4867,0,0,0,0.60000002384,0.28235295415,1,0.3725490272,1,0.10000000149,0,0,106,0,-1
4868,10,1,1,1,0.80392163992,0.45490199327,0,0.501960814,1,0,0,106,0,-1
4869,0,0.5,0.25,1,1,0.26274511218,0,1,1,0,0,106,0,-1
4872,0,0,0,0.69999998808,1,0.23921570182,0,1,1,0,0,69070,0,-1
4873,0,0,0,0.69999998808,0.70588237047,0,0.31764706969,1,1,0,0,106,0,-1
4874,0,5,0.25,1.20000004768,0.66274511814,0,0,1,1,0,0,106,0,-1
4875,0.5,0.25,0.25,0.80000001192,0.53333336115,0.27058824897,0.74117648602,1,1,0,0,106,0,-1
4876,0,0,0,0.60000002384,1,0,0.40392160416,1,0.40000000596,0,0,106,0,-1
4877,3,0.30000001192,0.30000001192,0.30000001192,0.98039221764,0.90980398655,0.19607844949,1,1,0,0,106,0,-1
4878,1,0,0,0,0.67450982332,0,0,1,1,0,0,106,6,-1
4882,0,0,0,0.60000002384,1,0,0.40392160416,1,1,0,0,106,0,-1
4883,0,0.20000000298,0.20000000298,2,0.51372551918,0.45098042488,0.45098042488,1,3,0,0,106,5,-1
4884,0,0.10000000149,0.10000000149,2,0.93333339691,0.50980395079,0.09411765635,1,1,0,0,106,0,-1
4885,0.20000000298,0,0.10000000149,0.89999997616,0.60000002384,0,0,1,1,0,0,106,0,-1
4886,0,2,0.5,0.60000002384,0.20000001788,1,0.59607845545,0.49803924561,0.5,0,2.5,106,0,-1
4887,0,2.79999995232,0.20000000298,1.29999995232,0.72156864405,0,0,1,1,0,0,106,0,-1
4888,0,1,1,1,0.21176472306,0.22745099664,0.89803928137,1,1,0,0,106,0,-1
4891,0,0,0,1,0,0.6235294342,1,1,1,0,0,106,0,-1
4892,0,0,0,2,0.81960791349,0.09803922474,0.09803922474,1,1,0,0,106,20,-1
4893,0,0.20000000298,0.20000000298,1,0.61568629742,0.22745099664,0.22745099664,1,2,0,0,106,20,-1
4900,0.15000000596,0.05000000075,0.30000001192,0.60000002384,0.77254909277,0.51372551918,1,1,1.29999995232,8,0.11999999732,106,1,-1
4913,0,0.25,1,1,0.28627452254,1,0.47450983524,1,1,0,0,106,0,-1
4915,0,0,0,0.60000002384,1,0,0.55686277151,1,0.80000001192,0,0,106,0,-1
4916,0,0.10000000149,0.10000000149,1,0.63921570778,0.85882359743,0.3725490272,1,1,0,0,106,20,-1
4918,0,0.5,0.25,0.5,0.39215689898,0.39215689898,0.39215689898,1,1,0,0,106,0,-1
4921,0,0.25,1,0.80000001192,0.69803923368,0.44313728809,0.35686275363,1,1,0,0,106,0,-1
4923,0,0.5,0.5,0.60000002384,0.64705884457,0.07058823854,0.07058823854,1,1,0,0,106,0,-1
4924,0,0,0,1,1,0.38431376219,0.17647059262,1,1,0,0,106,0,-1
4925,0,0,0,0.75,0,0.67058825493,0.92156869173,1,1,0,0,106,0,-1
4926,0,0,0,0.69999998808,0,0.76862752438,0.250980407,1,1,0,0,106,0,-1
4928,0,0,0,1,0.17647059262,1,0.49019610882,1,1,0,0,106,0,-1
4931,0.60000002384,0.20000000298,0.20000000298,0.60000002384,0.03529411927,0.97254908085,1,1,0.80000001192,0,0.10000000149,106,0,-1
4932,0.30000001192,0.10000000149,0.10000000149,0.60000002384,1,0.12156864256,0.80784320831,1,0.80000001192,0,0,106,0,-1
4934,0,1,1,0.80000001192,0.43529415131,0.84313732386,0.40392160416,1,1,0,0,106,0,-1
4935,0,0,0,1,0.99215692282,0.13725490868,0.13725490868,1,2,0,0,106,20,-1
4936,0,0.5,1,0.69999998808,0.87058830261,0.22352942824,0.22352942824,1,1,0,0,106,0,-1
4938,0,1,0.5,0.60000002384,0.29019609094,0.501960814,0.18039216101,1,1,0,0,106,0,-1
4940,0,0.10000000149,0.25,0.80000001192,0.92156869173,0.24705883861,0.36078432202,1,1,0,0,106,0,-1
4941,0,0.10000000149,1,0.75,1,0.03529411927,0.38039219379,1,1,0,0,106,1,-1
4942,0,0.5,0.5,0.69999998808,0.27843138576,0.58431375027,0.26666668057,1,1,0,0,106,0,-1
4944,0,0,0,0.80000001192,0,1,0.65098041296,1,1,0,0,106,0,-1
4945,0,0,0,0.60000002384,1,0,0.40392160416,1,0.85000002384,0,0,106,0,-1
4946,0,0.40000000596,0.20000000298,1.39999997616,1,0,0.40392160416,1,1,0,0,106,0,-1
4948,0,1,1,0.60000002384,0.21960785985,0.61960786581,0.22352942824,1,1,0,0,106,0,-1
4950,0,0,0,0.60000002384,0.6235294342,0.00784313772,0.05490196496,1,1,0,0,106,0,-1
4952,0,0,0,1,0.88235300779,0.07450980693,0.07450980693,1,2,0,0,106,20,-1
4955,0,0.20000000298,0.20000000298,1,1,0,0,1,0.30000001192,0,0,106,0,-1
4957,0,0.5,0.5,0.60000002384,0.3764706254,0.23529413342,0.50588238239,1,1,0,0,106,0,-1
4959,0,0.20000000298,0.20000000298,0.80000001192,0.27450981736,0.91372555494,0.53725492954,1,0.5,0,0,106,0,-1
4960,0.69999998808,0.10000000149,0.30000001192,0.85000002384,1,0.77647066116,0.29411765933,1,1,0,0,106,0,-1
4965,0,0.25,0,0.69999998808,0.40000003576,1,0.40784317255,1,0.75,0,0,106,0,-1
4968,10,10,0.25,0.89999997616,0.6235294342,0,1,0.501960814,0.30000001192,0,0,106,0,-1
4971,0,0.30000001192,0.10000000149,0.89999997616,1,0,0,1,1,0,0,106,0,-1
4972,0,0,0.20000000298,0.69999998808,0.27450981736,0,0.58823531866,1,1.39999997616,0,0,106,0,-1
4975,0,6,0,0.69999998808,0.27450981736,0,0.58823531866,1,1,0,0,106,0,-1
4976,0,0.25,0.25,1.5,0.19215688109,0.03137255087,0.45490199327,1,1,0,0,106,0,-1
4977,0.40000000596,0.20000000298,0.20000000298,0.80000001192,0,0.99215692282,0.15294118226,1,0.80000001192,0,0,106,0,-1
4978,0,0,0,0.89999997616,0,0.02352941409,0.66666668653,1,1,0,0,106,0,-1
4979,0,0,0,0.80000001192,0.28235295415,1,0.78039222956,1,1,0,0,106,0,-1
4981,0,0.30000001192,2,0.60000002384,0.68235296011,0.24705883861,0.96078437567,1,2,0,0,106,2,-1
4987,0,0,0,1,1,0.38431376219,0,1,2,0,0,106,0,-1
4988,0,0,0,0.60000002384,0.52549022436,0.09019608051,0.77647066116,1,1,0,0,106,0,-1
4989,0,0.5,0.25,1,1,0,0.14509804547,1,1,0,0,106,0,-1
4990,2,0.5,0.5,0.89999997616,0.97254908085,0.40784317255,0,1,0.5,0,0,106,0,-1
4991,0,0,0,0.40000000596,0.18039216101,0,0.32941177487,1,0.5,1,0,106,0,-1
4992,0,0.5,1,0.69999998808,0.26274511218,0.03529411927,0.63137257099,1,1,0,0,106,0,-1
4993,0,1,1,0.89999997616,0.250980407,0.8784314394,0.58039218187,1,0.69999998808,0,0,106,0,-1
4995,0,0,0,0.75,0,0.82745105028,0.45490199327,1,1,0,0,106,0,-1
4999,5,0.5,1.5,0.75,1,0.42352944613,0.03529411927,1,0.75,0,0,106,1,-1
5001,1.5,0.10000000149,0.10000000149,1.70000004768,1,0,0,1,1,0,0.10000000149,106,0,-1
5002,0,0,0,0.80000001192,1,0.41960787773,0,1,0.60000002384,0,0,106,0,-1
5003,0,0,0,1.20000004768,1,0.01176470704,0,1,1.20000004768,0,0,106,0,-1
5004,0,1.75,0.5,1,0.43529415131,0.04705882818,0.92941182852,1,1,0,0,106,0,-1
5005,0,0,0,0.80000001192,0,0.76470595598,0.05098039657,1,1,0,0,106,0,-1
5011,0,2,1.25,1.70000004768,0,0.65098041296,1,1,1,0,0,106,0,-1
5012,0,0.5,0.5,1,0.34117648005,0.68235296011,0.31764706969,1,0.5,0,0,106,20,-1
5013,0.40000000596,0.10000000149,0.30000001192,0.69999998808,0.15294118226,0.45098042488,0.60392159224,1,2,8,0,106,0,-1
5015,0,0,0,0.89999997616,0,0.75686281919,0.06274510175,1,1,2,0,106,10,-1
5017,0,0.5,0.5,0.89999997616,0,0.78039222956,1,1,1,0,0,106,0,-1
5020,15,1,0.25,0.89999997616,1,0,0.43529415131,0.501960814,2,0,0,106,0,-1
5021,10,3,5,0.5,1,0.89411771297,0.45882356167,0.55686277151,1,0,0,106,19,-1
5022,10,0.5,5,1,1,0.84705889225,0.54117649794,0.26274511218,1,0,0,106,19,-1
5023,0,0.20000000298,0.20000000298,1,0,0.70588237047,0.49019610882,1,1,0,0,106,1,-1
5024,0,0,0,0.80000001192,1,0.29803922772,0,1,1,0,0,106,0,-1
5025,0,0,0,1,1,0.07843137532,0,1,0.30000001192,0,0,106,0,-1
5026,0,0,0,0.80000001192,1,0.39607846737,0,1,0.60000002384,0,0,106,0,-1
5028,0,0.5,0.25,1,0,0,0,1,1,0,0,106,0,-1
5029,0,0,0,0.80000001192,1,0.3725490272,0,1,0.60000002384,0,0,106,0,-1
5030,0,1,1,0.60000002384,0.93333339691,0.83921575546,0.38823533058,1,0.5,0,0,106,0,-1
5031,0,1,1,1,0.30196079612,0.05490196496,0.5607843399,1,1,0,0,106,0,-1
5034,0,0.5,0.25,1,0,0.81176477671,1,1,1,0,0,106,0,-1
5035,0,2,0.20000000298,1.10000002384,0.7490196228,0,0,1,1,0,0,106,0,-1
5036,0,0,0,0.80000001192,0,1,0.46274513006,1,0.40000000596,0,0,106,0,-1
5037,5,2,2,1,0.28627452254,0.36078432202,0.88627457619,1,1,0,0,106,0,-1
5038,0.75,0.25,0.5,1,1,0.23137256503,0,1,1,0,0,71051,0,-1
5040,0,0,0,0.69999998808,0.79215693474,0,0.05882353336,1,1,0,0,106,0,-1
5041,0,0.5,0.25,1,0,0.64705884457,1,1,1,0,0,106,0,-1
5042,0,0,0,0.89999997616,1,0,0,1,0.40000000596,0,0,106,0,-1
5043,0,3,0.5,0.5,0.06274510175,0.15686275065,0.48235297203,1,1,0,0,106,0,-1
5044,0,0.5,0.5,0.60000002384,0,0,0,1,0.5,0,0,106,1,-1
5045,0,0.5,0.5,0.80000001192,1,0.76862752438,0.98823535442,1,0.40000000596,0,0,106,0,-1
5046,0,0,0,0.40000000596,1,0.50980395079,0.50980395079,1,0.69999998808,0,0,106,0,-1
5049,0,1.5,0.5,1,0,0.29019609094,1,1,1,0,0,106,0,-1
5050,0.5,0.25,0.10000000149,1,0.90980398655,0.43529415131,0.10588236153,1,1,0,0,106,0,-1
5051,0,0.5,0.20000000298,1.29999995232,0.54117649794,0.04705882818,0,1,1,0,0,106,0,-1
5053,0.40000000596,0.15000000596,0.15000000596,0.80000001192,0.47843140364,1,0,1,1,0,0,71088,0,-1
5054,0.40000000596,0.10000000149,0.25999999046,1,0.76078438759,0.76078438759,0.76078438759,1,0.75,0,0,106,0,-1
5055,0.40000000596,0.10000000149,0.25999999046,1,0.85882359743,0.52156865597,1,1,0.75,0,0,106,0,-1
5056,0,0.5,0.20000000298,0.89999997616,0.65098041296,0.00392156886,0.00392156886,1,1,0,0,106,0,-1
5057,0,0.5,0.5,0.60000002384,0,0.66274511814,0.25490197539,1,1,0,0,106,1,-1
5058,0,0.10000000149,0.10000000149,0.69999998808,0.65098041296,0.35294118524,1,1,0.69999998808,0,0,106,0,-1
5059,0,1,1,0.60000002384,0.07058823854,0.6862745285,0.29803922772,1,1,0,0,106,1,-1
5060,0,1,1,0.89999997616,0.80784320831,0.82352948189,0.79607850313,1,1,0,0,106,1,-1
5063,0.20000000298,0.10000000149,0,1,0,0.56862747669,1,1,0.5,0,0,106,0,-1
5064,0.5,0.20000000298,0.40000000596,1,0.47843140364,1,0,1,0.5,0,2,106,0,-1
5071,0,0.20000000298,0.20000000298,1,1,0,0,1,0.80000001192,0,0,106,0,-1
5073,0,0.20000000298,0.20000000298,1,0.99607849121,0.25882354379,0,1,0.60000002384,0,0,106,0,-1
5074,0,0.20000000298,0.20000000298,1,1,0.20000001788,0,1,0.5,0,0,106,0,-1
5077,0,0.5,0.5,0.69999998808,0.72156864405,0.60000002384,0.89411771297,1,1,0,0,106,3,-1
5078,6,0.20000000298,0.10000000149,0.5,0.58823531866,0.58823531866,0.58823531866,0.3764706254,0.89999997616,8,0,106,1,-1
5079,0,0,0,0.89999997616,0.35686275363,0,0.54901963472,1,1,0,0,106,0,-1
5082,0,0,0,2,0.91764712334,0.8784314394,0.70980393887,1,0.20000000298,0,0,106,0,-1
5084,0,1,1,0.80000001192,0.98431378603,0.49803924561,0.49803924561,1,1,0,0,106,0,-1
5085,0,1,1,0.80000001192,0.49803924561,0.98431378603,0.98039221764,1,1,0,0,106,0,-1
5086,0,1,1,0.80000001192,0.61568629742,0.35686275363,0.00784313772,1,1,0,0,106,0,-1
5087,0,1,1,0.80000001192,1,0.79607850313,0.52156865597,1,1,0,0,106,0,-1
5088,0,1,1,0.80000001192,0.36078432202,0.59607845545,1,1,1,0,0,106,0,-1
5089,0,1,1,0.80000001192,0,0.73333334923,0.06666667014,1,1,0,0,106,0,-1
5091,0.64999997616,0.25,0,0.25,0.42745101452,1,0.27450981736,1,1,0,0,106,5,-1
5093,0,0,0.5,0.5,0.29803922772,0.8156863451,0.28627452254,1,1,0,0,106,5,-1
5099,5,0.5,0.5,0.30000001192,0.03137255087,0.03137255087,0.03137255087,1,1,0,0,106,0,-1
5100,0,0.25,2,1.5,0.68235296011,0.250980407,0.85490202904,1,1,0,0,106,0,-1
5101,0,0.25,2,1.5,0.36470589042,0.16862745583,0.4392157197,1,1,0,0,106,0,-1
5103,0,0,0,0,0.17254902422,0.3137255013,0.61960786581,1,0.5,0,0,106,0,-1
5104,1,0.25,0.25,0.80000001192,0.69411766529,0,1,1,1,0,0,106,0,-1
5106,0,0.20000000298,0.5,0,0.97254908085,0.97254908085,0.83137261868,1,0.30000001192,2,0,71610,3,-1
5107,0,1,0.10000000149,1.5,0.48627454042,0.14509804547,0.14509804547,1,1,0,0,106,0,-1
5108,0,1,0.10000000149,1.5,0.35686275363,0.14509804547,0.48627454042,1,1,0,0,106,0,-1
5109,0,3,0.10000000149,1.5,0.52156865597,0.14117647707,0.72549021244,1,1,0,0,106,0,-1
5111,0,1.5,0.10000000149,1.5,0.34117648005,0.14509804547,0.43529415131,1,1,0,0,106,0,-1
5118,0,0,0,1,0.38823533058,0.92156869173,1,1,0.69999998808,0,0,106,0,-1
5119,0,0.5,1,0.80000001192,0.16470588744,0.82745105028,0.21176472306,1,0.60000002384,0,0,106,0,-1
5120,0,0,0,0.89999997616,1,0,0,1,0.5,0,0,106,0,-1
5121,0,0.5,0.5,0.69999998808,0.07058823854,0.17254902422,0.89411771297,1,1,0,0,106,3,-1
5122,0.40000000596,0.15000000596,0.15000000596,0.80000001192,0.47843140364,1,0,1,1,0,0,106,0,-1
5124,0.5,0.20000000298,0.40000000596,1,0.47843140364,1,0,1,0.5,0,0,106,0,-1
5129,0,1,1,1,0.61960786581,0,1,1,1,0,0,106,0,-1
5130,0,0,0,0.89999997616,0.80392163992,0,1,1,1,0,0,106,0,-1
5132,30,1,0,1,0.3137255013,0,1,1,1,0,0,106,1,-1
5133,0,0,0,0.80000001192,0.97647064924,0.16862745583,0.50588238239,1,1,0,0,106,0,-1
5134,0.5,0.5,1,0,0.71372550726,0.21960785985,1,1,1,0,0,106,0,-1
5136,0,0.30000001192,0.5,0.69999998808,0.67450982332,0.94901967049,1,1,1,0,0,106,20,-1
5139,0,0.30000001192,0.5,0.69999998808,0.67450982332,0.94901967049,1,1,1,0,7,106,20,-1
5147,0.5,0.10000000149,0.25,0.80000001192,0.48627454042,0.83921575546,0.13725490868,1,1,0,0,106,3,-1
5148,1,0.34999999404,0.5,0.89999997616,0.27058824897,1,0.63137257099,1,1,0,0,106,1,-1
5149,0.64999997616,0.25,0,0.25,0.32941177487,0.60392159224,0.05882353336,1,1,0,0,106,5,-1
5150,0.5,0,0,0.85000002384,0.47058826685,0.89411771297,0.02352941409,1,1,0,0.64999997616,106,5,-1
5151,0,0,0.5,0.5,0.61176472902,0.92549026012,0.05882353336,1,1,0,0,106,5,-1
5152,0,0.5,0.5,0.80000001192,0,0.98039221764,0.96862751245,1,1,0,0,106,0,-1
5157,0.30000001192,0.10000000149,0.20000000298,2,0.23921570182,0.91764712334,1,1,0.5,0,0,106,0,-1
5158,3,3,1,1,0.501960814,1,0.15686275065,1,1,0,0,106,0,-1
5159,0.25,0,0.25,0.89999997616,0.79215693474,0.05490196496,0.05490196496,1,1,0,0,106,0,-1
5160,0,0.5,1,0.60000002384,0.09019608051,0.09019608051,0.65882354975,1,1,0,0,106,0,-1
5161,0,0.5,1,0.80000001192,0.9411765337,0.9411765337,0.9411765337,1,0.60000002384,0,0,106,0,-1
5162,0,0.5,1,0.80000001192,0.20000001788,0.58039218187,0.24705883861,1,0.60000002384,0,0,106,0,-1
5163,0,0.10000000149,0.25,0.80000001192,1,0.10196079314,0,1,1,0,0,106,0,-1
5168,99,0.30000001192,2,0.60000002384,0.68235296011,0.24705883861,0.96078437567,1,2,0,0,106,0,-1
5172,0.69999998808,0,0.5,0.80000001192,0.47843140364,0,1,1,0.5,0,0,106,0,-1
5173,0,0.40000000596,0.40000000596,0.80000001192,0.04705882818,0.63529413939,0.89411771297,1,1,0,0,106,0,-1
5175,3,0.10000000149,0.5,1,1,0.77254909277,0.27058824897,1,0.5,0,0,106,0,-1
5178,0,0.30000001192,0.30000001192,1,0.36078432202,0.20392158628,0.41176474094,1,0.80000001192,0,0,106,0,-1
5180,0,1,0,0.94999998808,0.96078437567,0.09019608051,0.09019608051,1,1,0,0,106,0,-1
5181,0,1,1,0.89999997616,0.96078437567,0.09019608051,0.09019608051,1,1,0,0,73146,0,-1
5183,0,0.10000000149,1,1.5,0.1882353127,0.79215693474,0.14117647707,1,1,0,0,106,0,-1
5184,0,0.5,0.5,0.89999997616,0.57647061348,0.46666669846,0.90980398655,1,1,0,0,73157,0,-1
5185,0,0.40000000596,0.40000000596,0.89999997616,0.96470594406,0.05098039657,0.05098039657,1,1,0,0,106,0,-1
5189,0,1,1,1,0.21176472306,0.22745099664,0.89803928137,1,0.75,0,0,106,0,-1
5191,0,0,0,0.60000002384,0.18039216101,0,0.32941177487,1,0.5,1,0,106,0,-1
5192,0,0,0,0.31000000238,1,0.24705883861,0,1,0.80000001192,0,0,106,0,-1
5194,0,1,1,0.80000001192,1,0.87450987101,0.09019608051,1,0.80000001192,0,0,106,0,-1
5200,0,0.20000000298,0.20000000298,0.89999997616,0.05098039657,0.50588238239,0.18431372941,1,1,0,0,106,0,-1
5201,0,0.40000000596,0.40000000596,0.89999997616,0.84313732386,0.6901960969,0.08235294372,1,1,0,0,73268,0,-1
5209,0,0.10000000149,0.20000000298,2.5,0.10196079314,0,0.49803924561,1,0.30000001192,0,0,106,0,-1
5213,0,0.20000000298,1,0.69999998808,0.13725490868,0,1,1,1,0,0,106,0,-1
5214,0,0.10000000149,0.10000000149,3,0.73725491762,0,1,1,1,0,0,106,0,-1
5215,0,0.10000000149,0.10000000149,3,1,0.02745098248,0,1,1,0,0,106,0,-1
5217,0,0,0,0.60000002384,1,0.66274511814,0.13333334029,1,0.60000002384,0,0,106,0,-1
5218,0,0.10000000149,0.20000000298,2.5,0.19607844949,0.67058825493,0.92156869173,1,0.30000001192,0,0,106,2,-1
5219,0,0.40000000596,0.40000000596,0.89999997616,1,0,0,1,1,0,0,73425,0,-1
5226,0,0,0,1.20000004768,1,0.80000007153,0.38039219379,1,0.40000000596,0,0,106,0,-1
5236,0,0.10000000149,0.30000001192,1,0.16862745583,0.98039221764,1,1,1,0,0,106,0,-1
5242,0,0.20000000298,0.5,0.69999998808,0,0.83137261868,1,1,1,0,0,106,0,-1
5244,2,0.75,0,1,0.68235296011,0,0,1,1,0,0,106,0,-1
5246,0.5,0.10000000149,0.40000000596,2,0,0.55686277151,0.08627451211,1,1,0,0,106,0,-1
5250,0,0,0,0.40000000596,0.3764706254,1,0,0.38039219379,0.30000001192,4,0,106,0,-1
5251,0,1,1,0.60000002384,0.21568629146,0.06666667014,0.3725490272,1,1,0,0,106,0,-1
5252,0,0,0,1,0.22745099664,0.60784316063,0.09019608051,1,1,0,0,106,0,-1
5254,0,0.5,0.25,0.60000002384,0.5647059083,0.13725490868,0.11764706671,1,1,0,0,106,0,-1
5258,2,1.79999995232,0.40000000596,0.60000002384,0.51372551918,0.85098046064,1,1,0.80000001192,16,0,106,0,-1
5266,0,1,2,0.69999998808,0,0,0.76470595598,1,0.69999998808,0,0,106,0,-1
5268,0.5,0.10000000149,0.40000000596,0.69999998808,1,0.24705883861,0.24705883861,1,0.60000002384,0,0.10000000149,106,0,-1
5270,0,0.20000000298,0,0.69999998808,0.80392163992,0.01960784383,0.01960784383,1,1,0,0,106,0,-1
5277,0,0.25,0,0.69999998808,0,0.95686280727,1,1,0.75,0,0,106,0,-1
5278,0,0,0,0.89999997616,1,0.42352944613,0,1,0.5,0,0,106,0,-1
5280,0,0,0,0.89999997616,1,0.14117647707,0,1,1,0,0,106,0,-1
5281,0,0,0,0.89999997616,1,0.47843140364,0,1,1,0,0,106,0,-1
5282,0.20000000298,0,0.20000000298,1,1,0.33333334327,0.29411765933,1,3,0,0,73632,0,-1
5283,0.15000000596,0,0.15000000596,1,0.38431376219,0.52941179276,1,1,2,0,0,73631,0,-1
5284,0.20000000298,0,0.20000000298,1,0,0.52941179276,0.23921570182,1,3,0,0,73634,0,-1
5285,0.20000000298,0,0.20000000298,1,0.65882354975,0.45098042488,0,1,3,0,0,73633,0,-1
5286,0.20000000298,0,0.20000000298,1,0.59607845545,0,0.3764706254,1,3,0,0,73638,0,-1
5287,0.20000000298,0,0.20000000298,1,0.79215693474,0.82352948189,0,1,3,0,0,73635,0,-1
5288,0.20000000298,0,0.20000000298,1,0,0.06666667014,0.67058825493,1,3,0,0,73637,0,-1
5289,0.20000000298,0,0.20000000298,1,0.59607845545,0,0.61960786581,1,3,0,0,73636,0,-1
5292,0,0.5,1,0.40000000596,0.54901963472,0.14901961386,0.14901961386,1,0.69999998808,0,0,106,0,-1
5293,0.20000000298,0.05000000075,0.5,0.5,0.60000002384,0.19215688109,0.7529412508,1,1,0,0,106,0,-1
5297,1,0.10000000149,0.5,0.44999998808,1,0.79215693474,0.501960814,0.34117648005,1,0,0,106,0,-1
5299,0,0,0,0.60000002384,0,1,0.00392156886,1,0.80000001192,0,0,106,0,-1
5300,0,0,0,0.80000001192,0.99607849121,0.38823533058,0.17254902422,1,1,0,0,106,0,-1
5302,0,3,0.10000000149,1.5,0.27843138576,0.14117647707,0.72549021244,1,1,0,0,106,0,-1
5304,0,2,1,0.69999998808,0,0,0.76470595598,1,0.69999998808,0,0,106,0,-1
5305,3,3,1,1,0.39215689898,0.23529413342,1,1,1,0,0,106,0,-1
5307,0,0.80000001192,0.80000001192,1.29999995232,1,0.80784320831,0.01568627544,1,1,0,0,106,0,-1
5312,0,0.5,0.5,0.69999998808,0.07843137532,0.17647059262,1,1,1,0,0,106,3,-1
5314,0,0,0,0.80000001192,0.96470594406,0.6274510026,0.15294118226,1,1,0,0,106,0,-1
5321,0.60000002384,0.20000000298,0.40000000596,2.5,1,0.92941182852,0.20392158628,1,1,0,0,106,0,-1
5322,0,0.25,0.25,0.89999997616,1,0.02745098248,0.02745098248,1,1,0,0,106,0,-1
5324,0,0,0,1,0.29019609094,1,0,1,0.60000002384,0,0,106,0,-1
5325,0,0.10000000149,0.5,1.5,1,1,1,1,1,0,0,106,6,-1
5326,0,0,0,1.5,0.41568630934,0.41568630934,1,0.09803922474,2,0,0,106,0,-1
5328,0,0,0,0.99000000954,0,1,0.49803924561,1,1,0,0,106,0,-1
5333,0,0,0,0.80000001192,0.54509806633,1,0.47450983524,1,0.5,0,0,106,0,-1
5334,0,0.05000000075,0.5,1.5,0.39607846737,0.03529411927,0.79607850313,1,1,0,0,106,5,-1
5335,0,0.25,0.25,0.60000002384,1,0.10980392992,0.09019608051,1,1,0,0,106,0,-1
5338,0,0.5,0.5,0.80000001192,0.58431375027,0.58431375027,0.58431375027,1,1,0,0,106,0,-1
5400,0,0,0,0.125,0,0,0,1,1,0,0,106,0,-1
5403,180,0,0,1.70000004768,0.56862747669,0,1,1,1,0,0,106,10,-1
5404,0,0.5,0.5,1,1,1,1,1,1,0,0,106,0,-1
5406,0,0.20000000298,0.20000000298,0.60000002384,0.36862745881,0.76470595598,1,1,1,0,0,106,0,-1
5407,3,0.10000000149,0.5,1,1,0.75686281919,0.24313727021,1,0.5,0,0,106,0,-1
5409,0,0.75,0.05000000075,1.5,0.17254902422,0.72941178083,0.11372549832,1,1,0,0,106,1,-1
5410,0.20000000298,0.10000000149,0.10000000149,0.60000002384,0.22745099664,0.71372550726,0.98823535442,1,1,0,0,106,0,-1
5412,0,0,0,1.79999995232,0.64705884457,0.23921570182,0.95686280727,1,1,0,0,106,0,-1
5413,0.40000000596,0.10000000149,0.10000000149,0.69999998808,0.88627457619,0.6274510026,0.30196079612,1,1,0,0,106,0,-1
5414,0.40000000596,0.10000000149,0.10000000149,0.69999998808,0.93333339691,0.30196079612,0.19607844949,1,1,0,0,106,0,-1
5415,0,10,0.5,1.5,0.00784313772,0,0.63137257099,1,5,0,0,106,0,-1
5416,0,0,0,1.5,0.00784313772,0,0.63137257099,1,5,0,0,106,0,-1
5418,0,0,0,0.5,0.93725496531,0.77254909277,0.26666668057,1,1,0,0,106,0,-1
5420,0,0,0,0.20000000298,0.8784314394,0.19215688109,0.93333339691,1,0.5,0,0,106,20,-1
5422,0,2.5,0,0.80000001192,0.72941178083,0,0,1,1,0,0,106,0,-1
5423,0,2,0,0.80000001192,0.64313727617,0,0.85882359743,1,1,0,0,106,0,-1
5427,0,0.25,0.25,1.5,0.3725490272,0.01568627544,0.89411771297,1,2,0,0,106,0,-1
5433,2,0,1,0.80000001192,0.85098046064,0.85098046064,0.85098046064,1,1,0,0,106,1,-1
5434,0,0.25,0.5,0.5,0.69803923368,0.20000001788,0.92549026012,1,1,0,0,106,0,-1
5435,3,0,1,0.40000000596,0.49019610882,1,0.46666669846,1,0.69999998808,0,0,106,0,-1
5437,0,0,0,1,0.95294123888,0.94509810209,0.40392160416,1,1,0,0,106,0,-1
5438,1.5,0.10000000149,0.10000000149,1.70000004768,1,0.72549021244,0,1,1,0,0.10000000149,106,0,-1
5439,0,0,0,0.99000000954,1,0,0,1,0.5,0,0,106,0,-1
5440,0,0.25,0.25,1,0.24313727021,0.12941177189,0.59607845545,1,1,0,0,106,0,-1
5441,0,0,0,0.69999998808,0.00392156886,0.72941178083,0,1,1,0,0,106,0,-1
5442,0,0.20000000298,0,1.20000004768,0,0.27058824897,1,1,0.60000002384,0,0,106,0,-1
5443,0,0,0,0.69999998808,0.72941178083,0.12156864256,0,1,1,0,0,106,0,-1
5448,0,0,0,0.80000001192,0.95294123888,0.6901960969,0,1,1,0,0,106,0,-1
5449,4,0,2,0.40000000596,0.6901960969,0.35686275363,1,1,0.69999998808,0,0,106,0,-1
5451,0,0,0,0.40000000596,0.33725491166,0.85098046064,0.6274510026,0.38039219379,0.30000001192,4,0,106,0,-1
5453,0,0,0,0.89999997616,0.38039219379,0.07058823854,1,1,1,0,0,106,0,-1
5455,0,6,0,1,0,0.40392160416,1,1,4,0,0,106,1,-1
5459,3,1,1,1,0,0.1254902035,1,1,1,16,0,106,1,-1
5463,0,0.10000000149,0.10000000149,2,1,0,0,1,0.5,0,0,106,0,-1
5465,0,0,0,1,0.06274510175,0,1,1,0.80000001192,0,0,106,0,-1
5469,2,1,1,1,0.19215688109,0.38431376219,1,1,1,0,0,106,1,-1
5470,10,2,0.25,1.5,0.19215688109,0.03137255087,0.45490199327,1,1,0,0,106,0,-1
5471,0,0.30000001192,0.30000001192,0.5,1,0.85490202904,0.28235295415,1,1,0,0,106,0,-1
5472,0,0.30000001192,0.10000000149,0.69999998808,1,0.85490202904,0.28235295415,1,1,0,0,106,0,-1
5476,2,0.5,0.5,0.60000002384,0.17254902422,0.83529418707,0.25882354379,1,1,0,0,106,0,-1
5477,8,0,1,0,0,0.90588241816,1,0.00784313772,0.05999999866,0,0,106,0,-1
5479,2.5,0,0,1,1,0.09019608051,0,1,1,0,0,106,0,-1
5481,0,0,0,1,0.07058823854,0,1,1,0.80000001192,0,0,106,0,-1
5482,0,0.20000000298,0,1,0,0.27058824897,1,1,0.80000001192,0,0,106,0,-1
5483,0,0.5,0.5,1,0.91372555494,0.23137256503,0.23137256503,1,0.10000000149,0,0,106,0,-1
5487,0,0.20000000298,0.20000000298,0.69999998808,0.70980393887,0.18431372941,1,1,0.5,0,0,106,3,-1
5489,0.10000000149,0.20000000298,0.40000000596,0.80000001192,1,1,1,0.250980407,1,0,0,106,0,-1
5492,0,1,0.5,1.20000004768,0.60392159224,0,0,1,1,0,0,106,0,-1
5493,0,0,0,0.60000002384,0.6901960969,0.22745099664,1,1,1,0,0,106,0,-1
5494,4.09999990463,0.15000000596,0.5,0.89999997616,0.23529413342,1,0.58039218187,1,1,0,0,106,0,-1
5495,0,1,0,0.80000001192,1,0,0.15294118226,1,1,0,0,106,0,-1
5496,0,0.5,0.25,1,0.19215688109,0.03137255087,0.45490199327,1,1,0,0,106,0,-1
5498,3,3,0.05000000075,1.5,1,0,0,1,1,0,0,106,0,-1
5499,8,0.30000001192,0.30000001192,0.89999997616,0.95294123888,0.25882354379,0.25882354379,1,1,0,0,106,0,-1
5504,3,0.10000000149,3,1.5,1,0.8784314394,0.36862745881,1,1.25,0,0,106,0,-1
5505,3,0.10000000149,3,1.5,1,0.60000002384,0.36862745881,1,1.35000002384,0,0,106,0,-1
5506,0,0,0.5,1.5,1,1,1,1,1,0,0,106,6,-1
5507,0,0,0,1,0.33725491166,0.79215693474,0.16078431904,1,1,0,0,106,0,-1
5508,0,0.20000000298,0.20000000298,0.89999997616,0.7529412508,0.5647059083,0.29019609094,1,1,0,0,106,0,-1
5515,0,1,1,0.80000001192,0.63921570778,0.16862745583,0.16862745583,1,0.30000001192,0,0,106,0,-1
5516,3,0.05000000075,3,1.5,0.65882354975,0.1882353127,0.79607850313,1,1,0,0,106,0,-1
5519,0,1.5,0,0.80000001192,1,0.88235300779,0.45098042488,0.74509805441,1,0,0,75497,0,-1
5520,0,0,0,3,0,0.83529418707,0.89803928137,1,1,0,0,106,0,-1
5521,0,0,0,1,1,0.88235300779,0.45098042488,0.74509805441,1,0,0,106,0,-1
5523,0,0,1,0.80000001192,1,0.88235300779,0.45098042488,0.63137257099,1,0,0,106,20,-1
5525,0,0.30000001192,0.30000001192,1,0.98039221764,0.36078432202,0.01176470704,1,1,0,0,106,0,-1
5526,0,0.05000000075,1,1.5,0.61960786581,0.23137256503,0.84705889225,1,1,0,0,106,5,-1
5529,0,0.05000000075,0,1.5,0.6235294342,0.26274511218,0.79607850313,1,1,0,0,106,0,-1
5530,0,3,3,1.5,0.36862745881,0.08235294372,0.52156865597,1,1,0,0,106,0,-1
5532,0,2.5,0.25,0.80000001192,1,0.44705885649,0,1,1,0,0,106,0,-1
5536,0,0,0.5,0.60000002384,0.70196080208,1,0,1,0.40000000596,0,0,106,0,-1
5538,0,0.25,0.25,0.69999998808,0.25490197539,0.9411765337,0.39607846737,1,0.30000001192,0,0,106,6,-1
5539,0,0.5,0.5,1,0.69803923368,0.23921570182,0.97254908085,1,1,0,0,106,20,-1
5542,2,0.5,0.30000001192,1,0.07058823854,0.42352944613,0.99215692282,1,1,16,0,106,0,-1
5545,0,0.30000001192,0.10000000149,0.69999998808,1,0.88627457619,0.43137258291,1,0.60000002384,0,0,75676,0,-1
5547,5,0.30000001192,0.30000001192,0.10000000149,0.16862745583,0.16862745583,0.16862745583,1,0.20000000298,0,0,106,0,-1
5548,0,0,0,1.5,0.44705885649,0.82352948189,0.96862751245,1,0.5,1,0,106,0,-1
5549,0,1,0,0.89999997616,1,0,0,1,1,4,0,106,0,-1
5550,0,0,0,1,0.19215688109,0.04313725606,0.87450987101,1,1,0,0,106,0,-1
5554,0,1,1,0.80000001192,0.38431376219,0.19607844949,0.66274511814,1,1,0,0,106,0,-1
5555,0,0,0,0.5,0.90588241816,0.25882354379,0.09411765635,1,1,0,0,106,0,-1
5556,10,3,3,1.5,0.68235296011,0.23921570182,0.90588241816,1,1,0,0,106,0,-1
5557,0.5,0.25,0.5,1,1,1,1,0.5607843399,1,0,0,106,2,-1
5558,3,1,1,0.80000001192,1,0.92549026012,0.63921570778,1,1,0,1,106,0,-1
5559,0,2,2,1.5,0.80000007153,0.80000007153,0.80000007153,1,1,0,0,106,1,-1
5560,0,0.10000000149,2,1.5,0.79607850313,0.20000001788,0.20000001788,1,1,0,0,106,6,-1
5561,0,2,0.05000000075,1.5,0.8156863451,0.8156863451,0.8156863451,1,1,0,0,106,0,-1
5562,0,3,0.05000000075,1.25,0.46274513006,0.24313727021,0.99607849121,1,1,0,0,106,0,-1
5563,0,0,0,1,0.71372550726,0.29019609094,0.96470594406,1,1,0,0,106,20,-1
5565,0,0.5,0.5,1,0.94509810209,0.09019608051,0.09019608051,1,1,0,0,106,0,-1
5568,0,0.10000000149,0,0.69999998808,1,0.94901967049,0.17254902422,1,1,0,0,106,0,-1
5569,0,2.5,0.25,1,0.78823536634,0.32156863809,0.02745098248,1,1,0,0,106,0,-1
5570,0.40000000596,0,0.30000001192,0.89999997616,0,1,0.68235296011,1,1,0,0.25,106,0,-1
5571,0,0,0,0.25,0.98431378603,0.94901967049,0.74509805441,1,1,0,0,106,0,-1
5572,0,0.30000001192,0,0.89999997616,0,1,0.68235296011,1,1,0,0,106,0,-1
5575,0,0.5,0.5,1,0.98431378603,0.16078431904,0.16078431904,1,0.40000000596,0,0,106,20,-1
5577,0.5,0.25,0.25,1,1,1,1,0.5607843399,1,0,0,106,2,-1
5578,15,0.20000000298,0.20000000298,0.36000001431,0.45490199327,0.1254902035,0.33725491166,1,1,0,0,106,0,-1
5582,8,0.30000001192,0.30000001192,0.36000001431,0.15686275065,0.14901961386,0.72549021244,1,1,0,0,106,0,-1
5586,3.5,2.5,0,1,0.06274510175,0.12941177189,0.92941182852,1,1,0,0,106,0,-1
5587,0,0,0,1,0.06274510175,0.12941177189,0.92941182852,1,1,0,0,106,0,-1
5588,0,0.5,1,0.69999998808,0.34117648005,0.14509804547,0.55686277151,1,0.60000002384,0,0,106,6,-1
5590,0,1.5,0.5,1.10000002384,0.04705882818,0,0.70196080208,1,1,0,0,106,0,-1
5591,1,0.25,2,1.5,0.68235296011,0.250980407,0.85490202904,1,1,0,0,106,0,-1
5592,0,0,0,3,0.52156865597,0,1,1,1,0,0,106,0,-1
5593,0,0.5,0.20000000298,1.5,0.49803924561,0.30588236451,0.05882353336,1,1,0,0,106,0,-1
5594,0,0.5,0.5,1.5,0.60784316063,0.250980407,0.91764712334,1,1,0,0,106,0,-1
5595,0,0.75,0.10000000149,1.29999995232,0.02352941409,0.65490198135,0,1,1,0,0,106,0,-1
5596,0,0,0,1.5,1,1,1,1,0.5,0,0,106,0,-1
5597,0.40000000596,0.10000000149,0.30000001192,0.80000001192,1,0.92941182852,0.70980393887,1,0.60000002384,0,0,106,0,-1
5599,0,2,0.20000000298,1.5,0.88627457619,0.29803922772,0,1,1,0,0,106,0,-1
5600,0,0,0.20000000298,1.5,0.77647066116,0.77647066116,0,1,1,0,0,106,0,-1
5601,0,1.5,0,1.5,0.77647066116,0.77647066116,0,1,1,0,0,106,0,-1
5602,5,3.5,0.25,0.89999997616,1,0.501960814,0,0.501960814,2,0,0,106,0,-1
5604,5,0.5,1.5,0.75,1,0.29411765933,0.03529411927,1,0.75,0,0,106,1,-1
5609,0,4,0.20000000298,1.5,0.89411771297,0.21568629146,0.21568629146,1,1,0,0,106,0,-1
5610,0,0,0,1,1,0.43137258291,0.97647064924,0.01960784383,0.30000001192,0,0,106,0,-1
5611,0,4,0.20000000298,1.5,0.01176470704,0.08627451211,0.6862745285,1,1,0,0,106,0,-1
5614,0,0,0,1,0.02352941409,0,1,0.01960784383,0.30000001192,0,0,106,0,-1
5615,0,0,0,1.5,0.96470594406,0.19607844949,0.19607844949,1,1,0,0,106,20,-1
5617,0,0.5,0.5,0.80000001192,0.73725491762,0.21960785985,0.21960785985,1,1,1,0,76424,6,-1
5619,0,0,0,1,1,0.65490198135,0.03921568766,1,1,0,0,106,0,-1
5620,0,0,0,1,0.94509810209,0.20000001788,0.20000001788,1,1,8,0,106,20,-1
5621,0,0,0,1,0.55294120312,0.21960785985,0.97647064924,1,1,0,0,106,20,-1
5629,10,0.10000000149,0.10000000149,1.70000004768,1,0,0,1,1,0,0.10000000149,106,0,-1
5630,0,0,0,0.89999997616,1,0,0,1,1,0,0,106,0,-1
5633,0,0,0,2,0.97254908085,0.95294123888,0.66274511814,1,2,0,0,106,0,-1
5635,0,0,0,1,0.96470594406,0.93725496531,0.39215689898,1,0.5,0,0,106,0,-1
5637,0.30000001192,0.15000000596,0.15000000596,0.69999998808,1,0.02745098248,0,1,0.60000002384,0,0,106,0,-1
5639,0,0.75,0.25,1.29999995232,0.43137258291,0.00784313772,0.6901960969,1,1,0,0,106,0,-1
5641,0,0.40000000596,0.40000000596,0.80000001192,0.73725491762,1,0,1,0.80000001192,0,0,106,0,-1
5642,0,0.10000000149,0.10000000149,1,0.73725491762,1,0,1,0.80000001192,0,0,106,0,-1
5643,2,0.10000000149,0.10000000149,1.70000004768,1,0,0,1,1,0,0.10000000149,106,0,-1
5648,0,0,0,0,1,1,1,1,0.10000000149,0,0,106,0,-1
5660,0,0,0,0.89999997616,0,1,0.9411765337,1,0.5,0,0,106,0,-1
5663,2,0.10000000149,0.10000000149,1.70000004768,0.59215688705,0,1,1,1,0,0.10000000149,106,0,-1
5665,0,1,0.05000000075,1.5,0.45882356167,0.45882356167,0.45882356167,1,1,0,0,106,0,-1
5667,0,1,1,0.80000001192,0.69411766529,0.03921568766,1,1,1,0,0,106,1,-1
5671,0,0,0,1,0.93725496531,0.14901961386,0.14901961386,1,1,0,0,106,20,-1
5673,0,0.25,0.25,0.69999998808,0.90980398655,0.11764706671,0.11764706671,1,1,0,0,106,0,-1
5677,1,0.10000000149,0.20000000298,1,0.18039216101,0.46666669846,0.82352948189,1,1,0,0,106,0,-1
5678,0,0,0,1,0.96862751245,0.27058824897,0.09803922474,1,1,0,0,106,0,-1
5679,0,0,0,1,0.45490199327,0.25490197539,0.94901967049,1,1,0,0,106,0,-1
5680,0,0.10000000149,0.10000000149,0.69999998808,1,0.25490197539,0,1,1,0,0,106,0,-1
5681,0,0.25,0,1.5,0.80784320831,0.06666667014,0.06666667014,1,1,0,0,106,0,-1
5683,0,0,0,0.80000001192,0.29411765933,0.15686275065,0.4392157197,1,1,0,0,106,0,-1
5684,0,0,0,1,0.94901967049,1,0.16078431904,1,1,0,0,106,0,-1
5685,0,0,0,1,0.90588241816,0.34901961684,0.07843137532,1,1,0,0,106,20,-1
5686,0,0.30000001192,0.30000001192,1,0.40784317255,0.79215693474,0.17254902422,1,0.80000001192,0,0,106,0,-1
5689,0,1.5,1.5,1.5,0.48235297203,0.57254904509,0.12941177189,1,1,0,0,106,0,-1
5690,15,0,0,1.70000004768,0.53725492954,0,1,1,1,0,0,106,4,-1
5691,0,0,0,0.60000002384,0.55294120312,0,0,1,1,0,0,106,0,-1
5693,0,0,0,1.5,0.6274510026,0.98431378603,0.83137261868,1,0.75,0,0,106,0,-1
5694,0,0,0,0.60000002384,0.52156865597,0.50980395079,0.50980395079,1,0.25,0,0,106,0,-1
5698,0,0,0,1.5,1,0.30196079612,0.22352942824,1,0.75,0,0,106,0,-1
5699,0,0,0,1.5,0.92941182852,0.14509804547,0.05490196496,1,0.75,0,0,106,0,-1
5700,0,0.10000000149,0.10000000149,0.69999998808,0.28235295415,0.25882354379,0.40784317255,1,1,0,0,106,0,-1
5701,0,0,0,1.5,0.97647064924,0.20000001788,0.40392160416,1,1,0,0,106,0,-1
5702,0,0,0,0.89999997616,0,0.99607849121,0.17647059262,1,1,0,0,106,0,-1
5703,0,0.30000001192,0.30000001192,1,0.65490198135,0.99215692282,0.45098042488,1,0.69999998808,0,0,106,0,-1
5704,1,0.5,0.5,0.5,1,0.88235300779,0,1,0.80000001192,0,0,106,1,-1
5705,0,1,1,0.69999998808,0.61176472902,0.11372549832,0.71764707565,1,0.60000002384,0,0,106,0,-1
5706,0,0.10000000149,0.10000000149,1,0,0,0,1,1.20000004768,0,0,106,0,-1
5708,0,0.5,0.5,1,0.57647061348,0,0.95686280727,1,1,0,0,106,0,-1
5709,0,0.5,0.5,1,0.40392160416,0,0.98431378603,1,1,0,0,106,0,-1
5710,0,0,0,1,0.42745101452,0,1,1,1,0,0,106,0,-1
5712,0,2,1,0.69999998808,1,0.02745098248,0,1,0.30000001192,0,0,106,0,-1
5713,1,0.5,0.5,1,0.83529418707,0.76862752438,0.49803924561,1,1,0,0,106,0,-1
5714,0,0,0,1,0.41568630934,0.9411765337,0.90980398655,1,0.75,0,0,106,0,-1
5715,0,6,0,0.25,1,0.83529418707,0.35294118524,1,1,0,0,106,20,-1
5717,2.5,0,2,0.25,0.98823535442,0.87450987101,0.45098042488,1,1,0,0,106,0,-1
5718,0.60000002384,0.20000000298,0.20000000298,0.69999998808,0.40000003576,0.88235300779,0.21176472306,1,0.30000001192,0,0,106,0,-1
5720,0,0,0,1,0.33725491166,0.41176474094,0.27843138576,1,1.5,0,0,106,0,-1
5723,0,0.40000000596,0.40000000596,0.80000001192,0,0.40392160416,1,1,2,0,0,106,1,-1
5725,0,0.5,1,0.69999998808,0.92941182852,0.92549026012,0.3764706254,1,1,0,0,106,0,-1
5726,0,0,0,1.29999995232,0.83921575546,0.97647064924,1,1,1,0,0,106,0,-1
5727,0,0,0,0.89999997616,1,0.6235294342,0.08235294372,1,1,0,0,106,0,-1
5729,0,0.10000000149,0.10000000149,1,0.73725491762,1,0,1,1,0,0,106,0,-1
5741,0,0.5,0.5,1,0.99607849121,1,0.10196079314,1,0.40000000596,0,0,106,1,-1
5747,0,1.25,0,1,1,0.88235300779,0.45098042488,0.74509805441,1,0,0,78039,20,-1
5749,19,0.30000001192,0.30000001192,0.30000001192,0.70588237047,0.14509804547,0.14509804547,1,1,0,0,106,0,-1
5750,0,0,0,1,0.48627454042,0.95294123888,0.20000001788,1,0.75,0,0,106,0,-1
5751,0,0.20000000298,0.20000000298,1,0.47843140364,0,1,1,1,0,0,106,0,-1
5753,0,0,0,0.80000001192,0,0.09019608051,1,1,1,0,0,106,0,-1
5754,0,0,0,0.80000001192,0.41960787773,0,1,1,1,0,0,106,0,-1
5755,0,3.5,0.5,1.70000004768,0.08627451211,0.10980392992,0.76078438759,1,1,0,0,106,0,-1
5757,0,0,0.5,1,0.19607844949,0.05490196496,0.89411771297,1,1,0,0,106,0,-1
5759,0,0,0,1,0.07058823854,0.82745105028,0.91372555494,1,1,0,0,106,0,-1
5762,0,1,1,0.69999998808,0.18431372941,0.60392159224,0.74117648602,1,1,0,0,106,0,-1
5763,0,0.20000000298,0.20000000298,0.80000001192,0,0.25490197539,1,1,1,0,0,106,0,-1
5765,0,1,0,0.89999997616,1,0.88235300779,0.45098042488,0.74509805441,1,0,0,78412,20,-1
5766,0,0,0,1,0.32156863809,0.19607844949,0.95686280727,1,0.75,0,0,106,20,-1
5769,0,0,0,1,0.30980393291,0.25882354379,0.91372555494,1,0.75,0,0,106,0,-1
5775,15,1,0.25,0.89999997616,1,0.51764708757,0,0.501960814,0.30000001192,0,0,106,0,-1
5778,0,0,0,0.5,0.31764706969,0.40784317255,0.14901961386,1,0.69999998808,0,0,106,0,-1
5779,0,0,0,1,0.49019610882,0.36078432202,0.92549026012,1,0.75,0,0,106,20,-1
5784,0,0.5,0.75,0.94999998808,0.38431376219,0,0.52549022436,1,0.5,0,0,106,0,-1
5785,0,0,0,0.89999997616,1,0.38039219379,0.08235294372,1,1,0,0,106,0,-1
5786,1,0.5,0.5,0.80000001192,0.90588241816,0.76470595598,0.27450981736,1,1,0,0,78605,0,-1
5788,0,1.5,0,1,0.87058830261,0.09803922474,0.09803922474,1,1,0,0,106,0,-1
5793,1,1,0.25,0.89999997616,1,0,0,1,1,0,0,106,0,-1
5798,0,0,0,1,0.46666669846,0.70588237047,0.22352942824,1,0.75,0,0,106,20,-1
5799,0,0,0,1,0.80000007153,0.3764706254,0.01568627544,1,1,0,0,106,0,-1
5800,0,0,0,0.89999997616,1,0.6235294342,0.08235294372,1,1,0,0,78659,0,-1
5802,0,0,0,0.89999997616,1,1,1,1,0.5,0,0,106,0,-1
5803,0,0,0,2,0,0,0,1,0.10000000149,1,0,106,0,-1
5804,0,0,0,0.5,0.81176477671,0.28627452254,0.18039216101,1,0.20000000298,0,0,106,0,-1
5805,0,0.5,0,0.80000001192,1,0,0,1,1,0,0,106,5,-1
5806,0.60000002384,0.30000001192,0.30000001192,0.89999997616,0.87450987101,0.72941178083,0.36470589042,1,1,0,0,106,0,-1
5809,4,1,1,0.80000001192,0.50588238239,0,1,1,1,0,0,106,0,-1
5810,4,1,1,0.80000001192,0,1,0.17647059262,1,1,0,0,106,0,-1
5811,4,1,1,0.80000001192,1,0,0.07058823854,1,1,0,0,106,0,-1
5812,4,1,1,0.80000001192,0,0.39215689898,1,1,1,0,0,106,0,-1
5816,0,0,0.40000000596,1,0.98823535442,0.72549021244,0.05490196496,1,1,0,0,106,2,-1
5819,0.40000000596,0,0.40000000596,1,0.98823535442,0.72549021244,0.05490196496,1,1,0,0,106,2,-1
5820,0,0,0,0.69999998808,0.29019609094,0.18039216101,0.42745101452,1,0.80000001192,0,0,106,0,-1
5825,0,0.10000000149,0.10000000149,3,0.65098041296,0,1,1,0.30000001192,0,0,106,0,-1
5826,0,0,0,1,0.26274511218,0.26666668057,0.92156869173,1,0.75,0,0,106,20,-1
5827,0,0,0,1,0.3725490272,0.34509804845,0.96078437567,1,0.75,0,0,106,20,-1
5828,0,0,0,0.69999998808,0,0.07058823854,1,1,2,0,0,106,0,-1
5829,0,1,1,1,1,0.96078437567,0.40392160416,1,1,0,0,106,0,-1
5830,0,0,0,1,0.74117648602,0.39607846737,0.99215692282,1,0.75,0,0,106,20,-1
5832,0,0,0,0.69999998808,0.85098046064,0.02352941409,0.02352941409,1,1,0,0,106,0,-1
5833,0,0,0,1,0.33333334327,0.3725490272,0.95294123888,1,0.75,0,0,106,20,-1
5835,0,0,0,0.60000002384,0.65490198135,0.61568629742,0.07058823854,1,1,0,0,106,0,-1
5837,0,0,0,1,0.26666668057,0.25882354379,0.97254908085,1,0.75,0,0,106,20,-1
5838,0,0.5,0.5,0.20000000298,0.54509806633,0.54509806633,0.54509806633,1,1,0,0,106,1,-1
5839,0,1,1,0.80000001192,1,0.23137256503,0.11764706671,1,0.40000000596,0,0,106,0,-1
5841,0,1,0.25,0.69999998808,1,0.32941177487,0.32941177487,1,0.40000000596,0,0,106,0,-1
5843,0,0.20000000298,1,0.69999998808,0,0.61568629742,1,1,1,0,0,106,0,-1
5845,0,1,1,0.80000001192,0.94509810209,0.88627457619,0.14901961386,1,0.40000000596,0,0,106,0,-1
5846,0,2,0,0.69999998808,1,0,0,1,0.80000001192,0,0,106,0,-1
5848,0,0,0,0.80000001192,0.23137256503,0.96470594406,0.94901967049,1,0.80000001192,0,0,106,0,-1
5849,0,0.5,0.10000000149,0.40000000596,0.18039216101,0.69803923368,1,1,0.69999998808,0,0,106,0,-1
5851,0,1,1,0.80000001192,0.11764706671,0.96078437567,1,1,0.40000000596,0,0,106,0,-1
5853,0,3,0,0.69999998808,1,0.18431372941,0.18431372941,1,1,0,0,106,0,-1
5854,0,0.10000000149,0.30000001192,1,0.96862751245,0.47450983524,0.10588236153,1,1,0,0,106,0,-1
5859,0,2,0,0.80000001192,1,0,0,1,0.89999997616,0,0,106,0,-1
5860,0,1,1,0.20000000298,0.82352948189,0.11764706671,0.94901967049,1,0.5,0,0,106,0,-1
5861,0,2,0,0.80000001192,0,0.29019609094,1,1,0.89999997616,0,0,106,0,-1
5862,0,2,0,0.80000001192,0.59607845545,0,1,1,0.89999997616,0,0,106,0,-1
5863,0,2,0,0.80000001192,1,0.90980398655,0,1,0.89999997616,0,0,106,0,-1
5866,0,0,0,0.80000001192,1,0,0,1,0.15000000596,0,0,106,0,-1
5867,0,0,0,0.80000001192,0,0.21960785985,1,1,0.15000000596,0,0,106,0,-1
5868,0,0,0,0.80000001192,0.60784316063,0,1,1,0.15000000596,0,0,106,0,-1
5869,0,0,0,0.80000001192,1,0.90196084976,0,1,0.15000000596,0,0,106,0,-1
5873,0,1,1,0.69999998808,0.40784317255,0,0.74117648602,1,0.80000001192,0,0,106,0,-1
5878,0,0.20000000298,0.5,1.20000004768,0,0.72941178083,0.47450983524,1,1,0,0,106,0,-1
5879,0,3,0.10000000149,1.5,0.69411766529,0.19215688109,0.19215688109,1,1,0,2,106,0,-1
5883,0,0,0,1,0.23137256503,0.35686275363,0.95686280727,1,0.75,0,0,106,20,-1
5887,0,3,0.25,1.10000002384,0.73725491762,0.03921568766,0.03921568766,1,1,0,0,106,0,-1
5889,0,0,0,0.5,1,0,0,1,0.5,1,0,79271,0,-1
5890,0,0,0,1,0.34117648005,0.23137256503,0.94509810209,1,0.75,0,0,106,20,-1
5892,0,0,0,1,0.3764706254,0.24313727021,0.94509810209,1,0.75,0,0,106,20,-1
5893,0,0,0,0.5,0,0.49803924561,1,1,0.30000001192,1,0,81190,0,-1
5894,0,0,0,0.5,0.63921570778,0.31764706969,1,1,0.40000000596,1,0,81189,0,-1
5895,0,0,0,0.5,1,0.95686280727,0,1,0.5,1,0,81188,0,-1
5898,15,1,1,1,0.84313732386,1,0,1,1,0,0,106,0,-1
5899,0,0,0,0.5,0,0,0,1,1,0,0,106,0,-1
5900,0,1.5,0.10000000149,1.5,0.90588241816,0.45490199327,0.12941177189,1,1,0,0,106,0,-1
5903,0,0.25,0.5,0.69999998808,0.17254902422,0.47450983524,0.13725490868,0.20000001788,1,0,0,106,0,-1
5904,0,0.10000000149,0.5,0.40000000596,0.98039221764,0.35686275363,0.35686275363,1,0.69999998808,0,0,106,0,-1
5906,0,0.5,0.5,0.20000000298,0.25882354379,0.02745098248,0.44705885649,1,0.30000001192,0,0,106,0,-1
5908,2,0.5,0.25,0.40000000596,0.99607849121,1,0.87450987101,1,0.69999998808,0,0,106,0,-1
5909,0,0,0,0.89999997616,0.00784313772,0.14509804547,1,1,1,0,0,106,0,-1
5910,0,0,0,1,0.96078437567,0.29411765933,0.29411765933,1,0.75,0,0,106,20,-1
5911,0.75,0,0.25,1,0.3137255013,0,0.45882356167,1,1,0,0,106,0,-1
5912,8,2.5,2.5,1.79999995232,0.99215692282,0.20392158628,0.05098039657,1,1.79999995232,0,0,106,0,-1
5913,0,0.25,0.25,0.85000002384,0,0.69803923368,1,1,1,0,0,106,3,-1
5915,4.19999980927,1,0.20000000298,1.5,0.99607849121,0.18431372941,0.05490196496,1,1.79999995232,0,0,106,0,-1
5917,10,2,1,1.79999995232,0.11764706671,0.6235294342,1,1,1.79999995232,0,0,106,0,-1
5918,0,0.25,0.5,0.80000001192,1,0,0.01176470704,1,1,0,0,106,4,-1
5922,0,0.10000000149,0.10000000149,0.30000001192,0.91764712334,0.81960791349,0.10196079314,1,0.5,0,0,106,0,-1
5923,0,0.20000000298,1,0.69999998808,0,1,0.97647064924,1,1,0,0,106,0,-1
5926,0,10,0,0,0.85098046064,0.17647059262,0.17647059262,1,1,0,3,106,0,-1
5932,0,0,0.5,0.40000000596,0.96078437567,1,0.25882354379,1,0.69999998808,0,0,106,0,-1
5933,0,1.5,0,0.40000000596,0.96078437567,1,0.25882354379,1,0.69999998808,0,0,106,0,-1
5934,0,0.5,0.5,0.69999998808,0.49411767721,0.74509805441,1,1,0.30000001192,0,0,106,0,-1
5935,0,0.10000000149,3,1.5,0.70196080208,0.11372549832,0.79215693474,1,1,0,0,106,0,-1
5938,0,0,0,1,0.04313725606,0.84313732386,0.74117648602,1,1,0,0,106,0,-1
5939,0,0.25,1,1.5,0.18431372941,0.85490202904,0.98431378603,1,1,0,0,106,0,-1
5947,0,0,0,1,0.96862751245,0.22745099664,0.34509804845,1,0.75,0,0,106,20,-1
5952,0,0,0,1,0.29411765933,0.60784316063,0.91372555494,1,0.75,0,0,106,20,-1
5953,0,0,0,1,0.50980395079,0.40392160416,0.90980398655,1,0.75,0,0,106,0,-1
5955,0,1,0.5,1.79999995232,1,0.31764706969,0.11372549832,1,1.10000002384,0,0,106,0,-1
5956,0,1,0.5,2,0.08235294372,0.75686281919,1,1,1.20000004768,0,0,106,0,-1
5959,0,0,0,1,0.19607844949,0.02745098248,0.87058830261,1,1,0,0,106,0,-1
5960,0,0.10000000149,3,1.5,0.38823533058,0.77647066116,1,1,1,0,0,106,0,-1
5961,0,0.25,0.25,0.60000002384,0.45882356167,0.11764706671,0.63921570778,1,0.80000001192,0,0,106,0,-1
5967,0,0,0,0.75,0.16078431904,0.51372551918,1,1,1,0,0,106,0,-1
5969,1,1,1,0,1,0.98039221764,0.45098042488,1,1,0,0,106,0,-1
5970,0,1,0.10000000149,1.5,0.78039222956,0.39215689898,0.12941177189,1,1,0,0,106,5,-1
5971,0,2,0,1,0.96470594406,0.38039219379,1,1,0.69999998808,0,0,106,0,-1
5972,0,0.5,0.5,0.60000002384,0.35686275363,0.16078431904,0.14901961386,1,1,0,0,106,0,-1
5974,0,0.25,0.25,0.5,0.97254908085,0.99215692282,0.3725490272,1,0.69999998808,0,0,106,0,-1
5976,0,2,1,1.14999997616,0.89019614458,0.501960814,0.13333334029,1,1,0,0,106,0,-1
5980,0,0,0,1,1,0.41568630934,0,1,1,0,0,106,0,-1
5982,0,1,1,1.20000004768,0,0.6235294342,1,1,1,0,0,106,0,-1
5983,0,0,0,0,1,0,0,1,1,0,0,79737,0,-1
5985,0,0,0,1,0.05098039657,0.51764708757,1,1,1,0,0,106,0,-1
5989,0.20000000298,0.10000000149,0.5,0,0.58039218187,0.98039221764,1,1,1,0,0,106,0,-1
5991,1,0.05000000075,3,1.5,0.24313727021,0.83921575546,0.90980398655,1,1,0,0,106,1,-1
5992,0,0,0,1.5,1,0.33725491166,0.09803922474,1,1,0,0,106,0,-1
5997,0.25,0,0.25,1,1,0,0,1,1,0,0,106,0,-1
6000,0,2.5,0.25,1.70000004768,0.74509805441,0.09803922474,0.09803922474,1,1,0,0,106,0,-1
6005,0,0,0,1.5,1,0.35686275363,0,1,0.5,0,0,106,20,-1
6013,0,0,0,0.5,0.91372555494,0.87450987101,0.09411765635,1,0.5,0,0,106,0,-1
6016,0,0.5,0.5,1.20000004768,1,0,0,1,1,0,0,106,1,-1
6017,0,1,1,1.5,0.3725490272,0.72549021244,0.3725490272,1,1,0,0,106,0,-1
6018,1,0,0,1.10000002384,1,0.27058824897,0,1,1,0,0,106,0,-1
6019,0,3,1,0.94999998808,0.15294118226,0.63921570778,0.90588241816,1,0.80000001192,0,0,106,0,-1
6020,0,1,1,0.69999998808,0.96078437567,0.34901961684,0.19215688109,1,0.85000002384,0,0,106,0,-1
6026,0,0.25,0.25,0.89999997616,0.73725491762,0.48627454042,0.19607844949,1,1,0,0,106,0,-1
6030,0,0,0,1.5,1,0.19607844949,0,1,1,0,0,106,0,-1
6031,0,0.20000000298,0.20000000298,1,0.81960791349,0.78431379795,0.46274513006,1,1,0,0,106,0,-1
6033,0,0.10000000149,0.10000000149,3,1,0,0,1,2,0,0,106,0,-1
6034,0,1,1,0.5,0.501960814,1,0.93725496531,1,1,0,0,79890,0,-1
6035,0,0,0,1,0.30196079612,0.20000001788,0.96078437567,1,0.75,0,0,106,20,-1
6036,0,0.5,0.5,1.5,0.02352941409,0.85882359743,0.34901961684,1,0.69999998808,0,0,106,0,-1
6037,0,0.5,0.5,0.80000001192,0.47058826685,0,0.98039221764,1,1,0,0,106,0,-1
6038,0,0.10000000149,0.10000000149,1,0.3137255013,0.23921570182,0.94901967049,1,0.75,0,0,106,0,-1
6039,3,1,1,0.80000001192,0,0.90196084976,1,1,1,0,0,106,0,-1
6040,0,0,0,1.5,0.52156865597,0.19607844949,0.70588237047,1,1,0,0,106,0,-1
6042,0,0.5,0.5,1.5,1,0,0,1,1,0,0,106,0,-1
6044,0,0.20000000298,1,0.69999998808,0,0.72549021244,1,1,1,0,0,106,0,-1
6045,0,4,0.10000000149,1,0.96862751245,0.47450983524,0.10588236153,1,2,0,0,106,6,-1
6047,0,0.25,0,1,0.89019614458,0.41176474094,0.22745099664,1,0.75,0,0,106,0,-1
6048,0,0,0,1,0.66666668653,0.98039221764,0.32156863809,1,0.69999998808,0,0,106,0,-1
6049,0,0.25,0.25,1,0.83529418707,0.83529418707,0.24313727021,1,0.60000002384,0,0,106,20,-1
6050,0,0.25,0.10000000149,1,0.95294123888,0.14117647707,0.01568627544,1,0.80000001192,0,0,106,20,-1
6052,0,0.25,0.25,1,0.92941182852,0.86666673422,0.23137256503,1,0.60000002384,0,0,106,20,-1
6056,10,0.5,1.5,0.75,0.58823531866,1,0.28627452254,1,0.75,0,0,79940,0,-1
6060,0,0.5,1,0.40000000596,0.34117648005,0.14509804547,0.55686277151,1,1,0,0,106,0,-1
6062,0,0,0,2,0,0.68235296011,1,1,1,0,0,106,0,-1
6065,0,1,1,1,0.20392158628,0.86274516582,0.95686280727,0.250980407,0.60000002384,0,0,106,0,-1
6066,0,0.5,0.5,1,1,0.39215689898,0,1,1,0,0,106,0,-1
6067,0,1,0,0.69999998808,0.96470594406,0.25882354379,0.12156864256,1,0.5,0,0,106,0,-1
6068,5,0.20000000298,0.5,0.5,1,0.95686280727,0.33725491166,1,0.5,0,0,106,0,-1
6072,0,0.5,0.5,1,0.501960814,1,0.19607844949,1,1,0,0,106,0,-1
6073,0,0.30000001192,0.10000000149,1,0.3137255013,0.96470594406,0.97647064924,1,1,0,0,106,6,-1
6074,6,0.10000000149,0.10000000149,1.70000004768,1,0.09803922474,0,1,1,0,0,106,0,-1
6075,0,0,0,1,1,0,0.14509804547,1,1,0,0,106,0,-1
6076,0,0.20000000298,0.20000000298,0.80000001192,1,0,0,1,0.60000002384,0,0,106,0,-1
6077,1.5,0.10000000149,0.10000000149,1.70000004768,0.54509806633,0,1,1,1,0,0.10000000149,106,0,-1
6079,2.5,1,1,1,0.65490198135,0.3137255013,1,1,1,0,0,106,0,-1
6080,3,0.10000000149,0.10000000149,1.70000004768,1,0,0,1,1,0,0.10000000149,106,0,-1
6081,0,0,0,1.5,0.85882359743,0,1,1,0.5,0,0,106,20,-1
6082,0,0.10000000149,0.20000000298,0.5,1,0.55294120312,0.02352941409,1,1,0,0,106,4,-1
6089,0,0.5,0.5,0.5,1,0,0,1,1,0,0,106,0,-1
6090,0,0.5,0.5,0.69999998808,1,0.39215689898,0,1,1,0,0,106,0,-1
6091,0,0.25,0.25,3,1,1,1,1,1,0,0,106,6,-1
6092,0,0,0,1,0.87058830261,0.22352942824,0.22352942824,1,0.75,0,0,106,20,-1
6093,0,0,0,1,0.87450987101,0.19607844949,0.19607844949,1,0.75,0,0,106,0,-1
6095,0,0,0,1.70000004768,0.59215688705,0,1,1,1,0,0,106,0,-1
6096,0,0.25,0.25,0.89999997616,0.80784320831,0.1254902035,0.1254902035,1,1,0,0,106,5,-1
6097,0,2.5,0.20000000298,1.29999995232,0.76078438759,0.07843137532,0.07843137532,1,1,0,0,106,0,-1
6098,0,0,0.5,1.29999995232,0.76078438759,0.07843137532,0.07843137532,1,1,0,0,106,0,-1
6099,3,0.30000001192,0.30000001192,0.69999998808,0.06666667014,1,0,1,1,0,0,106,0,-1
6102,0,3,0,1.29999995232,0.32549020648,0.07058823854,0.66666668653,1,1,0,0,106,0,-1
6107,0,0,0,1,0.93725496531,0.45098042488,0,1,1,0,0,106,0,-1
6108,0,1,1,0.40000000596,0.18431372941,0.80784320831,0.20784315467,1,0.69999998808,0,0,80267,0,-1
6109,0,1,1,0.40000000596,0.48627454042,0.18431372941,0.80784320831,1,0.69999998808,0,0,106,0,-1
6110,0,0,0,1,1,0.21960785985,0.20392158628,1,1,0,0,106,0,-1
6111,0,5,0,0.75,1,0.32156863809,0.34117648005,1,1,0,0,106,0,-1
6114,0,0,0,2,0,0.90980398655,0.03921568766,1,0.69999998808,0,0,106,6,-1
6116,6,0.20000000298,0.10000000149,0.60000002384,0.51372551918,0.85098046064,1,1,1,8,0,106,1,-1
6118,0,0.25,0.25,0.89999997616,0.96862751245,0.14901961386,0.14901961386,1,1,0,0,106,5,-1
6119,10,0.25,0,0.80000001192,0.97254908085,0.21960785985,0.12941177189,0.60000002384,1,0,20,106,0,-1
6133,20,1,0.20000000298,1.5,0.99607849121,0.18431372941,0.05490196496,1,1.79999995232,0,0,106,0,-1
6135,0,0.5,0.25,1.29999995232,0.7490196228,0.04705882818,0.04705882818,1,1,0,0,106,0,-1
6141,0,0,0,1,0.43529415131,0.29803922772,0.91372555494,1,0.75,0,0,106,20,-1
6142,0,0.10000000149,0.10000000149,4,1,0.25882354379,0,1,2,0,0,106,0,-1
6144,0.15000000596,0.05000000075,0.34999999404,1.5,0.73725491762,0.71764707565,0.69411766529,1,2,0,0,106,5,-1
6146,2,0.5,0.25,0.40000000596,0.70588237047,0.3137255013,1,1,0.69999998808,0,0,106,0,-1
6147,0,0.5,0.5,1,0.501960814,0.501960814,0.501960814,1,1,0,0,106,0,-1
6149,0,0,0,3,1,1,1,1,1,0,0,106,0,-1
6153,1,0,0.5,0.80000001192,1,0.50980395079,0.07058823854,1,0.30000001192,0,0,106,0,-1
6154,0,0,0,1,0.27450981736,0.53333336115,0.06274510175,1,1,0,0,106,20,-1
6158,0,0,0,1.5,0.93725496531,0.27058824897,1,1,1,0,0,106,0,-1
6161,0,0.25,0.5,0.89999997616,1,0.65490198135,0.96078437567,1,1,0,0,106,0,-1
6162,0,0,0,1,0.03137255087,0.8156863451,0.35294118524,1,0.75,0,0,106,20,-1
6165,0,1,0.10000000149,1.5,0.16862745583,0.501960814,0.88235300779,1,1,0,0,106,0,-1
6166,0,0.5,0.25,1.29999995232,0.8784314394,0.04705882818,0.04705882818,1,1,0,0,106,0,-1
6173,0,0.5,3,1.5,0.48627454042,0.06666667014,0.29803922772,1,1,0,0,106,6,-1
6174,0,0,0,1,0.94901967049,0.501960814,0.16078431904,1,0.75,0,0,106,20,-1
6180,5,2.5,0,1,0.11372549832,0.92941182852,0.06274510175,1,1,0,0,106,0,-1
6181,0,2.5,0.5,1,1,0.04705882818,0,1,1,0,0,106,0,-1
6182,4,2.5,0,1,0.92941182852,0.10196079314,0.06274510175,1,1,0,0,106,0,-1
6183,0,0.5,0.10000000149,1.5,0.84313732386,0.33333334327,0.05490196496,1,1,0,0.25,81321,0,-1
6185,0,0.5,2,1,1,0,0,1,1,0,0,106,0,-1
6186,0,0,0,1,0,0.07058823854,0.501960814,1,1,0,0,81343,2,-1
6187,0,0.10000000149,0.10000000149,0.80000001192,1,0,0,1,1,0,0,106,0,-1
6188,0,0.10000000149,0.10000000149,0.80000001192,0,0.34901961684,1,1,1,0,0,106,0,-1
6189,0,0.10000000149,0.10000000149,0.80000001192,1,0.99215692282,0,1,1,0,0,106,0,-1
6190,0,0.10000000149,0.10000000149,0.80000001192,0.6235294342,0,1,1,1,0,0,106,0,-1
6191,0,0.10000000149,0.10000000149,0.60000002384,1,0.07843137532,0.07843137532,1,1,0,0,106,0,-1
6192,0,0.10000000149,0.10000000149,0.5,0,0.29803922772,0.70980393887,1,1,0,0,106,0,-1
6196,0,1,0.10000000149,1.5,0.68235296011,0.10980392992,0.10980392992,1,1,0,0,106,6,-1
6198,0,1,0.5,1.5,0,0.19607844949,1,1,2,0,0,106,0,-1
6199,0,1,0.5,1,0.94509810209,0,0,1,2,0,0,106,0,-1
6201,0.5,0.10000000149,0.25,0.89999997616,0.17647059262,0.9411765337,1,1,0.80000001192,0,0,106,3,-1
6206,0,5,0.5,0.89999997616,1,0.27058824897,0,1,1,0,0,106,3,-1
6207,1,0.5,1,0.5,1,0.98039221764,0.45098042488,1,1,0,0,81406,0,-1
6208,0,1.5,0.10000000149,1.5,0.45490199327,0.38039219379,0.11764706671,1,1,0,0,106,6,-1
6210,0,0,0,1,0.73725491762,0.09019608051,1,1,1,0,0,106,20,-1
6214,3.5,0.25,0.20000000298,1.5,0.99607849121,0.18431372941,0.05490196496,1,1.79999995232,0,0,106,0,-1
6215,0,0,0,1,0.94901967049,0,0,1,1,0,0,106,20,-1
6216,5,1,0.20000000298,1.5,0.99607849121,0.18431372941,0.05490196496,1,1.79999995232,0,0,106,0,-1
6217,0,0.30000001192,0.30000001192,1,0.11764706671,0.78431379795,0.16078431904,1,1.5,0,0,106,6,-1
6218,0,0.60000002384,1.5,0.85000002384,0.98431378603,0.50980395079,1,1,1,0,0,106,0,-1
6220,0,0,0,0.80000001192,0.24313727021,0.07843137532,0.82352948189,1,1,0,0,106,0,-1
6225,0,0.80000001192,0.80000001192,0,0.21960785985,0.94901967049,0,0.09803922474,0.30000001192,0,0,106,0,-1
6231,2,0.5,2,1,1,0.24313727021,0,1,0.40000000596,0,0,106,0,-1
6232,0,0,0,1,0.32549020648,0.72941178083,1,1,1,0,0,81557,2,-1
6233,0,0,0.10000000149,2,0.29803922772,0.80784320831,1,1,2,0,0,106,0,-1
6235,0,0.25,0.25,0.89999997616,0.79607850313,0.77647066116,0.77647066116,1,1,0,0,106,0,-1
6243,0,4,0,2,0.29803922772,0.80784320831,1,1,3,0,0,106,0,-1
6244,0,0.5,0.5,1,1,0,0,1,1,0,0,106,6,-1
6248,0.64999997616,0.60000002384,0,0.64999997616,0.30588236451,0.78823536634,1,1,1.29999995232,0,0,106,5,-1
6251,0,0,0.5,1,1,0,0,1,1,0,0,106,0,-1
6253,0,3,0.10000000149,1.5,0.69411766529,0.46666669846,0.19215688109,1,1,0,2,106,0,-1
6255,3,0,0,0.5,1,0.1882353127,0,1,1,4,0,106,5,-1
6257,0,0,0,0.75,0.91372555494,0.34901961684,0.48235297203,1,3,0,0,106,20,-1
6258,0,0,0,0.75,0.91372555494,0.34901961684,0.48235297203,1,1,0,0,106,20,-1
6260,20,1,0.20000000298,1.79999995232,0.11764706671,0.6235294342,1,1,1.79999995232,0,0,106,0,-1
6265,0,1,3,1.5,0.16862745583,0.501960814,0.88235300779,1,1,0,0,106,0,-1
6267,0,0,0,0.80000001192,0.38039219379,0.15294118226,0.76470595598,1,0.69999998808,0,0,106,0,-1
6268,2,0.5,0.5,0.80000001192,0.66666668653,1,0.20784315467,1,1,0,0,106,3,-1
6270,2,0.5,0.5,0.80000001192,0,0.77254909277,1,1,1,0,0,106,3,-1
6273,5,4,0.10000000149,1.5,0.16862745583,0.501960814,0.88235300779,1,1,0,0,106,0,-1
6274,0,1,0.10000000149,1.5,0.15294118226,0.71764707565,0.89803928137,1,1,0,2,106,0,-1
6277,0,0,0,1,0.13725490868,0,0.43529415131,1,1,0,0,106,0,-1
6278,0,0,0,0.80000001192,0,0.92156869173,1,1,1,0,0,106,0,-1
6279,0,0.10000000149,0.10000000149,0.40000000596,0.76470595598,1,0.40000003576,1,0.40000000596,0,0,106,0,-1
6280,0,1,3,1,0.98823535442,1,0.71372550726,0.20000001788,0.69999998808,0,0,106,0,-1
6282,0,0,0,0.80000001192,1,0,0,1,0.60000002384,0,0,106,0,-1
6283,0,0,0,0.5,0.13725490868,0,0.43529415131,1,1,0,0,106,0,-1
6284,0,3,0.10000000149,0.40000000596,0.91764712334,1,0.99607849121,1,0.69999998808,0,0,106,0,-1
6285,2,0.5,0.5,0.80000001192,0.74509805441,1,0,1,1,0,0,106,3,-1
6286,0,0.5,0.5,0.80000001192,0.74509805441,1,0,1,1,0,0,106,0,-1
6287,0,1.5,0,0.80000001192,0.14901961386,0.33725491166,0.65098041296,0.74509805441,2,0,0,106,0,-1
6288,0,0,0.20000000298,1,0.14901961386,0.33725491166,0.65098041296,0.74509805441,1,0,0,106,0,-1
6289,0,0,0,2,0.73725491762,0.09019608051,1,1,1,0,0,106,20,-1
6291,0,0.20000000298,0.20000000298,3,1,0,0,1,1,0,0,106,0,-1
6297,0,0,0,2,1,1,1,1,1,0,0,106,0,-1
6298,0,0,0,1,0,0.07058823854,0.501960814,1,1,0,0,106,2,-1
6299,0,0,0,1,1,0.76470595598,0,1,1,0,0,83692,0,-1
6306,0.5,0,0,0.85000002384,0.12941177189,0.89803928137,0.99215692282,1,1,0,0.64999997616,106,5,-1
6310,0,0,0,3,0.44705885649,0,0.76078438759,1,1,0,0,106,0,-1
6311,2,0.5,0.5,1.5,0.42352944613,0.00392156886,0.81176477671,1,0.5,0,0,106,0,-1
6312,0,0.30000001192,0.30000001192,0.25,0.98431378603,0.41568630934,0.99607849121,1,0.25,0,0,106,6,-1
6313,0,0.10000000149,0.10000000149,1,0.22745099664,0.27058824897,0.94901967049,1,1,0,0,106,20,-1
6315,0,0.10000000149,0.10000000149,0.69999998808,0.83529418707,0.06666667014,0.03921568766,1,0.80000001192,0,0,106,0,-1
6318,0,0,0,0.75,0.23137256503,0,1,1,1,0,0,106,0,-1
6320,0,0.10000000149,0.40000000596,1.39999997616,1,0.40392160416,0.42352944613,1,1,0,0,106,0,-1
6322,0,0.10000000149,0.10000000149,0.80000001192,0,0.90588241816,1,1,1,0,0,106,0,-1
6325,0,0.10000000149,0.10000000149,0.69999998808,1,0.63137257099,0,0.66274511814,0.20000000298,0,0,106,0,-1
6327,0,0,0,1.70000004768,0.98823535442,0.71372550726,0.09803922474,1,1,0,0,106,0,-1
6336,0,0,0,1.5,1,0.05882353336,0,1,2,0,0,106,0,-1
6345,0,0,0,0.80000001192,0.52549022436,0.07450980693,0.70980393887,1,0.5,0,0,106,0,-1
6347,0.25,0.25,1.25,1.5,0.74117648602,0.68235296011,0.68235296011,1,1,0,1.25,106,0,-1
6348,0,0,0,0.20000000298,0.20392158628,0.14117647707,0.19607844949,1,1,0,0,106,0,-1
6350,0,0,0,1,0.14509804547,0.60392159224,0.34117648005,1,1,0,0,106,20,-1
6352,0,0,0,1,1,0.49803924561,0.95686280727,1,2,0,0,106,20,-1
6353,0,0,0,0.5,0.65882354975,0.82745105028,0.91764712334,1,0.80000001192,0,0,106,0,-1
6354,1,0.5,0.5,0.80000001192,1,0.94509810209,0.59215688705,1,1,0,0,106,0,-1
6357,1,2.5,0,1,0.92941182852,0.10196079314,0.06274510175,1,1,0,0,106,0,-1
6358,1.5,0,0,1,0.92941182852,0.10196079314,0.06274510175,1,1,0,0,106,0,-1
6366,4,0.10000000149,1,1,1,0.96470594406,0.73333334923,1,1,0,0,106,0,-1
6367,0,0,0,0.5,1,0,0,1,1,0,0,106,0,-1
6368,1.70000004768,1.39999997616,0.20000000298,0.80000001192,0.00392156886,0.80000007153,0.1254902035,1,0.80000001192,16,0,106,0,-1
6369,1.5,1,0.40000000596,0.80000001192,0.00392156886,0.80000007153,0.1254902035,1,0.80000001192,16,0,106,0,-1
6371,3,0.10000000149,0.5,1,0.98431378603,0.89019614458,0.44705885649,1,0.69999998808,0,0,106,0,-1
6372,0,0,0.25,1,1,0.02745098248,0,1,1,0,0,106,0,-1
6373,0,0,0.25,1,1,0.02745098248,0,1,0.60000002384,0,0,106,0,-1
6377,7,0,1,0,0.98431378603,0,1,1,0.20000000298,0,0,106,1,-1
6384,0,0.20000000298,1,0.69999998808,0.04705882818,1,0,1,1,0,0,106,0,-1
6386,0,0.5,0.5,0.69999998808,0.10196079314,0.81176477671,0.84313732386,1,1,0,0,106,0,-1
6390,0,0.20000000298,1,0.69999998808,0.31764706969,0,1,1,1,0,0,106,0,-1
6392,0,0.5,0.5,1,0.501960814,0.88235300779,0,1,1,0,0,106,0,-1
6394,0,0.5,0.5,0.60000002384,1,0.34117648005,0.90196084976,0.7490196228,0.5,0,0,106,1,-1
6397,0,3,2,1,0.15294118226,0.80784320831,0.35686275363,1,1,0,0,106,0,-1
6398,0,0.20000000298,0.20000000298,0.60000002384,0.49411767721,0,1,1,0.80000001192,0,0,106,0,-1
6399,0,0,0,0.89999997616,1,0,0.89019614458,1,1,0,0,106,0,-1
6400,0,0.5,0.5,1,0.54117649794,0.93333339691,0.32156863809,1,1,0,0,106,0,-1
6403,0,0,0,2,1,0.63921570778,0.05882353336,1,1,0,0,106,0,-1
6408,0,0.5,0.5,1,0.501960814,0,1,1,1,0,0,106,0,-1
6410,3,0.5,0.30000001192,1,0.501960814,0.501960814,1,1,2,16,0,106,0,-1
6411,0.33000001311,0.25,0.25,1,0,1,0.05882353336,1,3,0,0,106,2,-1
6412,0,0.5,0.5,0.5,0.26666668057,1,0.30980393291,1,5,0,0,106,2,-1
6416,0,0.5,0.5,0.5,0,0.78431379795,0.04705882818,1,0.5,0,0,106,2,-1
6417,0,0.5,0.5,0.75,0,0.78431379795,0.04705882818,1,1,0,0,106,2,-1
6418,0,0.5,0.5,3,0,1,0.06274510175,1,2,0,0,106,2,-1
6421,0,1,1,1,0,0.40000003576,1,1,1,0,0,106,0,-1
6422,1.5,1.5,0.05000000075,1.5,0.81960791349,0.15686275065,0.17647059262,1,1,0,0,106,0,-1
6427,0,0,0,2,1,0.67450982332,0.13333334029,1,1,0,0,106,0,-1
6439,0,0,0,0,0.99607849121,0.52156865597,1,1,1,0,0,83687,1,-1
6440,0,0,0,1,0.88627457619,0.35294118524,0.09803922474,1,0.75,0,0,106,20,-1
6441,2,0.5,0.30000001192,1,0.501960814,0.501960814,1,1,1,0,0,106,0,-1
6442,0,0,0,2,0.53333336115,0.11764706671,1,1,1,0,0,106,0,-1
6443,0,0,0,1,0.24313727021,1,0,1,1,0,0,106,6,-1
6444,0,0,0,3,0.03137255087,0,0.44313728809,1,2,0,0,106,0,-1
6445,0,0.60000002384,0.20000000298,0.80000001192,0.501960814,0.501960814,1,1,2,8,0,106,0,-1
6447,0,0.25,1,1,0.7490196228,0.7490196228,0.7490196228,1,3,0,0,106,0,-1
6448,0,0,0,1,0,0.13333334029,0.65882354975,1,1,0,0,106,0,-1
6453,0,0.25,0.25,1,1,0,0.79215693474,1,0.60000002384,0,0,106,0,-1
6454,0,0.25,0.25,1,1,0,0.79215693474,1,0.80000001192,0,0,106,0,-1
6456,15,0.30000001192,0.30000001192,0.36000001431,0.16862745583,0.12941177189,0.59607845545,1,5,0,0,106,0,-1
6457,2,0,1,1,0.25490197539,0,1,1,1,0,0,106,0,-1
6458,0,0,1,0.80000001192,0.08627451211,0.51372551918,0.33725491166,1,1,0,0,106,0,-1
6459,0,0,0,1.20000004768,0.11372549832,0,0.64705884457,1,1,0,0,106,0,-1
6462,0,0,0,2,0.08235294372,0.01568627544,0.61176472902,1,1,0,0,106,0,-1
6463,0,0,0,2,1,0.72549021244,0.12156864256,1,1,0,0,106,0,-1
6464,14,0.30000001192,0.30000001192,0.60000002384,0.27450981736,0.10980392992,0.32549020648,1,2,0,0,106,0,-1
6466,0.5,0.5,1,0.80000001192,1,0.99607849121,0.22745099664,1,1,0,0,83822,0,-1
6468,0,6,0,2,0.26666668057,0.44705885649,0.87058830261,1,5,0,0,106,0,-1
6469,0,0,0,1,0.26666668057,0.44705885649,0.87058830261,1,5,0,0,106,0,-1
6471,0.5,0.5,1,0.80000001192,0.53725492954,0,0.83921575546,1,1,0,0,106,0,-1
6472,0,0.5,0.5,1,0.79607850313,0.93333339691,1,1,2,0,0,106,0,-1
6473,0,0.5,0.5,1,0.16078431904,0.21960785985,0.90196084976,1,2,0,0,106,0,-1
6475,0,0,0,2,1,0.70196080208,0,1,1,0,0,106,0,-1
6479,1,0.10000000149,0.5,0.40000000596,0.84705889225,0.58823531866,1,1,0.69999998808,0,0,106,0,-1
6480,3,0.10000000149,1,2,1,0.92941182852,0.6235294342,1,1,0,0,106,0,-1
6483,0,0,0,1.70000004768,0.60000002384,0,1,1,1,0,0.10000000149,106,0,-1
6485,0,0.5,0.25,0.80000001192,0.08627451211,0.51372551918,0.33725491166,1,1,0,0,106,0,-1
6488,0,1,0,0.80000001192,0.61176472902,1,0,1,1,0,0,106,0,-1
6489,0.75,0.10000000149,0.5,0.60000002384,0.67450982332,0,1,1,0.5,0,0,106,0,-1
6490,0,0,0.5,0.80000001192,0.61176472902,0.92549026012,0.05882353336,1,1,0,0,106,5,-1
6493,4,2,0.5,0.80000001192,0.61176472902,0.92549026012,0.05882353336,1,1,0,1,106,0,-1
6494,15,0.20000000298,0.20000000298,0.30000001192,0.16078431904,0.09803922474,0.58039218187,1,1,0,0,106,1,-1
6495,0,0.25,0.25,0.69999998808,0.72549021244,0.3764706254,1,1,0.69999998808,0,0,106,0,-1
6497,0,0,0,0.5,0.22352942824,0.13725490868,0.53725492954,1,2,0,0,106,20,-1
6499,1,0.10000000149,0.20000000298,0.40000000596,0.84705889225,0.60000002384,1,1,0.69999998808,0,0,106,0,-1
6501,0,1,1,0.80000001192,0.61176472902,0.92549026012,0.05882353336,1,1,0,1,106,0,-1
6506,0.10000000149,0,0.64999997616,0.69999998808,0.14509804547,0,1,1,1,0,0,106,0,-1
6507,0.5,0.5,1,0.69999998808,1,0.66274511814,0,1,1,0,0,106,0,-1
6511,0,0,0.5,0.80000001192,0.78431379795,0.21960785985,0.74509805441,1,1,0,0,106,1,-1
6513,0,0,0,0.75,0.89019614458,0.23137256503,0.23137256503,1,1,0,0,106,20,-1
6526,0,0,0,0,0.71372550726,0.6862745285,0.6862745285,1,1,0,0,106,0,-1
6527,0,0,0,0.69999998808,0.8784314394,0.18039216101,0.18039216101,1,1,0,0,106,0,-1
6534,10,5,1,1,0.12941177189,0,1,1,1,0,0,106,0,-1
6535,0.75,0.30000001192,0.80000001192,0.80000001192,0.38431376219,0,1,1,1.5,0,0,106,0,-1
6536,0,0.25,1,0,0.27450981736,0.41960787773,0.21960785985,1,0.5,0,0,84391,0,-1
6541,0.5,0.10000000149,1,0.5,0.52941179276,0.79215693474,0.96470594406,0,0.60000002384,2,0,106,0,-1
6542,1,0.05000000075,1.5,1.5,0.16862745583,0.501960814,0.88235300779,1,1,0,0,106,0,-1
6551,0,1,1,1,0.96470594406,0.38039219379,1,1,0.69999998808,0,0,106,0,-1
6554,0,0,0,1,0.40392160416,0,0.66274511814,1,1,0,0,84471,1,-1
6555,0,0,0,1,0,0.04313725606,1,1,1,8,0,106,20,-1
6556,0,1.79999995232,0.20000000298,0.69999998808,0.7490196228,0.02352941409,0.02352941409,1,1,0,0,106,0,-1
6561,3.29999995232,2.79999995232,0.20000000298,0.89999997616,0.250980407,0,1,1,1,0,0,106,0,-1
6568,2,0.10000000149,0.5,1,0.3137255013,0.85490202904,1,1,2,0,0,106,0,-1
6569,0,0,0,0.80000001192,1,0.80392163992,0.12941177189,1,1,0,0,84640,0,-1
6572,0,0,0,0.5,0.16862745583,0,0.5647059083,1,1,0,0,106,1,-1
6576,0,0,0,1,1,0.96470594406,0.73333334923,1,2,0,0,106,0,-1
6580,5,0.5,0.5,1.5,1,0.14901961386,0.14901961386,1,1,0,0,106,0,-1
6582,0,0,0,0.5,0.16862745583,0,0.5647059083,1,1,0,0,84874,0,-1
6584,0,0,0,1,0.15686275065,0.55294120312,0.93725496531,1,1,1,0,84890,0,-1
6587,0,0,0,1,0.9411765337,0.82745105028,0.01568627544,1,1,0,0,106,2,-1
6596,0,0,0,1,1,0.80784320831,0.1254902035,1,1,0,0,106,0,-1
6600,0,0,0,0,1,0.71764707565,0.45490199327,1,0.10000000149,0,0,84923,0,-1
6602,0,1,1,0.40000000596,0.29411765933,0.14509804547,0.6274510026,1,1,0,0,85006,0,-1
6604,0,1,1,0.80000001192,0.29803922772,0.85098046064,0,0,0.5,0,0,106,0,-1
6605,15,0.30000001192,0.30000001192,1.20000004768,0.52549022436,0.14117647707,0.14509804547,0.84705889225,1,0,0,106,0,-1
6609,0,0,0,0.60000002384,1,0.92156869173,0.12156864256,1,0.60000002384,0,0,85025,2,-1
6612,6,2,2,1,0.32156863809,0,0.68235296011,0,1,0,0,85032,20,-1
6617,0,0,0,1.5,0.19607844949,0.84705889225,1,1,1,0,0,106,0,-1
6618,0,0,0,0.80000001192,0.32156863809,0.81960791349,1,1,1,0,0,85060,4,-1
6625,15,0.36000001431,0.36000001431,0.36000001431,0.82352948189,0.48235297203,0.88235300779,0.20392158628,0.5,0,0,106,0,-1
6627,0,0.10000000149,0.10000000149,1.70000004768,1,0,0,1,2,0,0.10000000149,85185,10,-1
6631,2.5,0.10000000149,0.10000000149,1.70000004768,1,0,0,1,1,0,0.10000000149,85388,0,-1
6632,0,0.5,0.5,1,0.66274511814,0.45490199327,0.80000007153,1,0.5,0,0,106,20,-1
6636,0,0,0,1,0.26666668057,0,0.69803923368,1,1,0,0,85913,0,-1
6638,0,0,0,2,0,0.1254902035,0.61960786581,1,2,0,0,106,0,-1
6640,0,0,0,2,0,0.1254902035,0.61960786581,1,3,0,0,106,0,-1
6642,2,0.10000000149,0.10000000149,1.70000004768,1,0,0,1,1,0,0.10000000149,86084,5,-1
6646,0,0.40000000596,0.40000000596,0.69999998808,1,0.99215692282,0.26274511218,1,1,0,0,86107,0,-1
6647,0,0,0,0.89999997616,0.35294118524,0,1,1,2,0,0,86210,0,-1
6648,0,0,0,0.5,0,0.94901967049,1,1,1,0,0,86518,1,-1
6657,10,1,1,1.70000004768,1,0,0,1,1,0,2.5,86530,0,-1
6658,0,0,0,2,0.01568627544,0.18039216101,0.61176472902,1,1,0,0,106,0,-1
6659,0,0,0,1,0.11764706671,0.92941182852,1,1,1,0,0,86540,0,-1
6660,0,0,0,3,0.20000001788,0.67843139172,1,1,2,0,0,106,0,-1
6661,1,0.5,1,0.5,0.60784316063,0.95686280727,0.98823535442,1,1,0,0,86543,0,-1
6662,100,0.30000001192,0.30000001192,1,0.84705889225,0.27450981736,0.93725496531,1,1,0,0,86544,0,-1
6663,0,0,0,2,0,0.3764706254,0.63921570778,1,2,0,0,86545,0,-1
6665,3,0.10000000149,0.10000000149,1.70000004768,1,0,0,1,1,0,0,86575,0,-1
6666,0,0.10000000149,2,1,0.83921575546,0.45098042488,0.1882353127,1,2,0,0,106,0,-1
6668,0,0,0,3,0.16470588744,0.65098041296,1,1,2,0,0,106,0,-1
6669,0,0,1,1,0.96470594406,0.38039219379,1,1,0.69999998808,0,0,106,0,-1
6673,0.80000001192,0.10000000149,2.20000004768,0.69999998808,0.84705889225,1,0.30196079612,1,0.69999998808,0,1.10000002384,106,0,-1
6674,0,0.5,0.5,0.30000001192,0.92549026012,0.38039219379,0.16470588744,1,1,0,0,87114,10,-1
6675,0.69999998808,0.20000000298,2,0.80000001192,0.46274513006,0.09019608051,0.98823535442,1,0.80000001192,0,1.10000002384,106,0,-1
6676,0,0.5,0.5,0.80000001192,0.1254902035,0.23921570182,0.71372550726,1,1,0,0,106,0,-1
6677,0.40000000596,0.20000000298,0.30000001192,0.30000001192,0.92549026012,0.92549026012,0.16470588744,1,0.80000001192,0,0,87122,10,-1
6679,0,0.10000000149,0.10000000149,2,0,0.46274513006,1,1,1,0,0,106,0,-1
6680,0,0.25,0.25,1.10000002384,0.7490196228,0.7490196228,0.7490196228,1,1,0,0,87129,0,-1
6681,0,1,1,0.69999998808,0.92941182852,0.5647059083,0.89803928137,1,1,0,0,87132,0,-1
6683,2,0.5,0.5,1,1,0.88627457619,0.55294120312,1,2,0,0,87134,20,-1
6684,0,0.20000000298,0.20000000298,1,0.98823535442,0.83921575546,0.38823533058,1,1,0,0,87137,10,-1
6686,2,0.5,0.5,1,0.08627451211,0.30980393291,1,1,2,0,0,87142,20,-1
6688,0,0.10000000149,0.10000000149,2,1,0,0,1,1,0,0,106,0,-1
6694,0,0,0,0.89999997616,0,0.73333334923,1,1,1,0,0,87162,0,-1
6701,0,0.25,0.25,0.94999998808,0.87450987101,0.15294118226,0.15294118226,1,1,0,0,87250,0,-1
6704,0,0.10000000149,0.10000000149,0.69999998808,1,0.99607849121,0.64313727617,1,1,0,0,87298,0,-1
6707,0,0.25,0.25,0.80000001192,0.90980398655,0.11764706671,0.11764706671,1,1,0,0,106,0,-1
6721,0,0.20000000298,0.20000000298,0.80000001192,0.19607844949,0.53725492954,1,1,0.60000002384,0,0.20000000298,106,1,-1
6723,0,1.5,0.5,1,0.54117649794,0.93333339691,0.32156863809,1,1,0,0,106,0,-1
6724,0,1.25,0.25,1.10000002384,0.04705882818,0.07843137532,0.65098041296,1,1,0,0,87337,0,-1
6726,1.5,0.25,0.5,1,0.54117649794,0.93333339691,0.32156863809,1,1,0,0,106,0,-1
6727,6,1,1,0,1,0.250980407,0,1,1,0,0,87339,10,-1
6730,0,0,0,0.80000001192,0.26274511218,0,1,1,1.5,0,0,87348,0,-1
6735,0,0,0,0.80000001192,0.39607846737,1,0,1,0.80000001192,0,0,87360,0,-1
6736,0,0.5,0.5,1,0.81176477671,0.00392156886,0.81176477671,1,1,0,0,87364,20,-1
6741,0,0,0,2,1,0.47450983524,0,1,1,0,0,106,0,-1
6742,0,0,0,2,1,0.3725490272,0,1,1,0,0,106,0,-1
6743,0,0,0,2,1,0.39215689898,0,1,1,0,0,106,0,-1
6744,2,1,0.30000001192,1,0.501960814,0.501960814,1,1,1,0,0,106,0,-1
6745,0,0,0,1,0.03529411927,0,0.68235296011,1,1,0,0,106,10,-1
6746,0,0,1.5,1,0.81176477671,0.00392156886,0.81176477671,1,1,0,0,87501,20,-1
6747,0,0.25,0.25,0.89999997616,0.74509805441,0.48627454042,0.08627451211,1,1,0,0,87513,0,-1
6750,0,0.5,0.5,1,0.86666673422,0.54509806633,0.94901967049,1,1,0,0,87545,5,-1
6752,0,0,0,0.5,1,0,0,1,1,0,0,87576,0,-1
6753,0,0,0,0.69999998808,0.05490196496,0.4392157197,0.90196084976,1,1,0,0,87577,0,-1
6754,0,0,0,2,1,0.90196084976,0.49803924561,1,1,0,0,106,0,-1
6755,0,0,0,2,1,0.90980398655,0.43137258291,1,1,0,0,106,0,-1
6757,0,0,0,0.89999997616,0.63137257099,0,0,1,0.5,0,0,106,0,-1
6758,0,0,0,0.89999997616,1,1,0,1,0.5,0,0,106,0,-1
6759,0,0,0,0.94999998808,0.99215692282,1,0,1,0.25,0,0,106,0,-1
6760,0,0,0,0.89999997616,0,0.66274511814,0.02352941409,1,0.5,0,0,106,0,-1
6762,0,0,0,1,0,0.25882354379,0.66666668653,1,1,0,0,106,0,-1
6764,0,0,0,0,0.49019610882,0.00784313772,0.00784313772,1,1.75,0,0,87684,0,-1
6766,0,0.20000000298,1,0.69999998808,0.78431379795,0.5607843399,0.89803928137,1,1,0,0,87694,0,-1
6767,0,0.20000000298,1,0.69999998808,0.8784314394,0.51372551918,0.88627457619,1,1,0,0,106,0,-1
6768,0,0,0,1,0.32156863809,0.60784316063,0.99215692282,1,1,1,0,87727,0,-1
6769,0,0,0,1,0.97254908085,0.98431378603,1,1,1,1,0,87728,0,-1
6771,0,0.25,0.25,1.5,0.83921575546,0,0.76470595598,1,2,0,0,87757,1,-1
6774,0,0.5,0.5,0.20000000298,0.92549026012,0.83529418707,0.16470588744,1,1,0,0,87772,10,-1
6775,0,0.5,0.5,0.89999997616,0.94901967049,0.05882353336,0.05882353336,1,1,0,0,106,0,-1
6776,2,0.5,0.5,0.80000001192,1,0,0,1,1,0,0,106,6,-1
6779,0,1,1,0.89999997616,0.89411771297,0.87450987101,0.14117647707,1,1,0,0,106,0,-1
6781,0.75,0,0.25,0,0,0.58823531866,1,1,1,0,0,87812,0,-1
6783,0,0.5,0.5,1,0.7529412508,0.93725496531,0.15294118226,1,1,0,0,106,0,-1
6785,0,0.5,0.5,1,0.7529412508,0.93725496531,0.15294118226,1,0.5,0,0,106,0,-1
6792,0,0.25,0.25,0.80000001192,0.13333334029,0.80000007153,1,1,1,0,0,87960,0,-1
6793,0,0,0,2,1,0.27058824897,0.08627451211,1,1,0,0,106,0,-1
6794,0,0,0,1,0.32156863809,0.60784316063,0.99215692282,1,1,1,0,87962,0,-1
6795,0,0,0,0,1,1,1,1,1,0,0,87963,10,-1
6796,0,0.25,0.25,0.80000001192,0.13333334029,0.80000007153,1,1,1,0,0,87967,0,-1
6797,0,0,0,2,1,0.85098046064,0.18431372941,1,1,0,0,106,0,-1
6798,0,0,0,1,1,0.93725496531,0.17647059262,1,1,0,0,106,0,-1
6799,0,0.30000001192,0.30000001192,0.80000001192,0.96470594406,1,0.17647059262,1,1,0,0,106,0,-1
6801,0,0,0,3,1,0.98431378603,0.92156869173,1,1,0,0,87982,0,-1
6802,0,0,0,2,0.83529418707,0.54117649794,1,1,1,0,0,106,0,-1
6808,0,0.20000000298,0.20000000298,0.80000001192,0.70980393887,0.18431372941,1,1,0.80000001192,0,0,106,0,-1
6813,0,0,0,0.89999997616,1,0.01176470704,0.91372555494,1,0.89999997616,0,0,88069,0,-1
6815,1,0,4,0.89999997616,1,0.01176470704,0.91372555494,1,0.89999997616,0,0,88092,0,-1
6818,0,1,1,0.60000002384,0.5647059083,0.09803922474,0.70980393887,1,0.69999998808,0,0,88115,0,-1
6824,0,0.5,0.5,1,0.81176477671,0.00392156886,0.81176477671,1,3,0,0,88140,20,-1
6825,0,0.5,0.5,1.5,0.20392158628,0.92156869173,0.89803928137,1,1,0,0,88141,20,-1
6826,1,0,0,0.80000001192,1,0,0,1,1,0,0,106,1,-1
6828,2.75,0.5,0.5,0.89999997616,0,0.99607849121,0.50588238239,1,1,0,0.5,106,0,-1
6829,0,0.25,0.25,1.29999995232,0.70980393887,0.68235296011,0.68235296011,1,1,0,0,88271,0,-1
6835,0,0,0,0.5,0.96470594406,0.59215688705,1,1,0.30000001192,0,0,88316,1,-1
6836,0,1,1,0.69999998808,0.05490196496,0.44313728809,1,1,1,0,0,88317,0,-1
6838,0,0,0,0.75,0.91764712334,0.25490197539,0.25490197539,1,1,0,0,88325,20,-1
6839,0,1,1,0.89999997616,0.52549022436,0.35686275363,0.89019614458,1,0.69999998808,0,0,106,0,-1
6844,0,2,0.5,0.89999997616,1,1,0.02745098248,1,1,0,0,106,0,-1
6846,2,1,0.5,1,0.501960814,0.501960814,1,1,1,0,0,106,0,-1
6847,2.5,1,0.5,1,0.501960814,0.501960814,1,1,1,0,0,106,0,-1
6848,0,0.20000000298,1,0.69999998808,1,0.44313728809,0,1,1,0,0,106,0,-1
6849,2,0.30000001192,0.30000001192,1,0.08627451211,0.30980393291,1,1,3,8,0,106,20,-1
6850,2,0,1,1,0.08627451211,0.30980393291,1,1,3,8,0,106,20,-1
6851,2,0,1,1,1,0.88627457619,0.55294120312,1,2,8,0,88497,20,-1
6852,2,0.30000001192,0.30000001192,1,1,0.88627457619,0.55294120312,1,2,8,0,106,20,-1
6853,0,0,0,0,0.99607849121,0.52156865597,1,1,1,0,0,88513,1,-1
6855,0,0,0,0.89999997616,1,0.84313732386,0.1882353127,1,1,0,0,106,0,-1
6856,0,0,0,1.5,0.17254902422,0.15686275065,0.82745105028,1,1,0,0,106,0,-1
6857,0,0,0,1,0.99607849121,0.96078437567,0.6235294342,1,0.5,0,0,106,0,-1
6859,0,0.10000000149,0.10000000149,0.40000000596,0.64705884457,0,1,1,0.80000001192,0,0,88547,0,-1
6862,0,0.5,0.5,0.20000000298,0.29803922772,0,0.83137261868,1,1,0,0,106,0,-1
6864,5,1,1,1,0.09411765635,0,0.68235296011,0.46274513006,1,0,0,88559,20,-1
6873,5,1,1,1,0.68235296011,0.05098039657,0,0,1,0,5,88568,19,-1
6877,0,0.10000000149,0.10000000149,1,0.51764708757,0,1,1,0.40000000596,0,0,106,0,-1
6881,0,0.5,0.5,0.89999997616,0.89411771297,0.92941182852,0.06274510175,1,1,0,0,106,0,-1
6883,0,1,1,0.89999997616,0.06666667014,0.93333339691,0.81176477671,1,1,0,0,106,0,-1
6884,0,1,0.5,1,0.501960814,0.501960814,1,1,1,0,0,106,0,-1
6887,0,0,0.20000000298,0.69999998808,0.8784314394,0.8784314394,0.31764706969,1,0.60000002384,0,1,106,0,-1
6890,0,0,0,2,0.250980407,0.35686275363,1,1,1,0,0,88704,0,-1
6891,0,0,0,2,0.250980407,0.35686275363,1,1,1,0,0,88705,0,-1
6892,0,0.69999998808,0.69999998808,0.69999998808,0.8784314394,0.8784314394,0.31764706969,1,0.60000002384,0,1,106,0,-1
6893,0,0,0,1,0.250980407,0.35686275363,1,1,1,0,0,88709,0,-1
6894,0,0.5,0.5,0.89999997616,0,0.99607849121,0.50588238239,1,0.69999998808,0,0,106,0,-1
6896,0,0.20000000298,0.20000000298,0.89999997616,1,0,0.98431378603,1,0.5,0,0,106,0,-1
6897,0,1,1,0.89999997616,0.94901967049,0.98039221764,0.03921568766,1,1,0,0,106,0,-1
6898,0,0.80000001192,0.80000001192,2,0.30196079612,0.10196079314,0.94901967049,1,1,0,0,106,0,-1
6899,0,0.5,0.5,0.80000001192,1,0.35686275363,0,1,1,0,0,106,5,-1
6900,0,0,0,1.5,0.98039221764,0.27450981736,1,1,1,0,0,88881,0,-1
6901,0,0,0,1,0.51764708757,0.26274511218,0.96470594406,1,1,0,0,106,0,-1
6902,0,0,1,1,0.81176477671,0.00392156886,0.81176477671,1,1,0,0,88888,20,-1
6903,0,0.5,0.5,1,0.81176477671,0.00392156886,0.81176477671,1,1,0,0,88915,20,-1
6906,0,0.5,0.25,1.29999995232,0.97254908085,0.22352942824,0.22352942824,1,1,0,0,106,0,-1
6907,0,0.30000001192,0.30000001192,1,0.40000003576,0.73725491762,0.91372555494,1,1,0,0,106,6,-1
6912,0,0,0,2,0,0.45882356167,0.67058825493,1,1,0,0,106,0,-1
6913,0,1,1,1.5,0,0.76078438759,0.76078438759,1,0.20000000298,0,0,106,0,-1
6914,0,0,0,0.89999997616,1,0.01176470704,0.94901967049,1,1,0,0,106,0,-1
6915,0,0,1.5,1,0.81176477671,0.00392156886,0.81176477671,1,1,0,0,89128,20,-1
6916,101,0,0,0.36000001431,0.19607844949,0.1254902035,0.75686281919,1,1,0,0,106,0,-1
6917,101,0,0,0.36000001431,0.95686280727,0.51764708757,1,1,1,0,0,106,0,-1
6926,0.5,0.25,0.25,0.89999997616,1,0.94509810209,0.55686277151,1,3,0,0,106,0,-1
6927,0,0.25,0.25,1.10000002384,0.71372550726,0,0,1,1,0,0,106,0,-1
6928,0,0.10000000149,0.10000000149,0.80000001192,0.53725492954,0,1,1,0.60000002384,0,0,106,0,-1
6929,0,0.25,0.25,0.80000001192,0.67450982332,0.14117647707,0.86666673422,1,1,0,0,106,0,-1
6930,0,0,0,2,0.97647064924,0.94901967049,0.49019610882,1,1,0,0,106,0,-1
6934,0,0,0,2,0.501960814,0.83137261868,0.93725496531,1,1,0,0,106,0,-1
6935,0,0,0,2,0.54117649794,0.8156863451,0.94509810209,1,1,0,0,106,0,-1
6937,0,0,0,0.89999997616,1,0,0.70980393887,1,1,0,0,106,0,-1
6938,0,0.25,0.25,0.89999997616,0.01960784383,0.20000001788,0.71372550726,1,1,0,0,106,0,-1
6939,0.40000000596,0.10000000149,0.20000000298,2,1,0.88627457619,0.30980393291,1,1,0,0,106,0,-1
6940,0.5,0.20000000298,0.20000000298,1,1,0.88627457619,0.30980393291,1,1,0,0,106,0,-1
6941,0,0,0,0.69999998808,0,0.01176470704,0.72941178083,1,1,0,0,106,0,-1
6942,0,0,0,0.89999997616,0.17647059262,0.4392157197,1,1,1,0,0,106,0,-1
6943,0,0,0,1.5,0.23529413342,0.23921570182,0.86666673422,1,0.5,0,0,106,0,-1
6944,0.75,0.5,0.5,0.75,0.01960784383,1,0.63137257099,1,1,0,0,106,0,-1
6945,0,0.25,0.25,1,0.93725496531,0.64705884457,0.92941182852,1,1,0,0,106,6,-1
6950,0,0,0,1.5,1,0.45098042488,0.9411765337,1,1,0,0,89630,6,-1
6953,0,0.34999999404,0.5,0.89999997616,0.27058824897,1,0.63137257099,1,1,0,0,106,1,-1
6954,1,0,0.25,1.70000004768,1,0,0,1,1,0,0,106,0,-1
6958,0,0,0,0.80000001192,1,1,0,1,1,0,0,106,0,-1
6960,0,0,0,0,0.97647064924,0.00784313772,0.00784313772,1,1,0,0,106,0,-1
6961,0,0,0,2,0.250980407,0.35686275363,1,1,1,0,0,90144,0,-1
6964,0,0.10000000149,0.30000001192,1,1,0.05882353336,0,1,1,0,0,106,0,-1
6971,0,1.5,1.5,0.75,0.01960784383,1,0.63137257099,1,1,0,0,106,0,-1
6982,0,0.25,0.25,1.20000004768,0.70588237047,0.05098039657,0.05098039657,1,1,0,0,106,0,-1
6983,0,0,0,2,0.18431372941,0.89411771297,1,1,1,0,0,106,0,-1
6984,0,0,0,1,0.28235295415,0.58431375027,1,1,1,0,0,106,0,-1
6992,0,4,1,10,0,1,0.98823535442,1,100,0,0,106,20,-1
6993,0,0.25,0.25,1.20000004768,0.04313725606,0.06274510175,0.72156864405,1,1,0,0,106,0,-1
6994,8,0.30000001192,0.20000000298,0.80000001192,0.36862745881,0.75686281919,1,1,10,0,0,106,20,-1
6998,8,0.30000001192,0.20000000298,0.80000001192,0.36862745881,0.75686281919,1,1,1.20000004768,0,0,106,19,-1
6999,0,0,0,0.75,0.84313732386,0.13333334029,0.13333334029,1,1,0,0,106,0,-1
7001,10,0.5,0.25,0.89999997616,1,0.94901967049,0,0.501960814,0.5,0,0,106,0,-1
7002,10,0.5,0.25,0.89999997616,1,0.34901961684,0,0.501960814,0.5,0,0,106,0,-1
7005,1,0.25,1,0.5,1,0.93725496531,0.71764707565,1,1,0,0,90748,0,-1
7006,0,2,2,1,0,0.68235296011,0.25490197539,0,0.5,0,0,90835,6,-1
7007,10,0.5,0.25,0.89999997616,1,0.90588241816,0,0.501960814,0.5,0,0,106,10,-1
7009,0,2,2,1,0,0.68235296011,0.25490197539,0,0.25,0,0,90837,6,-1
7011,0,0,0,0.5,0.73333334923,0.04705882818,0.04705882818,1,1,0,0,106,0,-1
7012,1.20000004768,0.20000000298,1,1.60000002384,0.74117648602,0.93333339691,0.90588241816,1,2,0,0,90839,0,-1
7014,0,0,0,0.40000000596,0.45882356167,0.12941177189,0.12941177189,1,0.69999998808,0,0,106,0,-1
7015,0,2.5,0.25,0.69999998808,1,1,1,1,1,0,0,106,0,-1
7016,10,0.5,0.25,0.89999997616,1,0,0.03137255087,0.501960814,0.5,0,0,106,0,-1
7017,10,0.5,0.25,0.89999997616,0,0.66274511814,0.03137255087,0.501960814,0.5,0,0,106,0,-1
7020,0,0,0,2,0.31764706969,0.70980393887,1,1,1,0,0,106,0,-1
7025,0,0.20000000298,0.10000000149,0.69999998808,0.80784320831,0.98823535442,1,1,0.80000001192,0,0,106,0,-1
7026,0,0.25,0.25,1.10000002384,0.01176470704,0.03921568766,0.67843139172,1,1,0,0,106,0,-1
7027,0,0,0,0.75,0.68235296011,0.91372555494,0.94509810209,1,1,0,0,106,20,-1
7034,1,0.5,0.25,0.69999998808,0.98431378603,0.70196080208,0.98431378603,1,1,0,0,106,0,-1
7036,0,0,0,0.75,0.94901967049,0.71372550726,0.29803922772,1,1,0,0,106,20,-1
7037,0,0.20000000298,0.20000000298,0.75,0.92549026012,0.46666669846,0.13333334029,1,1,0,0,106,20,-1
7038,0,0.25,0.25,0.5,0.84313732386,0.12941177189,0.08235294372,1,1,0,0,106,0,-1
7039,0,0.25,0.25,0.69999998808,0.05490196496,0.52156865597,0.96862751245,1,1,0,0,106,0,-1
7041,0,0.25,0.25,1.29999995232,0.01568627544,0.10196079314,0.63137257099,1,1,0,0,106,0,-1
7042,0,0,0,0.69999998808,0.99215692282,1,0.15294118226,1,0.69999998808,0,0,106,0,-1
7043,0,1.5,0.5,0.75,0.91372555494,0.46274513006,0.29019609094,1,1,0,0,106,20,-1
7044,0,0,0,1,1,0.88627457619,0.17254902422,1,1,0,0,106,0,-1
7046,0,3,1,0.5,1,0.63137257099,0,1,1,0,0,106,0,-1
7049,0,0,0,1.5,0,0.41960787773,1,1,1,0,0,91163,0,-1
7050,1,0.5,0.5,1,0.36470589042,0.07058823854,0.99215692282,1,1,0,0,106,0,-1
7051,1,0.20000000298,0.5,1,0.49411767721,0.07058823854,0.99215692282,1,1,0,0,106,0,-1
7055,0,0,0,0.80000001192,1,0,0,1,0.30000001192,0,0,106,0,-1
7056,2,0.5,0.5,0.80000001192,1,0.33725491166,0.99215692282,1,1,0,0,106,0,-1
7058,0,0,0,1,0.09411765635,0,0.68235296011,0.46274513006,1,0,0,91186,20,-1
7059,0,0,0,1,1,0.76470595598,0,1,1,0,0,91191,0,-1
7060,0,0,0,0.75,0.94509810209,0.51372551918,0.13333334029,1,1,0,0,106,20,-1
7061,0,0,0,0.30000001192,1,1,0.23921570182,1,5,0,0,106,0,-1
7063,0.89999997616,0.10000000149,3,10,0.48235297203,1,0.99215692282,1,100,0,0,106,20,-1
7064,0,0.25,0.25,1.10000002384,0.67058825493,0,0,1,1,0,0,106,0,-1
7067,0,0,0,0.75,0.86666673422,0.16078431904,0.16078431904,1,1,0,0,106,20,-1
7071,0,1,1,1.29999995232,0.96078437567,0.26666668057,0.92156869173,1,0.69999998808,0,0,106,0,-1
7073,0,0,0,0.75,0.84313732386,0.92156869173,0.78039222956,1,1,0,0,106,0,-1
7074,0,0,0,0.75,0.94509810209,0.42352944613,0.1882353127,1,1,0,0,106,0,-1
7075,0,0,0,0.75,0.8784314394,0.23137256503,0.23137256503,1,1,0,0,106,0,-1
7076,0,0,0,0.10000000149,0,0.6901960969,0.85490202904,1,1,0,0,106,0,-1
7078,0,1,1,1,1,0,0.9411765337,1,1,0,0,106,0,-1
7080,0,0.20000000298,0.20000000298,0.30000001192,0.19607844949,0.53725492954,1,1,0.80000001192,0,0.20000000298,106,1,-1
7081,2,0,1,0.80000001192,0.39215689898,0.90588241816,1,1,1,0,0,106,1,-1
7085,0,0,0,0.75,0.7529412508,0.88235300779,0.90196084976,1,1,0,0,106,20,-1
7086,30,0.5,0.25,0.89999997616,0.72549021244,0.6235294342,0.09803922474,0.501960814,0.5,0,0,106,0,-1
7089,1,0.20000000298,0.20000000298,0.85000002384,1,0.97647064924,0.86666673422,1,5,0,0,106,0,-1
7094,0,0,0,1,0,0.13333334029,1,1,2,0,0,106,0,-1
7095,0,0,0,0.89999997616,0,1,0.09411765635,1,1,0,0,106,0,-1
7096,0,0,0,0.80000001192,0.13725490868,0.41568630934,1,1,2,0,0,106,0,-1
7097,15,0.5,0.25,0.89999997616,1,0.26274511218,0,0.501960814,0.5,0,0,106,10,-1
7102,0,0.25,0.25,1.5,0.71764707565,0.34509804845,1,1,1,0,0,106,0,-1
7106,0,0,0,1,1,0.78039222956,0.11372549832,1,2,0,0,106,0,-1
7107,0,1,2,1,0.01960784383,1,0.63137257099,1,1,0,0.5,106,0,-1
7108,0,0.20000000298,0.20000000298,0.89999997616,1,0,0.08235294372,1,1,0,0,106,0,-1
7109,0,0.30000001192,0.30000001192,1,0.74509805441,0.83137261868,0,1,0.69999998808,0,0,106,0,-1
7111,0.5,0,0.5,0.5,1,0.40784317255,0.1882353127,1,1,0,0,106,0,-1
7112,3,0.5,0.5,1,0.77254909277,0.23529413342,0.23529413342,1,1,1,0,106,0,-1
7114,0,0,0,0.20000000298,1,1,1,1,1,0,0,106,0,-1
7115,0,0.25,0.25,1.5,0.49803924561,0,1,1,1,0,0,106,0,-1
7125,0,0.5,0.5,0.89999997616,0.09019608051,0.81176477671,0.52156865597,1,1,0,0,106,0,-1
7126,0,0.25,0.25,0.80000001192,1,0,0,1,1,0,0,106,0,-1
7127,0,0.25,0.25,0.89999997616,1,0,0,1,1,0,0,106,0,-1
7128,0,0,0,0.60000002384,1,0.90196084976,0.20000001788,1,0.5,0,0,106,0,-1
7131,0,0.10000000149,0.40000000596,0.60000002384,0,0.46666669846,0.69803923368,1,2,0,0.15000000596,106,0,-1
7132,0,0,0,0.60000002384,1,0.27450981736,0.94901967049,1,2,0,0,106,0,-1
7133,0,0,0,0.60000002384,0.96078437567,0.1882353127,1,1,2,0,0,106,0,-1
7134,0.5,0.20000000298,0.20000000298,0.80000001192,1,1,1,1,3,0,0,106,0,-1
7135,0.5,0.20000000298,0.20000000298,0.75,1,1,1,1,2,0,0,106,0,-1
7138,0,0,0,0.80000001192,1,0.38823533058,0.81176477671,1,3,0,0,106,0,-1
7139,0.25,0.20000000298,0.20000000298,0.40000000596,0.69411766529,0.31764706969,1,1,2,0,0,106,0,-1
7141,0.10000000149,0,1,2,0.3137255013,0.87450987101,1,1,0.80000001192,0,0,106,2,-1
7142,0,0,0,0.5,0.29411765933,0.20392158628,1,1,1,0,0,106,0,-1
7145,0,0,0.10000000149,0.60000002384,0.89803928137,0.89411771297,0.84705889225,1,1,0,0,106,0,-1
7146,0,0.30000001192,1,0.66000002623,0.49019610882,0.21568629146,1,1,1,0,0,106,0,-1
7148,0,0,0,1,0.14117647707,0.88627457619,0.54901963472,1,1,0,0,106,0,-1
7149,0.5,0.20000000298,0.20000000298,0.89999997616,1,0.98823535442,0.80000007153,1,3,0,0,106,0,-1
7150,0,0,0,1,0.09411765635,0,0.68235296011,0.46274513006,1,0,0,92031,20,-1
7152,0,0,0,0.69999998808,0,0.87058830261,0.61568629742,1,1,0,0,106,0,-1
7158,0,0,0,0.75,1,0.47450983524,0.9411765337,1,2,0,0,106,0,-1
7159,0,0,0,0.75,0,0,0,1,4,1,0,106,0,-1
7165,10,0.5,0.25,0.89999997616,0.25882354379,0,1,0.501960814,0.5,0,0,106,0,-1
7166,0,0,1,0.75,0.97254908085,0.5647059083,0.23137256503,1,1,0,0,106,20,-1
7168,0,0.25,0.25,1.29999995232,0.80392163992,0,0,1,1,0,0,106,0,-1
7170,0,0.5,0.5,2,1,0.86666673422,0.41176474094,1,0.5,0,0,106,6,-1
7172,0,3.5,0.75,1,1,0.71764707565,0,1,1,0,0,106,0,-1
7174,0,0,0,0.80000001192,0.79215693474,0,1,1,0.60000002384,0,0,106,0,-1
7175,0.75,0.25,0.25,0.75,1,0.61568629742,0.91372555494,1,3,0,0,106,0,-1
7180,0,0,0,2,0.60784316063,0.98431378603,1,1,1,0,0,106,0,-1
7183,0,0,0,2,0.61568629742,0.3725490272,1,1,1,0,0,106,0,-1
7184,0.30000001192,0.10000000149,0.30000001192,0.75,1,0.91372555494,0.45098042488,1,0.60000002384,0,2.90000009537,106,0,-1
7187,0,0,0,0.80000001192,0.81176477671,0,1,1,0.60000002384,0,0,106,0,-1
7192,0,0.5,0.5,0.69999998808,0.96078437567,0.50980395079,0.11372549832,1,1,0,0,106,0,-1
7196,0,0,0,0.80000001192,0.18431372941,1,0,1,0.60000002384,0,0,106,0,-1
7197,0,0.5,0,0.75,0.94509810209,0.70196080208,0.24705883861,1,1,0,0,106,20,-1
7198,0,0,0,1,1,0.96078437567,0,1,1,0,0,106,0,-1
7199,0,0,0,0.5,1,0.93333339691,0.44705885649,1,2,0,0,106,0,-1
7203,0,0,0,0.5,0.51372551918,0.80000007153,0.95294123888,1,0.80000001192,0,0,106,0,-1
7205,0,0,0,0.69999998808,0.85490202904,0.74509805441,0.91764712334,1,1,0,0,106,0,-1
7207,0,0.10000000149,0.10000000149,0.60000002384,0.29803922772,0.07058823854,0.41568630934,1,1,0,0,92514,0,-1
7210,0,0,0,0.80000001192,1,0,0,1,1,0,0,106,1,-1
7217,0,0,0,1,0,0.7490196228,0.50588238239,1,1,0,0,106,0,-1
7220,0,0.5,0.25,0.89999997616,0.25882354379,0,1,0.501960814,0.5,0,0,106,0,-1
7224,0,0,0,0,0.44313728809,0.90980398655,1,1,1,0,0,92964,1,-1
7227,0,0.25,0.25,0.89999997616,0.96862751245,0.71764707565,0.18431372941,1,1,0,0,106,0,-1
7228,0,0,0,3,0,0.84705889225,0.53725492954,1,1,1,0,106,0,-1
7232,0,0,0,1,0,0.92549026012,0.58431375027,1,1,0,0,106,0,-1
7234,8,7.5,0.5,1.60000002384,0.93725496531,0.95294123888,0.61176472902,1,2,4,0,93177,2,-1
7238,0,1,1,1,0.36078432202,0.99607849121,0.92156869173,0.23921570182,1,0,0,106,0,-1
7244,0,0,0,1,0.34117648005,1,0.58039218187,1,1,0,0,106,0,-1
7247,1.5,0.5,0.5,0.69999998808,0.7529412508,0.93725496531,0.15294118226,1,1,0,0,106,0,-1
7248,0,0,0,2,0,0.77647066116,0.28235295415,1,0.30000001192,0,0,106,0,-1
7253,6.5,3,1.5,10,0.48235297203,1,0.99215692282,1,100,0,0,106,20,-1
7254,0,0.5,0.5,0.20000000298,1,0.20784315467,0.03921568766,1,1,0,0,93579,10,-1
7255,0,0.5,0.5,0.20000000298,0.03921568766,0.43137258291,1,1,1,0,0,93580,10,-1
7257,0,3.5,0.5,1,0.43137258291,0.99607849121,0.30980393291,1,1,0,0,106,0,-1
7258,0,0,0,0.80000001192,0,0.77647066116,1,1,0.60000002384,0,0,106,0,-1
7262,0,0,0,1.5,0,0.07058823854,0.501960814,1,1,0,0,93906,2,-1
7263,0,0,0,1.5,0,0.07058823854,0.501960814,1,1,0,0,93907,2,-1
7264,0,0,0,1.5,0,0.07058823854,0.501960814,1,1,0,0,93908,2,-1
7265,0,0,0,1.5,0.08235294372,0.08627451211,0.70196080208,1,0.5,0,0,106,0,-1
7266,0,0.5,0.5,1.5,0.20392158628,0.92156869173,0.89803928137,1,1,0,0,94020,20,-1
7267,0,0,2,1,0.93333339691,0.67843139172,0.29411765933,1,2,0,0,106,0,-1
7268,0,0,0,1.20000004768,1,0.72549021244,0,1,1,0,0,94062,0,-1
7271,0,0.15000000596,0.5,0.60000002384,0.10980392992,0.22352942824,0.60784316063,1,1.29999995232,0,0,106,0,-1
7272,0,0.5,0,1,0.93725496531,0.18039216101,0.18039216101,1,1,0,0,106,20,-1
7273,0,0,0,0.80000001192,0.8156863451,0,1,1,0.60000002384,0,0,106,0,-1
7274,0,0,0,0.75,0.06274510175,0.21960785985,0.90588241816,1,2,0,0,106,0,-1
7275,0,0,0,1,0,0.34509804845,0.70588237047,1,1,0,0,106,0,-1
7276,0,0.80000001192,0.80000001192,0.80000001192,0.32941177487,0.20000001788,1,1,1.20000004768,0,0,106,0,-1
7277,0,0,0,1.5,0,0.07058823854,0.501960814,1,1,0,0,94116,2,-1
7280,0,0,0,1.20000004768,1,0.72549021244,0,1,1,0,0,94123,0,-1
7282,0,0,0,0.94999998808,0.54117649794,0,1,1,1,0,0,106,0,-1
7284,0.69999998808,0.15000000596,0.5,0.60000002384,0.51764708757,1,0.24313727021,1,1.29999995232,0,0.75,106,0,-1
7288,0.5,0.15000000596,0.5,0.60000002384,0.12941177189,0.92156869173,0.94509810209,1,1.29999995232,0,0,106,0,-1
7289,0,0,0,1,0.90588241816,0,1,1,0.60000002384,0,0,106,0,-1
7290,0,0,0,0.60000002384,1,0,0,1,0.80000001192,0,0,106,0,-1
7292,0,0,0,1,0.09411765635,0,0.68235296011,0.46274513006,1,0,0,94169,20,-1
7294,1,0.15000000596,0.5,0.60000002384,0,0.34509804845,1,1,1.29999995232,0,0,106,0,-1
7295,0.5,0.15000000596,0.5,0.60000002384,0.12941177189,0.21176472306,0.94509810209,1,1.29999995232,0,0,106,0,-1
7298,0,0,0.15000000596,0.80000001192,1,0.52156865597,0.90196084976,1,1,0,0,106,0,-1
7299,3.5,1,1,0.69999998808,0.39607846737,0.69803923368,1,1,0.69999998808,0,0.5,106,10,-1
7305,0,0.5,0.5,0.89999997616,0.88627457619,0.58039218187,0.89411771297,0.58431375027,0.20000000298,0,0,106,0,-1
7307,0,0.5,0.5,0.80000001192,1,0.54509806633,0,1,1,0,0,106,1,-1
7308,0,0.25,0.25,0.69999998808,0.88627457619,0.67058825493,1,1,0.80000001192,0,0,106,0,-1
7309,0.5,0.34999999404,3,1.5,0.15294118226,0.15294118226,0.82352948189,1,1,0,0.5,106,0,-1
7310,0,0,0,1,0.21176472306,0,0.79215693474,1,1,0,0,106,0,-1
7311,3,1,1,1,0,0.06274510175,0.5607843399,1,2,0,0,106,0,-1
7312,0.5,0.15000000596,0.5,0.60000002384,0.74509805441,0.6901960969,0.89019614458,1,1.29999995232,0,0,106,0,-1
7313,0,0,0,1,0.85882359743,0.21568629146,0.29411765933,1,0.75,0,0,106,20,-1
7314,3.5,1,1,0.5,1,0.82352948189,0.48627454042,1,0.69999998808,0,0.5,106,0,-1
7316,0,0,0.15000000596,1.5,0.54901963472,0.1254902035,0.85882359743,1,1,0,0,106,0,-1
7318,0,0,0.15000000596,1,0.28627452254,0.75686281919,0.97647064924,1,1.29999995232,0,0,106,0,-1
7319,0,0,0.15000000596,1,1,0.88627457619,0.55294120312,1,2,8,0,106,20,-1
7321,18,0.15000000596,0.5,0.89999997616,0.34901961684,0.94509810209,0.12941177189,1,1.29999995232,0,0,106,0,-1
7322,18,0.15000000596,0.5,0.89999997616,0.20392158628,0.94509810209,0.12941177189,1,1.29999995232,0,0,106,0,-1
7328,0,0,0,1.5,0,0.14509804547,0.55686277151,1,1,0,0,94586,0,-1
7330,0,0,0,1,0.09411765635,0,0.68235296011,0.46274513006,1,0,0,94656,20,-1
7331,0.5,0.10000000149,0.10000000149,0.60000002384,1,0.98823535442,0.64705884457,1,3,0,0,106,0,-1
7335,0,0.5,0.5,0.69999998808,0.6235294342,1,0.44313728809,1,1,0,0,106,0,-1
7336,0,0,0,1,0.07843137532,0.33333334327,1,1,1,0,0,106,0,-1
7337,0,0,0,1,0.27843138576,0.10196079314,1,1,1,0,0,106,0,-1
7339,0,0.25,0.25,1,1,0.02745098248,0.18431372941,0,0.5,0,0,94776,6,-1
7351,0,0.30000001192,0.30000001192,0.5,0.36470589042,0.63921570778,0.72549021244,1,0.30000001192,0,0,106,0,-1
7353,0.75,0.10000000149,0.25,0.64999997616,1,0.96470594406,0.41960787773,1,3,0,0,106,0,-1
7361,6,1,1,1,0.46666669846,1,0.35686275363,1,1,0,0,106,0,-1
7362,1,0,1,0.5,0.46666669846,1,0.35686275363,1,1.5,8,0,106,20,-1
7363,12,1,1,1,0.46666669846,1,0.35686275363,1,2,0,0,106,0,-1
7364,0,0,0,2,0,1,0.76862752438,1,1,0,0,106,0,-1
7365,0,0,0,1,0.17647059262,1,0.53333336115,1,1,0,0,106,0,-1
7367,0,1,1,1,0.21176472306,0.98431378603,0.89411771297,0.23921570182,2,0,0,106,0,-1
7369,0,1,1.5,0.80000001192,0,1,0.81176477671,1,1,0,0,94924,1,-1
7377,0.80000001192,0.30000001192,0.5,0.80000001192,0,0.6235294342,1,1,0.60000002384,0,0,106,0,-1
7382,0,0.25,1,0.80000001192,1,0.14901961386,0.09803922474,1,1,0,0,106,0,-1
7383,0,0.25,1,0.80000001192,0.09803922474,0.31764706969,1,1,1,0,0,106,0,-1
7385,0,0,0,0.30000001192,1,1,0.23921570182,1,2,0,0,106,0,-1
7387,0,0.5,0.5,0.80000001192,0.42745101452,0.11372549832,0.53725492954,1,1,0,0,106,0,-1
7388,0,0.25,0.25,1.10000002384,0.4392157197,0.02352941409,0.65882354975,1,1,0,0,106,0,-1
7389,1,0.25,1,0.69999998808,0.30196079612,0.47843140364,1,1,1,0,0,106,0,-1
7390,0,0,0,1,0.09411765635,0,0.68235296011,0.46274513006,1,0,0,95171,20,-1
7392,0,0.20000000298,0.20000000298,0.89999997616,0.23529413342,0,1,1,1,0,0,106,0,-1
7394,0,0.20000000298,0.20000000298,0.60000002384,0.23529413342,0,1,1,1,0,0,106,0,-1
7395,0,0.80000001192,0.80000001192,1,0.32941177487,0.20000001788,1,1,1.20000004768,0,0,106,0,-1
7397,0,0,0,0,0.93725496531,1,0.33333334327,1,0.10000000149,0,0,106,0,-1
7407,0,0.25,0.25,0.60000002384,0.00784313772,1,0.63137257099,1,0.60000002384,0,0,106,0,-1
7409,0,0.25,0.25,1.10000002384,0.92941182852,0,0,1,1,0,0,106,0,-1
7410,0,0,0,0.89999997616,0.63529413939,1,0,1,0.80000001192,0,0,106,20,-1
7414,0,0,0,0.89999997616,0,0.47843140364,1,1,0.5,0,0,106,0,-1
7415,0,2,0.25,0.85000002384,0.27058824897,0.1882353127,0.88627457619,1,3,0,0,95916,0,-1
7416,0.5,0.10000000149,0.5,0.89999997616,0.78431379795,0.78431379795,0.78431379795,1,1,0,0,106,0,-1
7418,0,2,0.85000002384,0.85000002384,0.13725490868,0.03137255087,0.93333339691,1,3,0,0,95925,0,-1
7420,0,1.85000002384,0.5,0.80000001192,0.28627452254,0,1,1,3,0,0,106,0,-1
7421,0,0,0,0.89999997616,0.47843140364,0,1,1,1,0,0,106,0,-1
7423,1,0.5,0.5,0.80000001192,1,0,0,1,1,0,0,106,0,-1
7424,0,0.25,0.25,0.60000002384,1,0.42352944613,0,1,0.60000002384,0,0,106,0,-1
7427,0,0.5,0.5,1.5,0.74509805441,0.80392163992,0.18431372941,1,1,0,0,106,19,-1
7431,2,2.5,0,1,0.06274510175,0.46274513006,0.92941182852,1,1,0,0,106,0,-1
7432,0,0.25,0,0.60000002384,1,1,1,1,3,0,0.25,106,0,-1
7433,0,0,0,7,1,1,1,1,1,0,0,106,0,-1
7435,0,10,60,0.40000000596,0.07058823854,0.63137257099,1,1,1,0,0,106,0,-1
7439,0,0,0,1,0.09411765635,0,0.68235296011,0.46274513006,1,0,0,96159,20,-1
7440,0,0,0,1,0.09411765635,0.18431372941,0.97254908085,1,1,0,0,106,0,-1
7441,0,0,0,1.20000004768,0,0.12156864256,0.57647061348,1,1,0,0,106,0,-1
7446,0,0,0,1,0.93725496531,0.57254904509,0.90196084976,1,1,0,0,106,0,-1
7453,0,0,0,0.5,1,0.6862745285,0.6862745285,1,0.20000000298,0,0,106,0,-1
7454,0,0,0,1,0,0.03529411927,0.70196080208,1,1,0,0,106,0,-1
7457,1,0.25,2,10,1,1,1,1,100,0,0,106,20,-1
7459,0,0,0,0.89999997616,0,0.74117648602,1,1,0.69999998808,0,0,106,0,-1
7461,0,1,1,100,0.99607849121,1,0.58823531866,1,1,0,0,106,10,-1
7466,0.5,0.25,0.25,0.75,1,1,1,1,3,0,0,106,0,-1
7467,0,0.25,0.25,1.5,0.92941182852,0.38431376219,0.89803928137,1,1.5,0,0,106,0,-1
7468,0,0.20000000298,0.20000000298,1.20000004768,1,0.45098042488,0.86274516582,1,3,0,0,106,20,-1
7469,0,0.20000000298,0.20000000298,0.69999998808,0.38431376219,0.15294118226,0.59215688705,1,1,0,0,106,0,-1
7470,2,2,0.5,0.69999998808,0.92549026012,0.19607844949,0,1,1,0,1.5,106,0,-1
7471,0,0.36000001431,0.36000001431,1,0.4392157197,0.91372555494,0.96862751245,1,1,0,0,106,0,-1
7473,0,0.25,0.25,0.85000002384,0.23137256503,0,0.61568629742,1,1,0,0,106,0,-1
7474,0,0,0,0.85000002384,0.06274510175,0,0.61568629742,1,3,0,0,106,0,-1
7475,0,0,0,0.60000002384,0.49019610882,0.07843137532,1,1,1,0,0,106,0,-1
7476,0,0,0,1.20000004768,0.31764706969,0.74509805441,0.24705883861,1,1,0,0,106,0,-1
7478,0,0.80000001192,0.80000001192,1,0.12156864256,0.65490198135,1,1,1,0,0,106,0,-1
7479,0,0.80000001192,0.80000001192,1,0.12156864256,0.65490198135,1,1,1.20000004768,0,0,106,0,-1
7481,1,0,0.5,1,0.21960785985,0.14117647707,1,1,2,0,0,106,0,-1
7482,0,0.5,1,0.80000001192,1,0.34901961684,0,1,2,0,0,106,1,-1
7489,0,0,0,1,1,0.75686281919,0.24313727021,1,0.75999999046,0,0,106,0,-1
7490,0,0,0,1,0.42352944613,0,0.93725496531,1,1,0,0,106,0,-1
7491,0,0.05000000075,2,1.35000002384,0.52941179276,0.52156865597,0.60000002384,1,1,0,0,106,0,-1
7492,0,3,0.05000000075,1.35000002384,0.82352948189,0.23921570182,0.21176472306,1,1,0,3,106,10,-1
7494,0,0,0,0.60000002384,0,1,0.38431376219,1,0.60000002384,0,0,106,0,-1
7497,0,0,0,0.05000000075,0,0,0,1,1,0,0,106,0,-1
7498,0,1.5,0.5,0.75,1,0.29411765933,0.81960791349,1,2,0,0,106,0,-1
7506,2.5,0.5,0.25,0.85000002384,0.10196079314,0,1,1,3,0,4.5,106,0,-1
7511,0,0.20000000298,0.20000000298,0.89999997616,1,0,0.61568629742,1,1,0,0,97085,0,-1
7514,0,0,0,0.89999997616,1,0,0.93333339691,1,1,0,0,106,0,-1
7515,0,0.5,1,0.69999998808,1,0.02745098248,0,1,0.60000002384,0,0,106,10,-1
7518,0,0,0,0.80000001192,1,0,0,1,1,0,0,106,0,-1
7521,0,0.5,1,0.80000001192,1,0.93725496531,0.35686275363,1,1,0,0,106,0,-1
7522,0,0.5,1,0.69999998808,0.90196084976,0.6274510026,1,1,1,0,0,106,0,-1
7525,0,0.20000000298,0.20000000298,0.80000001192,0.30588236451,0.6901960969,1,1,1,0,0,106,0,-1
7526,0,0,0,0.75,0.30196079612,0.28627452254,0.84313732386,1,1,0,0,106,20,-1
7531,0,0,0,0.80000001192,0,0.30980393291,1,1,2,0,0,106,0,-1
7532,0,1,1,40,0.3137255013,0.87450987101,1,1,0.80000001192,0,0,106,2,-1
7535,0,0,0,1,0.43137258291,1,0.5647059083,1,1,0,0,106,0,-1
7536,1,0.5,0.5,1.20000004768,1,0,0,1,1,0,0,106,1,-1
7537,0,0.10000000149,0.20000000298,0.60000002384,0.81176477671,0.81176477671,0.81176477671,1,1,0,0,106,0,-1
7540,0,0.5,0.5,0.80000001192,0.43137258291,0.99215692282,0.34509804845,1,0.5,0,0,106,0,-1
7541,0,0.25,0.5,0.80000001192,0.43137258291,0.89803928137,0.33333334327,1,0.5,0,0,106,0,-1
7542,0,0.25,0.25,0.69999998808,0.60784316063,0.92941182852,1,1,1,0,0,106,0,-1
7544,0,0.20000000298,0.10000000149,1.5,0.44705885649,0.11372549832,0.81176477671,1,1,0,0,106,0,-1
7545,0,0.5,1,0.69999998808,0.47843140364,0,1,1,0.60000002384,0,0,106,0,-1
7546,0,0.5,1,0.69999998808,0.44705885649,0,1,1,0.60000002384,0,0,106,0,-1
7547,0.40000000596,0.10000000149,0.20000000298,2,0.30980393291,0.81176477671,1,1,1,0,0,106,0,-1
7551,0,0,0,0.69999998808,0.15686275065,0.79607850313,0.73333334923,1,0.60000002384,0,1,106,0,-1
7556,0,0,0,0.69999998808,0.10588236153,0.81960791349,0.64313727617,1,0.60000002384,0,1,106,0,-1
7557,0,0,0,1,0,0.07058823854,0.501960814,1,0.5,0,0,106,2,-1
7571,0,1,1,1,1,0.36470589042,0,1,1,0,0,106,0,-1
7584,0,0,0,0.69999998808,0.15686275065,0.79607850313,0.6901960969,1,0.60000002384,0,1,106,0,-1
7588,0,0.15000000596,0.15000000596,3,0.10588236153,0.7529412508,0.93725496531,1,3,0,0,106,0,-1
7590,0,0.10000000149,0.10000000149,0.5,0,0.53333336115,1,1,1,0,0,106,0,-1
7592,0,0,0,1,0.93725496531,0.54509806633,0.23137256503,1,0.69999998808,0,0,106,20,-1
7593,0,0.20000000298,0.20000000298,1.5,0.53725492954,0.09803922474,0.94509810209,1,1.5,0,0,106,0,-1
7594,0,0.20000000298,0.20000000298,1.5,0.53725492954,0.09803922474,0.94509810209,1,3,0,0,106,0,-1
7595,0,0,0,0.5,1,0.22352942824,0.22352942824,1,0.5,0,0,106,0,-1
7601,0,1,0.5,0.60000002384,0.68235296011,0.49411767721,0.83921575546,1,1,0,0,106,0,-1
7603,0,0,0,0.60000002384,0.44705885649,0.95686280727,0.11764706671,1,0.80000001192,0,0,106,0,-1
7604,0.75,1,0.25,0.69999998808,1,0.71764707565,0,1,1,0,0,106,0,-1
7611,0.5,0.10000000149,1,1.5,1,0.03529411927,0.85098046064,1,3,0,0,106,0,-1
7612,0,0.20000000298,0.5,1.5,0.96862751245,0.08235294372,0.08235294372,1,3,0,0,106,0,-1
7615,0,2,0.85000002384,0.85000002384,0.13725490868,0.03137255087,0.93333339691,1,3,0,0,98382,0,-1
7618,0,0.30000001192,0.30000001192,0.69999998808,0.11764706671,0.8156863451,0.87450987101,1,1,0,0,106,0,-1
7619,0,0,0,1.29999995232,0.84313732386,0.98823535442,1,1,1,0,0,98448,0,-1
7628,0,0,0,1,0.23137256503,0.6901960969,1,1,0.80000001192,0,0,106,0,-1
7629,0.25,0.10000000149,0.5,1.5,0.58431375027,0.14901961386,0.95294123888,1,3,0,0,106,0,-1
7630,0,0.10000000149,0.10000000149,0.89999997616,0,0.19215688109,1,1,0.5,0,0,106,0,-1
7633,0,0,0,1.5,0.70980393887,0.12156864256,0.96470594406,1,2,0,0,106,0,-1
7634,0,0.20000000298,0.20000000298,1.5,0.42745101452,0.85882359743,0.92156869173,1,2,0,0,106,0,-1
7635,0,0,0,0,0,0.83921575546,0.47843140364,1,1,0,0,98587,0,-1
7638,0,0.5,1,0.69999998808,0.28235295415,0.01176470704,0.65882354975,1,0.60000002384,0,0,106,0,-1
7639,0,0,0,1,0.35294118524,0.95294123888,0.28627452254,1,1,0,0,106,0,-1
7640,0,0,0,1,0.47843140364,1,0.19215688109,1,2,0,0,106,0,-1
7643,0,0,0,1,0.24313727021,0.88235300779,0.83137261868,1,1,0,0,106,0,-1
7644,0,0,0,0.80000001192,0.19215688109,0.73333334923,0.90196084976,1,1,0,0,106,0,-1
7645,0,0.10000000149,1,10,0.48235297203,1,0.99215692282,1,100,0,0,106,20,-1
7646,0,0,0,1,0.94509810209,0.65490198135,0.1882353127,1,1,0,0,106,0,-1
7647,0,0,0,0.80000001192,0.90196084976,0.54117649794,0.19215688109,1,1,0,0,106,0,-1
7648,0,0.25,0.25,0.69999998808,0.30588236451,0.65098041296,1,1,1,0,0,106,0,-1
7649,0,0,0,1,0.24313727021,0.88235300779,0.83137261868,1,0.5,0,0,106,0,-1
7650,0,0,0,1,0.94509810209,0.65490198135,0.1882353127,1,0.60000002384,0,0,106,0,-1
7651,0,0.20000000298,0.10000000149,1.5,1,0.21176472306,0.72156864405,1,1,0,0,106,0,-1
7652,0,0.80000001192,0.80000001192,0.60000002384,0.91372555494,0.91372555494,0.91372555494,1,0.5,0,0,106,0,-1
7654,0,0.20000000298,0.20000000298,1.5,0.90196084976,0.20392158628,0.79215693474,1,1.5,0,0,106,0,-1
7655,0,0,0.20000000298,1.5,0.90196084976,0.20392158628,0.79215693474,1,1.5,0,0,106,0,-1
7658,0,0,0,0.5,0,1,0.64313727617,1,2,0,0,106,0,-1
7659,0.75,0.75,0.15000000596,0.89999997616,0.6862745285,0.96470594406,0.15294118226,1,1,0,2.25,106,0,-1
7666,0,3,1,10,1,0,0.01960784383,1,100,0,0,106,20,-1
7673,0,1,0,2.5,0.8784314394,0.20000001788,0.92549026012,1,2,0,0,106,0,-1
7674,0,0,0.20000000298,2.5,0.8784314394,0.20000001788,0.92549026012,1,2,0,0,106,0,-1
7677,0,0.5,0.20000000298,0.69999998808,1,1,1,1,1,0,0,106,6,-1
7682,0,0,0,1,0.93725496531,0.29411765933,0.17254902422,1,1,0,0,106,20,-1
7690,0,0.20000000298,0.20000000298,0.89999997616,1,1,1,1,1,0,0,106,0,-1
7694,6,0.20000000298,0.10000000149,0.60000002384,0.51372551918,0.85098046064,1,1,1,8,0,99386,1,-1
7695,0,0.25,0,0.5,0.39607846737,0.04313725606,0.80392163992,1,1.5,0,0,106,0,-1
7697,7,0.10000000149,1,0.5,1,0.48235297203,0.67450982332,1,2,0,0,106,0,-1
7699,0,0,0,1,0.09411765635,0,0.68235296011,0.46274513006,1,0,0,99498,20,-1
7700,0,4.5,0,0.10000000149,1,0,0,1,1,0,0,99508,0,-1
7701,0,0.20000000298,0.20000000298,1.5,0.49411767721,0.89411771297,0.09803922474,1,1.5,0,0,106,0,-1
7704,0,0,0,1,0.52156865597,0.94509810209,0.1882353127,1,0.30000001192,0,0,106,0,-1
7707,0,0,0,0.94999998808,0.59607845545,0,0.94509810209,1,1,0,0,99675,0,-1
7711,0,0,0,1.20000004768,0.08627451211,1,0,1,0.20000000298,0,0,99723,20,-1
7712,0,0,0,1.5,0.26274511218,1,0,1,0.5,0,0,99724,6,-1
7713,0,0,0,1.20000004768,0.08627451211,1,0,1,0.20000000298,0,0,99725,20,-1
7716,0,0,0,1.20000004768,0.08627451211,1,0,1,0.20000000298,0,0,99767,20,-1
7717,0,0.25,0.25,0.60000002384,1,1,1,1,0.60000002384,0,0,106,5,-1
7719,0,0,0,0.5,0.44705885649,1,0.30196079612,1,0.5,0,0,106,0,-1
7725,0,0,0,2,0,0.98431378603,0.83529418707,1,0.5,0,0,99794,0,-1
7726,0.75,0.75,0.15000000596,0.89999997616,0.70196080208,0.87450987101,0.90196084976,1,1,0,2.25,106,0,-1
7727,0,0.5,1,0.89999997616,1,0,0,0.90196084976,1,0,0,106,0,-1
7732,5,0,3,0.5,0.36862745881,1,0.08235294372,1,0.69999998808,0,0,106,0,-1
7733,0,0,0,1.5,0,0.07058823854,0.501960814,1,1,0,0,99921,2,-1
7734,0,0,0,1.5,0,0.07058823854,0.501960814,1,1,0,0,99922,2,-1
7737,0,0.25,0,0.80000001192,0.15686275065,0.79607850313,0.6901960969,1,0.30000001192,0,0,106,0,-1
7739,0,1.5,0,1,0.51372551918,0.07843137532,0.90588241816,1,2,0,0,106,0,-1
7742,0,0,0,1,0.61176472902,1,0.11372549832,1,0.20000000298,0,0,106,0,-1
7746,0,0.10000000149,0.10000000149,0.80000001192,0.77647066116,0.96862751245,0.27843138576,1,1,0,0,106,0,-1
7748,0,2,0.20000000298,1.5,0.18431372941,0.80392163992,0.91764712334,1,2,0,0,106,0,-1
7749,0,1,1,0.94999998808,0.46274513006,1,0.34509804845,1,1,0,0,106,0,-1
7750,0,0,0,2,0.54901963472,0.89411771297,1,1,1,0,0,106,0,-1
7751,0,0,0,1,0.09411765635,0,0.68235296011,0.46274513006,1,0,0,100167,20,-1
7752,0,0.20000000298,0.20000000298,3,0.55294120312,0.7490196228,0.16862745583,1,3,0,0,106,0,-1
7755,0,0.20000000298,0.20000000298,1.5,0.6274510026,0.24705883861,0.89803928137,1,2,0,0,106,0,-1
7757,0.10000000149,0.10000000149,0.80000001192,0.69999998808,0.01568627544,1,0,1,0.60000002384,0,0,106,0,-1
7760,0,1,1,0.5,0,0.61176472902,0.32156863809,1,1,0,0,106,0,-1
7761,0,1,0.5,0.69999998808,0.83137261868,0.05882353336,0.05882353336,1,1,0,0,106,0,-1
7762,2,0.30000001192,0.30000001192,1,1,0.6901960969,0.20784315467,1,2,8,0,106,20,-1
7763,1,0,0.89999997616,1,1,0.6901960969,0.20784315467,1,2,8,0,106,20,-1
7765,2,0.30000001192,0.30000001192,1,1,0.49019610882,0.70196080208,1,2,8,0,106,20,-1
7766,1,0,0.89999997616,1,1,0.49019610882,0.70196080208,1,2,8,0,106,20,-1
7778,0,0,0,2,0,0.98431378603,0.83529418707,1,0.5,0,0,100452,0,-1
7783,0,0,0,0.80000001192,0.70980393887,0,0.36078432202,1,5,0,0,106,0,-1
7784,2,0,0,0,0.95686280727,0.15686275065,0.15686275065,0.71372550726,0.5,4,0,106,0,-1
7785,5,2,0.5,0.5,0.47450983524,0.7529412508,0.24313727021,1,1,1,0,100632,0,-1
7786,0.5,0.25,0.25,0.87999999523,0,0.93725496531,0.56862747669,1,3,0,0,106,0,-1
7789,0,0.5,0.5,0.75,0.77647066116,0.96862751245,0.27843138576,1,1,0,0,106,0,-1
7793,0,0,0,1.20000004768,0.6862745285,0.93333339691,1,1,1.20000004768,0,0,106,0,-1
7794,0,0.5,0,0.40000000596,0.19607844949,1,0,1,0.69999998808,0,0,106,0,-1
7796,0,0.30000001192,0.5,0.80000001192,1,0.98823535442,0.51372551918,1,0.80000001192,0,0,106,1,-1
7798,0,0.20000000298,0.20000000298,1,1,0,0,1,1,0,0,106,0,-1
7800,0,0,0,1,0.14117647707,0.29019609094,0.21568629146,1,0.20000000298,0,0,106,0,-1
7801,0,0.20000000298,0.20000000298,1,0,0.67058825493,0.24313727021,1,0.5,0,0,106,0,-1
7802,0,0,2,1.5,0.02745098248,0,0.6901960969,1,5,0,0,106,0,-1
7803,0,0.20000000298,0.20000000298,1,0.57254904509,0,0.6235294342,1,1,0,0,106,0,-1
7804,0,0.20000000298,0.20000000298,1,1,0.15294118226,0.15294118226,1,0.34999999404,0,0,106,0,-1
7806,0,0.5,1,0.60000002384,1,0,0,1,1,0,0,106,0,-1
7807,0,0.5,0.5,0.60000002384,1,0,0,1,1,0,0,106,0,-1
7808,0,0.5,0.5,0.60000002384,0.13333334029,0.80000007153,0.1254902035,1,1,0,0,106,0,-1
7815,0,0.25,0,0.89999997616,0.8156863451,0.11372549832,0.81960791349,1,0.40000000596,0,0,106,0,-1
7822,1,0.5,0.5,1.10000002384,1,0.97647064924,0.69803923368,1,1,0,0,100849,0,-1
7825,0,0,2,0.5,0.36862745881,1,0.08235294372,1,0.69999998808,0,0,106,0,-1
7827,2,0.10000000149,0.10000000149,1.70000004768,0.5647059083,1,0,1,1,0,0.10000000149,106,0,-1
7829,0,0,0,1,0.35686275363,1,0.6862745285,1,1,0,0,106,0,-1
7832,0,0.20000000298,0.20000000298,1.5,0.20392158628,0.69411766529,1,1,2,0,0,106,0,-1
7834,12,0,0,1,0.46666669846,1,0.35686275363,1,2,0,0,106,0,-1
7835,10,0.5,5,1,0.98823535442,0.88627457619,0.11372549832,0.26274511218,4,0,0,106,19,-1
7836,0,1.79999995232,0.20000000298,1.5,0.90588241816,0.17254902422,0.66274511814,1,2,0,0,106,0,-1
7837,0,0,0,0.89999997616,0.65490198135,0,0.70980393887,1,1,0,0,101123,0,-1
7838,0,2,0,1.5,0.3725490272,0.13333334029,0.75686281919,1,2,0,0,106,0,-1
7839,0,0,0,1.5,0.3725490272,0.13333334029,0.75686281919,1,2,0,0,106,0,-1
7842,0,1,1,0.69999998808,0.67450982332,1,0.57254904509,1,0.40000000596,0,0,106,0,-1
7843,0,0.30000001192,0.30000001192,0.30000001192,0,0.250980407,1,1,1,0,4,106,20,-1
7848,0,0,0,0.5,0,0.35686275363,1,1,2,0,0,106,0,-1
7854,0,4.5,0,0.10000000149,1,0,0,1,1,0,0,101318,0,-1
7855,0.40000000596,0.20000000298,0.5,0.89999997616,1,0.96078437567,0.65490198135,1,1,0,0,106,0,-1
7856,0,0.25,0.25,0.80000001192,0.91764712334,0.14117647707,0.14117647707,1,1,0,0,106,0,-1
7860,0,0.20000000298,0.10000000149,1.5,0.81176477671,0.78823536634,0.11372549832,1,1,0,0,106,0,-1
7861,0.75,0.375,0.375,2,0.91372555494,1,0,1,2,0,0,106,0,-1
7863,0.5,0.10000000149,0.20000000298,0.89999997616,0.84705889225,0.29019609094,0.19607844949,1,1,0,0,101654,0,-1
7864,0,0,0,0.5,0.5607843399,0.79215693474,0.40392160416,1,0.40000000596,0,0,106,0,-1
7872,0,0,0,0.5,0.47450983524,0.7529412508,0.24313727021,1,1,1,0,102491,0,-1
7875,0,0,0,3,0.59607845545,0.90196084976,0.34117648005,1,1,1,0,106,0,-1
7876,0,0.20000000298,0.20000000298,1.39999997616,0.31764706969,1,0.76470595598,1,1,0,0,106,0,-1
7879,0,0.20000000298,0.20000000298,1.5,0.59215688705,0,1,1,1.5,0,0,106,0,-1
7882,0,0.10000000149,0.10000000149,0.69999998808,0.31764706969,0.26666668057,0.06666667014,1,1,0,0,106,2,-1
7883,0,0.20000000298,0.20000000298,1.5,0.52549022436,0.20392158628,0.90196084976,1,1.5,0,0,106,0,-1
7884,0,0,0,1,0.54901963472,0.82352948189,0.94509810209,1,1,0,0,106,0,-1
7885,0,0,0,0.69999998808,0.79607850313,0.34509804845,0.15294118226,1,0.60000002384,0,1,106,0,-1
7892,0,1,1,1,0.61960786581,0.83529418707,0.05490196496,1,1,0,0,106,0,-1
7894,0,0.20000000298,0.20000000298,1.5,0.39215689898,0.23921570182,0.9411765337,1,1.5,0,0,106,0,-1
7896,0,0,0,0.5,0.67843139172,1,0.54901963472,1,1,0,0,106,1,-1
7898,0,0.5,0.5,0.89999997616,0.03529411927,0.85490202904,0.98823535442,1,1,0,0,106,0,-1
7900,0,0,0,0.60000002384,1,1,1,1,1.25,0,0,106,0,-1
7906,0,0,0,0,0.99607849121,0.52156865597,1,1,1,0,0,103041,1,-1
7908,5,0,1,1,0.46666669846,1,0.35686275363,1,2,0,0,106,0,-1
7909,0,0,0,1,0.09411765635,0,0.68235296011,0.46274513006,1,0,0,103055,20,-1
7910,0.30000001192,0.30000001192,1,60,0.11372549832,1,0.63137257099,1,0.60000002384,1,0,106,0,-1
7913,0,0.10000000149,1,1.5,0.54509806633,0.06274510175,0.94509810209,1,2,0,0,106,0,-1
7917,0,0,0,0.80000001192,0.53725492954,1,0.17647059262,1,1,0,0,106,0,-1
7918,0,0,0,1,0.44705885649,1,0.25882354379,1,1,0,0,106,0,-1
7919,3,1,1,1,0.27058824897,0.87058830261,0.01176470704,1,2,0,0,106,0,-1
7920,0,0.25,0.25,0.69999998808,0.80392163992,1,0.23529413342,1,0.5,0,0,106,0,-1
7922,0,0.10000000149,1,2,0.58431375027,0,1,1,2,0,0,106,0,-1
7924,2.20000004768,1.79999995232,0.20000000298,1.10000002384,0.74509805441,1,0.20000001788,1,1,0,5,106,0,-1
7926,1,0.10000000149,0.5,2,0.50588238239,0.10980392992,0.98431378603,1,2,0,0,106,0,-1
7927,0,0,0,1,0.79215693474,0.85490202904,0.85490202904,1,0.5,0,0,106,0,-1
7928,0.5,0.20000000298,0.20000000298,1.5,0.20392158628,0.69411766529,1,1,2,0,0,106,0,-1
7930,0,0,0,1,0.46666669846,0.88627457619,0.29411765933,1,0.5,0,0,106,0,-1
7933,0,0,0,1,0,0.07058823854,0.501960814,1,0.69999998808,0,0,106,2,-1
7936,0,0.25,0.25,1,0.63921570778,0,0,1,1,0,0,106,0,-1
7937,0,0,0,0.5,1,0.45098042488,0,1,1,0,0,106,20,-1
7939,0,0.25,0.25,1,0.83529418707,0.49019610882,0,1,1,0,0,106,0,-1
7940,0,0.25,0.25,0.80000001192,0.30588236451,0,0.66274511814,1,1,0,0,106,0,-1
7941,0,0.10000000149,1,0.89999997616,0.9411765337,0.8784314394,0.57647061348,1,0.80000001192,0,0,103359,0,-1
7942,0,0,0,1.25,0.34901961684,0.80784320831,0.14901961386,1,0.40000000596,0,0,106,0,-1
7944,0,0.25,0,1.5,0.31764706969,0.72549021244,0.17647059262,1,1,0,0,106,20,-1
7945,0,0.5,0.5,1.5,0.3137255013,1,0.14901961386,1,0.40000000596,0,0,106,0,-1
7947,0,0,0,0.94999998808,0.92156869173,0.29019609094,0.09411765635,1,2,0,0,106,20,-1
7948,0,0,0,0.5,0.501960814,1,0.53725492954,1,1,0,0,106,0,-1
7951,0,0,0,0.5,0.07058823854,0.72549021244,0.06666667014,1,1,0,0,106,0,-1
7952,0,0,0,0.89999997616,0.06274510175,1,0,1,1,0,0,106,0,-1
7956,0,0.5,0.5,0.89999997616,0.23921570182,0.90588241816,0.43137258291,1,1,0,0,106,0,-1
7957,2,0.10000000149,0.5,1,0.36470589042,1,0.3137255013,1,1,0,0,106,0,-1
7958,0,0.25,0,0.69999998808,0.30980393291,1,0,1,0.40000000596,0,0,106,0,-1
7959,1,0.5,1.5,0.89999997616,0.52941179276,0.93333339691,1,1,1,0,0,103557,0,-1
7960,0,0.10000000149,0.10000000149,2,0.93725496531,0.13725490868,0.16470588744,1,2,0,0,106,0,-1
7963,0,0.25,0.25,0.89999997616,0.33725491166,0.87058830261,0.32549020648,1,0.5,0,0.5,106,3,-1
7964,0,0.25,0.5,0.89999997616,0.63529413939,0.09019608051,0.12941177189,1,0.89999997616,0,0,106,3,-1
7969,0,0.25,0.5,0.5,1,1,1,1,0.5,0,0,106,6,-1
7970,0,0.25,0.25,0.5,1,1,1,1,0.5,0,0,106,6,-1
7972,0,0,0,1,0.94509810209,0.24313727021,0.24313727021,1,1,0,0,106,20,-1
7976,0,0.25,0.25,0.75,0.90588241816,0.15294118226,0.15294118226,1,1,0,0,106,20,-1
7978,0,0,0,0.80000001192,1,0.48627454042,0,1,2,0,0,106,0,-1
7979,4.5,4.19999980927,0.30000001192,1,0.99215692282,0.38823533058,0.05882353336,1,1.5,16,0,103607,0,-1
7983,0,0.25,0.25,1.39999997616,1,0.23921570182,0.23921570182,1,1,0,0,106,0,-1
7984,30,0.5,0.25,0.89999997616,0.77647066116,0.78823536634,0.27058824897,0.501960814,0.5,0,0,106,0,-1
7988,0,1.20000004768,1,0.5,0.96862751245,1,0.54509806633,1,0.85000002384,0,0,103625,0,-1
7995,0.15000000596,0.05000000075,0.30000001192,0.60000002384,0.51372551918,0.85098046064,1,1,1.29999995232,8,0.11999999732,103799,1,-1
7996,1.70000004768,1.39999997616,0.20000000298,0.80000001192,0.00392156886,0.80000007153,0.1254902035,1,0.80000001192,16,0,103800,0,-1
7997,0.5,0.10000000149,0.30000001192,1,0.29411765933,0.09411765635,0.50980395079,1,3,0,0,106,0,-1
7999,1,0.80000001192,0.20000000298,1.10000002384,0.74509805441,1,0.20000001788,1,1,0,2,106,0,-1
8000,0.30000001192,0.05000000075,0.25,1.10000002384,0.74509805441,1,0.20000001788,1,1,0,0,106,0,-1
8004,0,0.5,0.5,1.10000002384,0.79215693474,1,0.23529413342,1,1,0,0,106,0,-1
8006,0,0,0,0.25,0.05098039657,0.58823531866,0.96470594406,1,1,0,0,106,0,-1
8011,0.5,0.20000000298,0.5,2,0.93333339691,0.08627451211,0.89019614458,1,2,0,0,106,0,-1
8012,0,0.20000000298,0.20000000298,1.5,0.49019610882,0.20392158628,0.90196084976,1,1.5,0,0,106,0,-1
8013,0,0,0.20000000298,1.5,0.49019610882,0.20392158628,0.90196084976,1,1.5,0,0,106,0,-1
8014,0.5,0.25,0.25,0.80000001192,0,1,0.57647061348,1,5,0,0,106,0,-1
8016,0,0.20000000298,0.20000000298,2,0.90196084976,0.15686275065,0.78823536634,1,2,0,0,106,0,-1
8019,0,0,0,1,1,0,0.21568629146,1,0.69999998808,0,0,106,2,-1
8026,1.5,1.29999995232,0.30000001192,0.60000002384,0.51372551918,0.85098046064,1,1,0.80000001192,16,0,104032,0,-1
8032,0,0.25,0.25,0.89999997616,0.93725496531,0.12156864256,0.07450980693,1,1,0,0,106,0,-1
8034,0,0.20000000298,0.20000000298,0.5,0.92941182852,0.78431379795,0.07058823854,1,1,0,0,106,0,-1
8035,0,0,0,1,1,0.99215692282,0.70196080208,1,0.30000001192,0,0,106,2,-1
8052,0,0.20000000298,0.20000000298,0.60000002384,0.96470594406,0.45098042488,0.06274510175,1,1,0,0,106,20,-1
8053,0.20000000298,0.10000000149,0.5,2,0.9411765337,0.08627451211,0.92156869173,1,2,0,0,106,0,-1
8060,0,0.10000000149,0.5,2,0.92549026012,0.08235294372,0.88235300779,1,2,0,0,106,0,-1
8064,0,0,0,0.5,0.15686275065,0.79607850313,0.6901960969,1,0.60000002384,0,0,106,0,-1
8070,0,0.5,0.5,1.25,0.36862745881,0.27450981736,0.53333336115,1,1.5,0,0,106,0,-1
8073,0,0.25,0.25,0.80000001192,0.94509810209,0.06666667014,0.15294118226,1,1,0,0,106,0,-1
8076,0.20000000298,0.10000000149,0.5,2,0.90196084976,0.16470588744,0.86274516582,1,2,0,0,106,0,-1
8077,0.5,0.20000000298,1,1,0.21176472306,0.64705884457,0.01568627544,1,1,0,0,106,1,-1
8079,0,0.20000000298,0.20000000298,1,0.23529413342,0.49803924561,0.90980398655,1,1,0,0,106,0,-1
8080,0.20000000298,0.10000000149,0.5,2,0.92156869173,0.14117647707,0.87058830261,1,2,0,0,106,0,-1
8081,0.20000000298,0.10000000149,0.20000000298,1,0.92156869173,0.10196079314,0.89019614458,1,3,0,0,106,0,-1
8082,7,4,0.30000001192,0.69999998808,1,0.96470594406,0.68235296011,1,1,16,3,104546,0,-1
8084,0,0,0,1.5,0.59607845545,1,0.51764708757,1,1,0,0,106,0,-1
8095,0,0.5,0.5,0.5,1,0,0,1,1,0,0.20000000298,106,1,-1
8098,0,2,0,1,0.38039219379,0.65490198135,1,1,0.69999998808,0,0,106,0,-1
8104,0,0,0,0.69999998808,1,1,1,1,0.5,0,0,106,0,-1
8107,0.40000000596,0.20000000298,0.15000000596,0.80000001192,1,0.96470594406,0.68235296011,1,0.69999998808,0,0,104820,0,-1
8108,0.40000000596,0.20000000298,0.15000000596,0.80000001192,1,0.96470594406,0.68235296011,1,0.69999998808,0,0,104821,0,-1
8112,2.5,0.10000000149,0.10000000149,1.70000004768,0.6235294342,1,0,1,1,0,0,106,0,-1
8119,0,0.25,0.25,0.69999998808,0.78431379795,1,0.24313727021,1,1,0,0,106,0,-1
8129,0,1,1,0.40000000596,0.58823531866,0.18431372941,1,1,0.69999998808,0,0,106,0,-1
8130,0,0,0,0.5,0,1,0.40784317255,1,3,0,0,106,0,-1
8131,0,0,1,1.5,0.02745098248,0,0.6901960969,1,5,0,0,106,0,-1
8138,0,0,0,0.89999997616,0.85882359743,0,1,1,0.89999997616,0,0,106,0,-1
8139,10,1,1,0.40000000596,1,0.19215688109,0.05098039657,1,10,0,0,106,0,-1
8142,0,0,0,0.80000001192,0.63921570778,0,1,1,0.30000001192,0,0,106,0,-1
8143,0,0,0,0.60000002384,0.5647059083,0,1,1,0.89999997616,0,0,106,0,-1
8155,0,2,1,0.40000000596,1,0.3137255013,0.3137255013,1,0.69999998808,0,0,106,0,-1
8156,0,0,1,0.40000000596,1,0.3137255013,0.3137255013,1,0.69999998808,0,0,106,0,-1
8160,0,0,0,0.60000002384,0.81960791349,0,1,1,0.89999997616,0,0,106,0,-1
8161,0,1,0,1,0,0.7490196228,0.50588238239,1,1,0,0,106,0,-1
8162,1,0,0,1,0,0.7490196228,0.50588238239,1,1,0,0,106,0,-1
8167,0,0,1,1.5,0,0,0,1,5,0,0,106,0,-1
8172,0,0.20000000298,0.20000000298,1.39999997616,1,0.20392158628,0.20392158628,1,1,0,0,106,0,-1
8177,0,0.5,1,0.40000000596,1,0,0,1,0.69999998808,0,0,106,0,-1
8184,4.5,4.19999980927,0.30000001192,1,0.99215692282,0.38823533058,0.05882353336,1,1.5,16,0,105236,0,-1
8188,0,0,0,1,0.7490196228,0.02352941409,0,1,1,0,0,106,0,-1
8189,0,0.25,0.25,0.80000001192,0.43137258291,0.89803928137,0.33333334327,1,0.5,0,0,106,20,-1
8197,0.20000000298,0.20000000298,0.20000000298,0.69999998808,1,1,1,1,1,0,0,106,0,-1
8198,0,0,0,0.89999997616,0.5647059083,0,1,1,0.89999997616,0,0,106,20,-1
8204,0,0.20000000298,0.20000000298,0.89999997616,0.05882353336,0.98823535442,0,1,1,0,0,106,0,-1
8209,0,0.10000000149,0.10000000149,0.69999998808,0.60784316063,0,0,1,1,0,0,106,6,-1
8210,0,0.5,0.5,1,0.95686280727,0.82352948189,0.18039216101,1,0.69999998808,0,0,106,20,-1
8211,3,0.10000000149,0.10000000149,1.70000004768,1,0,0,1,1,0,0,105666,0,-1
8212,0,0,0.5,1,0.95686280727,0.67058825493,0.18039216101,1,2,0,0,106,20,-1
8216,0,0.25,0.25,0.80000001192,0.21176472306,0.55294120312,0.23137256503,1,0.85000002384,0,0,106,0,-1
8217,0,1,0,0.60000002384,0.21176472306,1,0,1,0.69999998808,0,0,106,0,-1
8237,0,0.20000000298,0.20000000298,0.69999998808,0.71372550726,0.88235300779,0.06274510175,1,1,0,0,106,0,-1
8248,0.25,0,0.5,0.40000000596,0.96862751245,1,0.41568630934,1,0.69999998808,0,0,106,0,-1
8249,0,0,0,0.80000001192,1,0.71372550726,0,1,1,0,0,106,20,-1
8252,0,0.20000000298,0.20000000298,0.69999998808,1,0,0,1,1,0,0,106,20,-1
8253,0,0.20000000298,0.20000000298,0.69999998808,1,1,1,1,1,0,0,106,20,-1
8254,0,0.5,0.25,0.89999997616,0.61176472902,0.92156869173,0.14509804547,1,0.60000002384,0,0,106,2,-1
8255,0,0,0,0.80000001192,1,0.43137258291,0,1,0.80000001192,0,0,106,0,-1
8256,0.5,0.5,0.25,0.89999997616,0.71372550726,0.88235300779,0.06274510175,1,1,0,1.5,106,0,-1
8257,0,0,0,1.5,0.30196079612,1,0.4392157197,1,1,0,0,106,0,-1
8259,0,0.20000000298,0.20000000298,0.69999998808,0.78823536634,0.92156869173,0.14117647707,1,1,0,0,106,0,-1
8260,0.5,0.15000000596,0.15000000596,0.89999997616,0.66274511814,0.96078437567,0.38431376219,1,0.5,0,0,106,3,-1
8261,0.5,0.15000000596,0.15000000596,0.89999997616,0.23921570182,0.84705889225,0.250980407,1,0.5,0,0,106,3,-1
8262,0,0.10000000149,0.10000000149,2,1,1,1,1,1,0,0,106,0,-1
8263,0,0,0,0.80000001192,1,0.28235295415,0,1,0.60000002384,0,0,106,0,-1
8264,0,1,1,1,0.21568629146,0.65882354975,0,1,1,0,0,106,0,-1
8266,0,0.25,0.25,0.69999998808,0.1254902035,0.51372551918,0.85882359743,1,0.89999997616,0,0,106,3,-1
8267,0,0.5,0.5,1,1,0,0,1,0.20000000298,0,0,106,10,-1
8268,0,0,0.5,1,1,0,0,1,0.20999999344,8,0,106376,20,-1
8269,0,0,0.5,1,1,0,0,1,0.25,8,0,106375,20,-1
8270,0,0,0.5,1,1,0,0,1,0.31000000238,8,0,106377,20,-1
8271,0,0,0.5,1,1,0,0,1,0.40000000596,8,0,106378,20,-1
8272,0,0,0.5,1,1,0,0,1,0.51999998093,8,0,106379,20,-1
8273,0,0,0.5,1,1,0,0,1,0.67000001669,8,0,106380,20,-1
8274,0,0,0.5,1,1,0,0,1,0.83999997377,8,0,106381,20,-1
8275,0,0,0.5,1,1,0,0,1,1.03999996185,8,0,106382,20,-1
8276,0,0,0.5,1,1,0,0,1,1.80999994278,8,0,106383,20,-1
8277,0,0,0.5,1,1,0,0,1,2.11999988556,8,0,106384,20,-1
8278,0,0,0.5,1,1,0,0,1,2.46000003815,8,0,106385,20,-1
8279,0,0,0.5,1,1,0,0,1,2.81999993324,8,0,106386,20,-1
8280,0,0,0.5,1,1,0,0,1,3.21000003815,8,0,106387,20,-1
8281,0,0,0.5,1,1,0,0,1,3.63000011444,8,0,106388,20,-1
8282,0,0,0.5,1,1,0,0,1,4.07999992371,8,0,106389,20,-1
8283,0,0,0.5,1,1,0,0,1,4.57000017166,8,0,106390,20,-1
8284,0,0,0.5,1,1,0,0,1,4.80000019073,8,0,106391,20,-1
8285,0,0,0,0.89999997616,0,0.74509805441,1,1,0.89999997616,0,0,106,0,-1
8286,0,0,0.5,1,1,0,0,1,1.26999998093,8,0,106392,20,-1
8287,0,0,0.5,1,1,0,0,1,1.52999997139,8,0,106393,20,-1
8288,0,0.5,0.5,1,0,1,0.07058823854,1,1,0,0,106,20,-1
8290,0,0,0,1,1,1,1,1,3,0,0,106,0,-1
8292,0,0,0,0.85000002384,0.59215688705,0.88627457619,1,1,1,0,0,106,1,-1
8294,3,0.5,0.5,0.44999998808,0.27450981736,0.60784316063,0.02745098248,0.71764707565,0.69999998808,0,0,106,3,-1
8295,0,1,1,1,0,1,0.00392156886,1,1.5,0,0,106,20,-1
8296,0,0.25,0.25,1,0.98823535442,0.01960784383,0.01960784383,1,0.25,0,0,106,6,-1
8298,0,0.25,0.25,0.10000000149,0.01568627544,0.50588238239,0,1,1,0,0,106,0,-1
8312,0,0.5,1,0.5,1,0.02745098248,0,1,0.5,0,0,106,0,-1
8313,1,0,1,1,0,0.7490196228,0.50588238239,1,1,0,0,106,0,-1
8316,2,2,0.25,0.69999998808,0.21568629146,0.86274516582,0.71764707565,1,1,0,1,106,0,-1
8317,0.10000000149,0,0.64999997616,0.69999998808,1,0,0,1,1,0,0,106,0,-1
8318,1,0.5,0.5,0.69999998808,0.63529413939,0.68235296011,0.89803928137,1,1,0,0,106,0,-1
8319,0,0.20000000298,0.20000000298,0.69999998808,0.00784313772,0.84313732386,0.49411767721,1,1,0,0,106,0,-1
8320,6,0.20000000298,0.10000000149,0.60000002384,0.02352941409,0.32549020648,0,1,1,8,0,106908,1,-1
8321,6,0.20000000298,0.10000000149,0.60000002384,0.04313725606,0.57647061348,0,1,1,8,0,106912,1,-1
8327,0,0.5,0.25,0.89999997616,0.09411765635,0.85098046064,0.59215688705,1,0.60000002384,0,1,106,2,-1
8335,0,0,0,1,0,1,0.8784314394,1,1,0,0,106,0,-1
8339,0,0,0,1,1,0.18039216101,0,1,1,0,0,106,0,-1
8341,0,0.25,0.25,0.69999998808,0.80392163992,1,0.23529413342,1,0.5,0,3,106,0,-1
8349,0,0.25,0.25,0.69999998808,0.80392163992,0.23529413342,0.23529413342,1,0.5,0,3,106,0,-1
8352,0,0,0,0.33000001311,0.24705883861,0.84313732386,0.80000007153,1,1,0,0,106,0,-1
8364,0,0,0,1,0,0.77647066116,1,1,1,0,0,106,20,-1
8373,0,0.75,0.15000000596,0.89999997616,0.92941182852,0.73725491762,0.36862745881,1,1,0,2.25,106,0,-1
8374,0,0.75,0.15000000596,0.89999997616,0.6862745285,0.96470594406,0.15294118226,1,1,0,2.25,106,0,-1
8380,0,0,0,1,0.55294120312,0.73333334923,0.13333334029,1,4,0,0,106,0,-1
8384,0,0,0,1.39999997616,1,1,0.21176472306,1,1.5,0,0,106,0,-1
8391,0,1,1,1,0.32549020648,1,0,1,1,0,0,106,0,-1
8392,0,0.10000000149,0.10000000149,0.69999998808,0.23137256503,0.58431375027,0.06274510175,1,1,0,0,106,1,-1
8393,0,0.5,0.25,0.69999998808,0.80000007153,0,0,1,1,0,0,106,10,-1
8394,0,0.10000000149,0.10000000149,0.89999997616,0,0.99215692282,1,1,1,0,0,108267,20,-1
8395,0,0,0,1.5,0.49411767721,1,0.23921570182,1,1,0,0,106,0,-1
8403,0,0,0,1.70000004768,1,1,1,1,1,0,0,106,0,-1
8405,0.5,0.25,0.25,0.75,0,0.91372555494,0.59215688705,1,3,0,0,106,0,-1
8406,0,1,1,0.80000001192,0.20000001788,0.82745105028,0.27058824897,1,1,0,0,106,10,1
8408,0,0.10000000149,0.10000000149,1,0,0.83529418707,1,1,1,0,0,106,0,-1
8415,0,0.10000000149,0.10000000149,0.80000001192,0,0.75686281919,1,1,0.80000001192,0,0,106,20,-1
8417,0,0.20000000298,0.20000000298,0.69999998808,0.6862745285,0.96470594406,0.15294118226,1,1,0,0,106,6,-1
8422,5,0,0,0.30000001192,0.28235295415,0.85882359743,0.89803928137,1,1,0,0,106,1,-1
8434,0,0.10000000149,0.10000000149,1,1,0.85882359743,0,1,1,0,0,106,0,-1
8436,0,0,3,0.5,0.36862745881,1,0.08235294372,1,0.69999998808,0,0,106,0,-1
8437,0,0.10000000149,0.10000000149,1,0.96078437567,0.99215692282,1,1,1,0,0,106,20,-1
8438,0,0.10000000149,0.10000000149,1,0,0.63137257099,1,1,1,0,0,106,20,-1
8439,0,0.25,0,0.80000001192,0.80392163992,0.1254902035,0.04313725606,1,1.5,0,0,106,0,-1
8445,1.70000004768,1.39999997616,0.20000000298,0.80000001192,0.00392156886,0.80000007153,0.1254902035,1,0.80000001192,16,0,110328,0,-1
8448,0,0.25,0.25,1.10000002384,0.69803923368,0.02352941409,0.02352941409,1,1,0,0,106,0,-1
8452,0,0,1,1,0,0.7490196228,0.50588238239,1,1,0,0,106,0,-1
8454,0,1,1.5,0.80000001192,1,1,1,1,1,0,0,110734,1,-1
8456,0,0,0,1,0.95686280727,0.93333339691,0.93333339691,1,0.69999998808,0,0,106,0,-1
8477,0,0,0,0.89999997616,0.45882356167,1,0,1,3,0,0,106,0,-1
8490,0,0.10000000149,0.10000000149,1,1,0.59215688705,0,1,1,0,0,106,0,-1
8493,0,0,0,1,0.47450983524,0.8156863451,0.03529411927,1,0.75,0,0,106,20,-1
8498,0,0.25,0.25,0.5,0.76470595598,1,0.61176472902,1,1,0,0,106,20,-1
8510,0,0.25,0.25,1,1,0.18039216101,0,1,1,0,0,106,0,-1
8519,0,0.25,0.25,1.10000002384,0,0.66666668653,0.02745098248,1,1,0,0,106,0,-1
8538,0,0.25,0.25,1.39999997616,0.89803928137,0.23137256503,0.23137256503,1,1,0,0,106,5,-1
8560,1,0.5,0.25,1.70000004768,0.13725490868,1,0,1,1,0,0,106,0,-1
8569,0,0,0,0.80000001192,0,0.71764707565,0.16470588744,1,1,0,0,106,0,-1
8577,9,1,1,0.89999997616,0.09803922474,0.95686280727,1,1,0.80000001192,0,0,106,20,-1
273,0,0,0,0,1,1,1,1,1,0,0,0,0,-1
590,0,0,0,0,1,1,1,1,1,0,0,0,0,-1
1739,0,0,0,0,1,1,1,1,1,0,0,106,0,-1
4013,0,0,0,0,1,1,1,1,1,0,0,106,0,-1
4044,0,0,0,0,1,1,1,1,1,0,0,106,0,-1
4706,0,0,0,0,1,1,1,1,1,0,0,106,0,-1
4737,0,0,0,0,1,1,1,1,1,0,0,106,0,-1
4738,0,0,0,0,1,1,1,1,1,0,0,106,0,-1
5155,0,0,0,0,1,1,1,1,1,0,0,106,0,-1
5623,0,0,0,0,1,1,1,1,1,0,0,106,0,-1
5764,0,0,0,0,1,1,1,1,1,0,0,106,0,-1
4798,1,0,0.25,0.85000002384,0.64313727617,0.46274513006,0,0.250980407,0.5,0,0,106,0,-1
243,0,1,1,1,0.99607849121,1,0.58823531866,0.20000000298,1,0,0,0,0,-1
240,0,1,3,1,0.98823535442,1,0.71372550726,0.20000000298,1,0,0,0,0,-1
329,0,1,3,1,0.98823535442,1,0.71372550726,0.20000000298,1,0,0,0,0,-1
449,0,1,3,1,0.98823535442,1,0.71372550726,0.20000000298,1,0,0,0,0,-1
134,0,3,0,1,0.98039221764,1,0.66666668653,0.10000000149,0.75,0,0,0,0,-1
242,0,3,0,1,0.98039221764,1,0.66666668653,0.10000000149,0.75,0,0,0,0,-1
155,0,1,3,1,0.73333334923,0.09803922474,0.9411765337,0.20000000298,1,0,0,0,0,-1
152,0,1,3,1,0.9411765337,0.96078437567,0.59607845545,0.20000000298,1,0,0,0,0,-1
169,0,1,3,1,0.91372555494,0.14901961386,0.94901967049,0.20000000298,1,0,0,0,0,-1
193,0.10000000149,0.10000000149,0.30000001192,1,0.18039216101,0.89019614458,0.14509804547,1,1,1,0,0,0,-1
1146,0.10000000149,0.10000000149,0.30000001192,8,0.32156863809,0.6235294342,0.32156863809,1,0.80000001192,1,0,106,0,-1
353,0.5,0.10000000149,1,0.5,0.52941179276,0.79215693474,0.96470594406,0,0.30000001192,2,0,106,0,-1
3918,0.5,0.10000000149,1,0.5,0.52941179276,0.79215693474,0.96470594406,0,0.30000001192,2,0,106,0,-1
5537,0.5,0.10000000149,1,0.5,0.52941179276,0.79215693474,0.96470594406,0,0.30000001192,2,0,106,0,-1
7068,0.5,0.10000000149,1,0.5,0.52941179276,0.79215693474,0.96470594406,0,0.30000001192,2,0,106,0,-1
7069,0.5,0.10000000149,1,0.5,0.52941179276,0.79215693474,0.96470594406,0,0.30000001192,2,0,106,0,-1
7070,0.5,0.10000000149,1,0.5,0.52941179276,0.79215693474,0.96470594406,0,0.30000001192,2,0,106,0,-1
358,0,0.10000000149,0.30000001192,1,1,0.05882353336,0,1,1,0,0,0,0,-1
241,0,0,0,1,0.02745098248,0.98823535442,0.31764706969,0.00999999978,0.20000000298,0,0,0,0,-1
244,0,0,0,1,0.02745098248,0.98823535442,0.31764706969,0.00999999978,0.20000000298,0,0,0,0,-1
254,0,0,0,1,0.02745098248,0.98823535442,0.31764706969,0.00999999978,0.20000000298,0,0,0,0,-1
320,0,0,0,1,0.02745098248,0.98823535442,0.31764706969,0.00999999978,0.20000000298,0,0,0,0,-1
1034,1,0.20000000298,0.80000001192,0.80000001192,0.41176474094,0.70196080208,0.60784316063,0.40000003576,0.40000000596,0,0,106,0,-1
7971,1,0.20000000298,0.80000001192,0.80000001192,0.41176474094,0.70196080208,0.60784316063,0.40000003576,0.40000000596,0,0,106,0,-1
302,0,0,0,1,0.02745098248,0.98823535442,0.31764706969,0.00999999978,0.30000001192,0,0,0,0,-1
357,0,0,0,0.75,0,0.6274510026,0.17647059262,1,1,0,0,0,0,-1
311,2,1,1,1,0.52549022436,1,0,1,1,0,0,0,0,-1
305,4,3.5,0.25,0.89999997616,1,0.501960814,0,0.5,2,0,0,0,0,-1
328,4,3.5,0.25,0.89999997616,1,0.501960814,0,0.5,2,0,0,0,0,-1
330,4,3.5,0.25,0.89999997616,1,0.501960814,0,0.5,2,0,0,0,0,-1
331,4,3.5,0.25,0.89999997616,1,0.501960814,0,0.5,2,0,0,0,0,-1
7160,4,3.5,0.25,0.89999997616,1,0.501960814,0,0.501960814,2,0,0,106,0,-1
6790,6,4,0,0.69999998808,0,0.76862752438,1,1,1,2,4,106,0,-1
1519,0.10000000149,0.10000000149,0.30000001192,1,0.96470594406,0.42352944613,0.15294118226,1,0.5,18,0,4484,2,-1
1520,0.10000000149,0.10000000149,0.30000001192,1,0.96470594406,0.42352944613,0.15294118226,1,1,18,1,4485,1,-1
1521,0.10000000149,0.10000000149,0.30000001192,1,0.96470594406,0.42352944613,0.15294118226,1,1.5,18,2,4486,0,-1
5774,0,1.70000004768,0.30000001192,0.60000002384,1,0.96470594406,0.68235296011,1,2,0,0,106,0,-1
1506,0.40000000596,0.10000000149,0.30000001192,0.60000002384,1,0.96470594406,0.68235296011,1,1,0,0.15000000596,106,0,-1
1605,0.40000000596,0.10000000149,0.30000001192,0.60000002384,1,0.96470594406,0.68235296011,1,1,0,0.15000000596,106,0,-1
5072,0.40000000596,0.10000000149,0.30000001192,0.60000002384,1,0.96470594406,0.68235296011,1,1,0,0.15000000596,106,0,-1
8063,0.40000000596,0.10000000149,0.30000001192,0.60000002384,1,0.96470594406,0.68235296011,1,1,0,0.15000000596,106,0,-1
615,2,2.5,2.5,0.80000001192,0.85882359743,0.20392158628,0,0.30000001192,0.69999998808,0,0,0,0,-1
984,0.25,0.05000000075,0.20000000298,0.80000001192,0.68235296011,0.24705883861,0.96078437567,1,2,0,0,106,0,-1
1105,0.25,0.05000000075,0.20000000298,0.80000001192,0.68235296011,0.24705883861,0.96078437567,1,2,0,0,106,0,-1
3081,0.25,0.05000000075,0.20000000298,0.80000001192,0.68235296011,0.24705883861,0.96078437567,1,2,0,0,106,0,-1
5745,0.25,0.05000000075,0.20000000298,0.80000001192,0.68235296011,0.24705883861,0.96078437567,1,2,0,0,106,0,-1
6168,0.25,0.05000000075,0.20000000298,0.80000001192,0.68235296011,0.24705883861,0.96078437567,1,2,0,0,106,0,-1
8005,0.25,0.05000000075,0.20000000298,0.80000001192,0.68235296011,0.24705883861,0.96078437567,1,2,0,0,106,0,-1
819,3,2,0.40000000596,0.60000002384,0.51372551918,0.85098046064,1,1,0.80000001192,16,0,4685,0,-1
972,3,2,0.40000000596,0.60000002384,0.51372551918,0.85098046064,1,1,0.80000001192,16,0,4685,0,-1
820,2,1.79999995232,0.40000000596,0.60000002384,0.51372551918,0.85098046064,1,1,0.80000001192,16,0,3869,0,-1
1179,2,1.79999995232,0.40000000596,0.60000002384,0.51372551918,0.85098046064,1,1,0.80000001192,16,0,3869,0,-1
1250,0.10000000149,0,0.34999999404,0.60000002384,0.51372551918,0.85098046064,1,1,1.20000004768,0,0,106,0,-1
8085,0,0,0,1,0.00392156886,0,0.38823533058,1,0.10000000149,1,0,106,0,-1
1062,0,0.5,1,0.69999998808,0.34117648005,0.14509804547,0.55686277151,1,0.60000002384,0,0,106,0,-1
1063,0,0.5,1,0.69999998808,0.34117648005,0.14509804547,0.55686277151,1,0.60000002384,0,0,106,0,-1
1065,0,0.5,1,0.69999998808,0.34117648005,0.14509804547,0.55686277151,1,0.60000002384,0,0,106,0,-1
1086,0,0.5,1,0.69999998808,0.34117648005,0.14509804547,0.55686277151,1,0.60000002384,0,0,106,0,-1
1091,0,0.5,1,0.69999998808,0.34117648005,0.14509804547,0.55686277151,1,0.60000002384,0,0,106,0,-1
1133,0,0.5,1,0.69999998808,0.34117648005,0.14509804547,0.55686277151,1,0.60000002384,0,0,106,0,-1
1196,0,0.5,1,0.69999998808,0.34117648005,0.14509804547,0.55686277151,1,0.60000002384,0,0,106,0,-1
1217,0,0.5,1,0.69999998808,0.34117648005,0.14509804547,0.55686277151,1,0.60000002384,0,0,106,0,-1
1224,0,0.5,1,0.69999998808,0.34117648005,0.14509804547,0.55686277151,1,0.60000002384,0,0,106,0,-1
1409,0,0.5,1,0.69999998808,0.34117648005,0.14509804547,0.55686277151,1,0.60000002384,0,0,106,0,-1
1792,0,0.5,1,0.69999998808,0.34117648005,0.14509804547,0.55686277151,1,0.60000002384,0,0,106,0,-1
2149,0,0.5,1,0.69999998808,0.34117648005,0.14509804547,0.55686277151,1,0.60000002384,0,0,106,0,-1
5606,0,0.5,1,0.69999998808,0.34117648005,0.14509804547,0.55686277151,1,0.60000002384,0,0,106,0,-1
5808,0,0.5,1,0.69999998808,0.34117648005,0.14509804547,0.55686277151,1,0.60000002384,0,0,106,0,-1
7235,0,0.5,1,0.69999998808,0.34117648005,0.14509804547,0.55686277151,1,0.60000002384,0,0,106,0,-1
8092,0,0.5,1,0.69999998808,0.34117648005,0.14509804547,0.55686277151,1,0.60000002384,0,0,106,0,-1
640,0.40000000596,0.10000000149,0.30000001192,0.60000002384,1,0.96470594406,0.68235296011,1,1,0,0.15000000596,0,0,-1
577,0,1,3,1,0.29019609094,0.12941177189,0.33333334327,0.20000000298,1,0,0,0,0,-1
4890,0.15000000596,0.05000000075,0.34999999404,0.69999998808,1,0.50980395079,0,1,2,0,0.11999999732,106,0,-1
821,2,1.29999995232,0.21999999881,0.60000002384,0.51372551918,0.85098046064,1,1,0.80000001192,16,0,4853,0,-1
1463,0.15000000596,0.05000000075,0.30000001192,0.60000002384,0.51372551918,0.85098046064,1,1,1.29999995232,8,0.11999999732,4488,1,-1
647,0,3,0.30000001192,0.40000000596,1,0.96470594406,0.68235296011,1,2,0,0,3864,0,-1
898,0,0.80000001192,0.60000002384,0.60000002384,0.51372551918,0.85098046064,1,1,0.80000001192,0,0,106,0,-1
907,0,0.80000001192,0.60000002384,0.60000002384,0.51372551918,0.85098046064,1,1,0.80000001192,0,0,106,0,-1
1518,0,0.80000001192,0.60000002384,0.60000002384,0.51372551918,0.85098046064,1,1,0.80000001192,0,0,106,0,-1
1548,0,0.80000001192,0.60000002384,0.60000002384,0.51372551918,0.85098046064,1,1,0.80000001192,0,0,106,0,-1
1557,0,0.80000001192,0.60000002384,0.60000002384,0.51372551918,0.85098046064,1,1,0.80000001192,0,0,106,0,-1
1895,0,0.80000001192,0.60000002384,0.60000002384,0.51372551918,0.85098046064,1,1,0.80000001192,0,0,106,0,-1
2794,0,0.80000001192,0.60000002384,0.60000002384,0.51372551918,0.85098046064,1,1,0.80000001192,0,0,106,0,-1
2863,0,0.80000001192,0.60000002384,0.60000002384,0.51372551918,0.85098046064,1,1,0.80000001192,0,0,106,0,-1
3907,0,0.80000001192,0.60000002384,0.60000002384,0.51372551918,0.85098046064,1,1,0.80000001192,0,0,106,0,-1
5776,0,0.80000001192,0.60000002384,0.60000002384,0.51372551918,0.85098046064,1,1,0.80000001192,0,0,106,0,-1
5777,0,0.80000001192,0.60000002384,0.60000002384,0.51372551918,0.85098046064,1,1,0.80000001192,0,0,106,0,-1
8007,0,0.80000001192,0.60000002384,0.60000002384,0.51372551918,0.85098046064,1,1,0.80000001192,0,0,106,0,-1
8469,0,0.80000001192,0.60000002384,0.60000002384,0.51372551918,0.85098046064,1,1,0.80000001192,0,0,106,0,-1
995,4.5,4.19999980927,0.30000001192,1,0.99215692282,0.38823533058,0.05882353336,1,1.5,16,0,4494,0,-1
8459,1.5,1,0.40000000596,0.80000001192,0,1,0.15294118226,1,0.80000001192,16,0,106,0,-1
1522,0.10000000149,0.10000000149,0.30000001192,1,0.96470594406,0.42352944613,0.15294118226,1,2,18,3,4487,0,-1
822,1.5,1.29999995232,0.30000001192,0.60000002384,0.51372551918,0.85098046064,1,1,0.80000001192,16,0,3869,0,-1
2719,0,3,0.5,0.69999998808,0.26666668057,0.79215693474,1,1,1,0,0,106,0,-1
2906,0,3,0.5,0.69999998808,0.26666668057,0.79215693474,1,1,1,0,0,106,0,-1
3691,0,3,0.5,0.69999998808,0.26666668057,0.79215693474,1,1,1,0,0,106,0,-1
3893,0,3,0.5,0.69999998808,0.26666668057,0.79215693474,1,1,1,0,0,106,0,-1
1197,0.75,0,0.25,0.40000000596,1,0.30588236451,0.30588236451,0,0.69999998808,0,0,106,0,-1
1209,0.75,0,0.25,0.40000000596,1,0.30588236451,0.30588236451,0,0.69999998808,0,0,106,0,-1
1426,0.75,0,0.25,0.40000000596,1,0.30588236451,0.30588236451,0,0.69999998808,0,0,106,0,-1
1441,0.75,0,0.25,0.40000000596,1,0.30588236451,0.30588236451,0,0.69999998808,0,0,106,0,-1
1614,0.75,0,0.25,0.40000000596,1,0.30588236451,0.30588236451,0,0.69999998808,0,0,106,0,-1
2260,0.75,0,0.25,0.40000000596,1,0.30588236451,0.30588236451,0,0.69999998808,0,0,106,0,-1
2355,0.75,0,0.25,0.40000000596,1,0.30588236451,0.30588236451,0,0.69999998808,0,0,106,0,-1
2691,0.75,0,0.25,0.40000000596,1,0.30588236451,0.30588236451,0,0.69999998808,0,0,106,0,-1
2900,0.75,0,0.25,0.40000000596,1,0.30588236451,0.30588236451,0,0.69999998808,0,0,106,0,-1
3409,0.75,0,0.25,0.40000000596,1,0.30588236451,0.30588236451,0,0.69999998808,0,0,106,0,-1
976,3,1,1,0.5,1,0.29411765933,0.92549026012,1,0.5,0,0,106,0,-1
977,3,0.5,0.5,0.5,0,0.87058830261,1,1,0.5,0,5,106,0,-1
978,4,1,1,0.80000001192,0,0,0,1,0.5,0,0,106,0,-1
2399,0,0,0,0,0,0,0,1,1,1,0,106,0,-1
5676,0,0,0,0,0,0,0,1,1,1,0,106,0,-1
7157,0,0,0,0,0,0,0,1,1,1,0,106,0,-1
2622,0,0,0,0.89999997616,1,0.33725491166,0,1,0.5,2,0,106,0,-1
1974,0.30000001192,0.10000000149,0.15000000596,0.80000001192,0.05098039657,0,0.58039218187,1,1.5,0,0,106,1,-1
1035,0.40000000596,0.10000000149,0.30000001192,0.80000001192,0.07058823854,0,0.57254904509,1,2.5,0,0,106,1,-1
1973,0.40000000596,0.10000000149,0.30000001192,0.80000001192,0.07058823854,0,0.57254904509,1,2.5,0,0,106,1,-1
1002,0.30000001192,0.10000000149,0.30000001192,2,0.96470594406,0.95294123888,0.3725490272,1,1.75,1,0,106,0,-1
1046,0,1,3,1,0.29019609094,0.12941177189,0.33333334327,0.20000001788,1,0,0,106,0,-1
1536,0,1,3,1,0.29019609094,0.12941177189,0.33333334327,0.20000001788,1,0,0,106,0,-1
1039,0.15000000596,0.05000000075,0.30000001192,0.60000002384,0.77254909277,0.51372551918,1,1,1.29999995232,8,0.11999999732,4488,1,-1
1439,0,1,0,0.60000002384,0.92156869173,0.26274511218,0.26274511218,1,0.69999998808,0,0,106,0,-1
2323,0,0,0,0.5,0.12156864256,0.12156864256,0.12156864256,1,1,0,0,106,0,-1
6965,0,0.10000000149,0.30000001192,1,1,0.28235295415,0.16862745583,1,1,0,0,106,0,-1
8470,2,0.20000000298,0.5,0.5,1,0.95686280727,0.33725491166,1,0.5,0,0,106,0,-1
6254,0.20000000298,0.10000000149,0.30000001192,0.69999998808,0.35686275363,0.18431372941,0.64705884457,1,1.20000004768,0,0,106,0,-1
6309,0.20000000298,0.10000000149,0.30000001192,0.69999998808,0.35686275363,0.18431372941,0.64705884457,1,1.20000004768,0,0,106,0,-1
8065,0.20000000298,0.10000000149,0.30000001192,0.69999998808,0.35686275363,0.18431372941,0.64705884457,1,1.20000004768,0,0,106,0,-1
8066,0.20000000298,0.10000000149,0.30000001192,0.69999998808,0.35686275363,0.18431372941,0.64705884457,1,1.20000004768,0,0,106,0,-1
8067,0.20000000298,0.10000000149,0.30000001192,0.69999998808,0.35686275363,0.18431372941,0.64705884457,1,1.20000004768,0,0,106,0,-1
1068,0,1,3,1,0.81176477671,0.05098039657,0.05098039657,1,1,0,0,106,0,-1
2346,0,1,3,1,0.81176477671,0.05098039657,0.05098039657,1,1,0,0,106,0,-1
1069,0,1,0,0.89999997616,0.82352948189,0.18431372941,0.18431372941,1,1,0,0,106,0,-1
1764,0,0.5,0.5,0.64999997616,1,0.45882356167,0.32549020648,1,0.69999998808,0,0,106,0,-1
1444,0,0.5,1,0.69999998808,0.05882353336,0.05490196496,0.70196080208,1,0.60000002384,0,0,106,0,-1
6059,0,0,0,0.69999998808,0.34117648005,0.14509804547,0.55686277151,1,0.60000002384,0,1,106,0,-1
1125,0.5,0,2,1,0.4392157197,0,1,1,1,0,0,106,0,-1
1490,0,0,0,0.80000001192,0.3725490272,0.12156864256,0.52941179276,1,1,0,0,106,0,-1
1883,6,0.20000000298,0.10000000149,0.60000002384,0.51372551918,0.85098046064,1,1,1,8,0,6378,1,-1
1163,0,0.5,0,0.69999998808,0.36470589042,0,0.58823531866,1,1,0,0,106,0,-1
1231,0,2,2,1.70000004768,0.79607850313,0,1,1,1,0,0,106,0,-1
1955,0,1.5,1.5,1,0,0.07058823854,0.43529415131,1,1,0,0,106,0,-1
2032,0,1.5,1.5,1,0,0.07058823854,0.43529415131,1,1,0,0,106,0,-1
1618,0,1,3,0.69999998808,0.18431372941,0.55686277151,0.89803928137,0.20000001788,1,0,0,106,0,-1
1219,0,0,0,2,0.70980393887,0.06274510175,0.06274510175,1,1,0,0,106,0,-1
2200,0,0,0,0.69999998808,0.49019610882,0.96078437567,1,0.40000003576,0.69999998808,0,0,106,0,-1
1202,0.5,0,0.5,0.25,1,0,0,1,0.5,0,0,106,0,-1
1204,0.5,0,0.5,0.25,1,0,0,1,0.5,0,0,106,0,-1
1885,0,0.25,0.5,0.64999997616,1,0.3137255013,0.18431372941,1,0.20000000298,0,0,106,0,-1
1996,0,0.25,0.5,0.64999997616,1,0.3137255013,0.18431372941,1,0.20000000298,0,0,106,0,-1
5688,0,0.25,0.5,0.64999997616,1,0.3137255013,0.18431372941,1,0.20000000298,0,0,106,0,-1
1359,0.40000000596,0.25,0.25,0,1,0.30588236451,0.30588236451,0,0.75,0,0,106,0,-1
1373,0.40000000596,0.25,0.25,0,1,0.30588236451,0.30588236451,0,0.75,0,0,106,0,-1
5842,0.40000000596,0.25,0.25,0,1,0.30588236451,0.30588236451,0,0.75,0,0,106,0,-1
2164,0,0.5,0.5,1.5,0.81960791349,0,0,1,1.5,0,0,106,0,-1
2641,0,0.5,0.5,1.5,0.81960791349,0,0,1,1.5,0,0,106,0,-1
2643,0,0.5,0.5,1.5,0.81960791349,0,0,1,1.5,0,0,106,0,-1
3075,0,0.5,0.5,1.5,0.81960791349,0,0,1,1.5,0,0,106,0,-1
3078,0,0.5,0.5,1.5,0.81960791349,0,0,1,1.5,0,0,106,0,-1
1540,0,0,0,1,0.22352942824,0,0.45490199327,1,0.34999999404,0,0,106,0,-1
1244,0.5,0.10000000149,0.40000000596,1,0,0.59215688705,0.63137257099,1,0.60000002384,0,0,106,0,-1
1397,0,0.25,0.25,1,1,0,0,1,1,0,0,106,0,-1
1400,0,0.25,0.25,1,1,0,0,1,1,0,0,106,0,-1
1493,0,0.25,0.25,1,1,0,0,1,1,0,0,106,0,-1
2100,0,0.25,0.25,1,1,0,0,1,1,0,0,106,0,-1
5920,0.40000000596,0.30000001192,0.30000001192,0.60000002384,0.19607844949,0.53725492954,1,1,0.5,0,0.20000000298,106,0,-1
5937,0.40000000596,0.30000001192,0.30000001192,0.60000002384,0.19607844949,0.53725492954,1,1,0.5,0,0.20000000298,106,0,-1
7538,0.40000000596,0.30000001192,0.30000001192,0.60000002384,0.19607844949,0.53725492954,1,1,0.5,0,0.20000000298,106,0,-1
4342,0,0.10000000149,0.30000001192,1,0.56862747669,0.05490196496,0.8784314394,1,0.40000000596,0,0,106,0,-1
1414,2,1,1,1,0.08627451211,0.73725491762,1,1,1,0,0,106,0,-1
1905,1,0.10000000149,0.89999997616,0.85000002384,0.63921570778,1,0.29803922772,1,0.60000002384,0,0,106,0,-1
1448,0,0.80000001192,0.80000001192,1,1,0.250980407,0.10196079314,1,1.20000004768,0,0,106,0,-1
1959,0,0.80000001192,0.80000001192,1,1,0.250980407,0.10196079314,1,1.20000004768,0,0,106,0,-1
1606,4,0.10000000149,4,1,0.18431372941,0.69803923368,1,1,1,0,0,106,0,-1
1615,4,0.10000000149,4,1,0.18431372941,0.69803923368,1,1,1,0,0,106,0,-1
3985,0,0,0.25,0.40000000596,1,1,1,1,0.69999998808,0,0,106,0,-1
1462,6,0.10000000149,5,1,0.18431372941,0.28235295415,1,1,1,0,0,106,0,-1
1496,6,0.10000000149,5,1,0.18431372941,0.28235295415,1,1,1,0,0,106,0,-1
1629,0,0,0,1,0.16470588744,0,0.54509806633,1,1,0,0,106,0,-1
1509,0,1,3,0.69999998808,0.78039222956,0.88235300779,0.97254908085,0.20000001788,1,0,0,106,0,-1
1549,0,1,3,0.69999998808,0.78039222956,0.88235300779,0.97254908085,0.20000001788,1,0,0,106,0,-1
2312,0,1,3,0.69999998808,0.78039222956,0.88235300779,0.97254908085,0.20000001788,1,0,0,106,0,-1
1515,0,1,3,0.69999998808,0.78039222956,0.88235300779,0.97254908085,0.20000001788,0.30000001192,0,0,106,0,-1
1545,0,1,3,0.69999998808,0.78039222956,0.88235300779,0.97254908085,0.20000001788,0.30000001192,0,0,106,0,-1
1546,0,1,3,0.69999998808,0.78039222956,0.88235300779,0.97254908085,0.20000001788,0.30000001192,0,0,106,0,-1
1547,0,1,3,0.69999998808,0.78039222956,0.88235300779,0.97254908085,0.20000001788,0.30000001192,0,0,106,0,-1
1525,0,0.25,0.25,0.75,1,0.31764706969,0.1254902035,1,0.5,0,0,106,0,-1
2789,0,0.5,0.5,0.40000000596,0.15294118226,0.60392159224,0.96470594406,0,0.69999998808,0,0,106,0,-1
2793,0,0.5,0.5,0.40000000596,0.15294118226,0.60392159224,0.96470594406,0,0.69999998808,0,0,106,0,-1
2833,0,0.5,0.5,0.40000000596,0.15294118226,0.60392159224,0.96470594406,0,0.69999998808,0,0,106,0,-1
1610,0,0.5,2,1,0.93333339691,0.67843139172,0.29411765933,1,2,0,0,106,0,-1
7508,0,0.5,2,1,0.93333339691,0.67843139172,0.29411765933,1,2,0,0,106,0,-1
5963,0,1,1,1,0.20392158628,0.86274516582,0.95686280727,0.250980407,1,0,0,106,0,-1
6064,0,1,1,1,0.20392158628,0.86274516582,0.95686280727,0.250980407,1,0,0,106,0,-1
6085,0,1,1,1,0.20392158628,0.86274516582,0.95686280727,0.250980407,1,0,0,106,0,-1
4409,0,0.30000001192,0.30000001192,0.89999997616,0.10980392992,0.13333334029,0.56862747669,0.501960814,1,0,0,106,0,-1
1717,6,1,1,1,1,0.24705883861,0,1,1,0,0,106,0,-1
1875,0,0,0,1,0.97647064924,0.96470594406,0.60000002384,1,1,0,0,106,0,-1
3039,0,0,0,1,1,1,1,1,1,0,0,106,0,-1
3201,0,0,0,1,1,1,1,1,1,0,0,106,0,-1
3646,0,0,0,1,1,1,1,1,1,0,0,106,0,-1
3770,0,0,0,1,1,1,1,1,1,0,0,106,0,-1
3780,0,0,0,1,1,1,1,1,1,0,0,106,0,-1
4634,0,0,0,1,1,1,1,1,1,0,0,106,0,-1
6148,0,0,0,1,1,1,1,1,1,0,0,106,0,-1
6205,0,0,0,1,1,1,1,1,1,0,0,106,0,-1
8099,0,0,0,1,1,1,1,1,1,0,0,106,0,-1
8100,0,0,0,1,1,1,1,1,1,0,0,106,0,-1
8101,0,0,0,1,1,1,1,1,1,0,0,106,0,-1
4461,0,0,0,0.40000000596,0.07058823854,0.12941177189,0.73725491762,1,1,0,0,106,0,-1
1752,0.25,0.10000000149,0.20000000298,0.60000002384,0,0.27450981736,0.69803923368,1,2,0,0.15000000596,106,0,-1
1803,0.25,0.10000000149,0.20000000298,0.60000002384,0,0.27450981736,0.69803923368,1,2,0,0.15000000596,106,0,-1
1805,0.25,0.10000000149,0.20000000298,0.60000002384,0,0.27450981736,0.69803923368,1,2,0,0.15000000596,106,0,-1
4909,0,0.34999999404,0.5,0.5,0.6862745285,0,0,1,1,0,0,106,0,-1
4954,0,0.34999999404,0.5,0.5,0.6862745285,0,0,1,1,0,0,106,0,-1
1686,0,0.34999999404,0.85000002384,0.5,0.99607849121,0.4392157197,1,1,1,0,0,106,0,-1
6169,0,0,0,0.5,0.38431376219,0.36862745881,0.36862745881,1,0.25,0,0,106,0,-1
1884,0,1,0,1.29999995232,0.96470594406,0.34901961684,1,1,0.20000000298,0,0,106,0,-1
1861,0,0.20000000298,0.20000000298,0.80000001192,0.45490199327,0.87450987101,0.92941182852,1,0.69999998808,0,0,106,0,-1
5986,0,0.20000000298,0.20000000298,0.80000001192,0.45490199327,0.87450987101,0.92941182852,1,0.69999998808,0,0,106,0,-1
1726,0,0.75,1,1.20000004768,0.15294118226,1,0,1,0.5,0,0,106,0,-1
4687,0,0,0,1.75,0.03137255087,0.93333339691,0.12156864256,1,1,0,0,106,0,-1
1741,0,0.25,0.5,1.79999995232,0,0.63921570778,1,0.49803924561,1,0,0,106,0,-1
1900,1,0.25,0.5,1.79999995232,0,0.63921570778,1,0.49803924561,1,0,0,106,0,-1
1754,0.34999999404,0.10000000149,0.20000000298,0.60000002384,0.99215692282,0.66274511814,0.17254902422,1,2,0,0.15000000596,106,0,-1
1822,0.25,0.10000000149,0.20000000298,0.60000002384,0,0.27450981736,0.69803923368,1,2,0,0.25,106,0,-1
1829,0.25,0.10000000149,0.20000000298,0.60000002384,0,0.27450981736,0.69803923368,1,2,0,0.25,106,0,-1
1831,0.25,0.10000000149,0.20000000298,0.60000002384,0,0.27450981736,0.69803923368,1,2,0,0.25,106,0,-1
1837,0.25,0.10000000149,0.20000000298,0.60000002384,0,0.27450981736,0.69803923368,1,2,0,0.25,106,0,-1
1880,0.25,0.10000000149,0.20000000298,0.60000002384,0,0.27450981736,0.69803923368,1,2,0,0.25,106,0,-1
1824,0.25,0.10000000149,0.20000000298,0.60000002384,0.99215692282,0.66274511814,0.17254902422,1,2,0,0.25,106,0,-1
1830,0.25,0.10000000149,0.20000000298,0.60000002384,0.99215692282,0.66274511814,0.17254902422,1,2,0,0.25,106,0,-1
1833,0.25,0.10000000149,0.20000000298,0.60000002384,0.99215692282,0.66274511814,0.17254902422,1,2,0,0.25,106,0,-1
1881,0.25,0.10000000149,0.20000000298,0.60000002384,0.99215692282,0.66274511814,0.17254902422,1,2,0,0.25,106,0,-1
1801,0,0,0,1.70000004768,1,0.22745099664,0.04313725606,0.80000007153,1,0,0,106,0,-1
1866,0,0,0,1.70000004768,1,0.22745099664,0.04313725606,0.80000007153,1,0,0,106,0,-1
2165,0,0,0,1.70000004768,1,0.22745099664,0.04313725606,0.80000007153,1,0,0,106,0,-1
2701,0,0,0,1.70000004768,1,0.22745099664,0.04313725606,0.80000007153,1,0,0,106,0,-1
1802,0.30000001192,0.10000000149,0.30000001192,0.60000002384,0.99215692282,0.66274511814,0.17254902422,1,2,0,0.15000000596,106,0,-1
1806,0.25,0.10000000149,0.20000000298,0.60000002384,0.99215692282,0.66274511814,0.17254902422,1,2,0,0.15000000596,106,0,-1
1812,0.34999999404,0.10000000149,0.30000001192,0.60000002384,0.99215692282,0.66274511814,0.17254902422,1,2,0,0.20000000298,106,0,-1
1815,0.25,0.10000000149,0.30000001192,0.60000002384,0,0.27450981736,0.69803923368,1,2,0,0.20000000298,106,0,-1
1827,0.25,0.10000000149,0.20000000298,0.60000002384,0,0.27450981736,0.69803923368,1,2,0,0.20000000298,106,0,-1
1834,0.25,0.10000000149,0.20000000298,0.60000002384,0,0.27450981736,0.69803923368,1,2,0,0.20000000298,106,0,-1
1840,0.25,0.10000000149,0.20000000298,0.60000002384,0,0.27450981736,0.69803923368,1,2,0,0.20000000298,106,0,-1
2228,0.25,0.10000000149,0.20000000298,0.60000002384,0,0.27450981736,0.69803923368,1,2,0,0.20000000298,106,0,-1
2238,0.25,0.10000000149,0.20000000298,0.60000002384,0,0.27450981736,0.69803923368,1,2,0,0.20000000298,106,0,-1
1828,0.25,0.10000000149,0.20000000298,0.60000002384,0.99215692282,0.66274511814,0.17254902422,1,2,0,0.20000000298,106,0,-1
1835,0.25,0.10000000149,0.20000000298,0.60000002384,0.99215692282,0.66274511814,0.17254902422,1,2,0,0.20000000298,106,0,-1
1836,0.25,0.10000000149,0.20000000298,0.60000002384,0.99215692282,0.66274511814,0.17254902422,1,2,0,0.20000000298,106,0,-1
1842,0.25,0.10000000149,0.20000000298,0.60000002384,0.99215692282,0.66274511814,0.17254902422,1,2,0,0.20000000298,106,0,-1
2229,0.25,0.10000000149,0.20000000298,0.60000002384,0.99215692282,0.66274511814,0.17254902422,1,2,0,0.20000000298,106,0,-1
2230,0.25,0.10000000149,0.20000000298,0.60000002384,0.99215692282,0.66274511814,0.17254902422,1,2,0,0.20000000298,106,0,-1
1820,0,1,0.40000000596,0.60000002384,0,0.27450981736,0.69803923368,1,2,0,0.25,106,0,-1
1926,0,1,0.40000000596,0.60000002384,0,0.27450981736,0.69803923368,1,2,0,0.25,106,0,-1
2204,0,1,0.40000000596,0.60000002384,0,0.27450981736,0.69803923368,1,2,0,0.25,106,0,-1
1821,0,1,0.40000000596,0.60000002384,0.99215692282,0.66274511814,0.17254902422,1,2,0,0.25,106,0,-1
1927,0,1,0.40000000596,0.60000002384,0.99215692282,0.66274511814,0.17254902422,1,2,0,0.25,106,0,-1
1841,0.25,0.10000000149,0.20000000298,0.60000002384,0,0.27450981736,0.69803923368,1,2,0,0.05000000075,106,0,-1
1843,0.25,0.10000000149,0.20000000298,0.60000002384,0.99215692282,0.66274511814,0.17254902422,1,2,0,0.05000000075,106,0,-1
1848,0.40000000596,0.10000000149,0.40000000596,0.60000002384,0,0.27450981736,0.69803923368,1,2,0,0.10000000149,106,0,-1
1924,0.40000000596,0.10000000149,0.40000000596,0.60000002384,0,0.27450981736,0.69803923368,1,2,0,0.10000000149,106,0,-1
1850,0.40000000596,0.10000000149,0.40000000596,0.60000002384,0.99215692282,0.66274511814,0.17254902422,1,2,0,0.10000000149,106,0,-1
1925,0.40000000596,0.10000000149,0.40000000596,0.60000002384,0.99215692282,0.66274511814,0.17254902422,1,2,0,0.10000000149,106,0,-1
1901,0,1.5,0.5,1.5,0,0.63921570778,1,0.49803924561,1,0,0,106,0,-1
1865,1,0.30000001192,0.69999998808,1,0,0.61568629742,1,0.51372551918,1,0,0,106,0,-1
1923,0.5,0.15000000596,0.34999999404,1.5,0.16862745583,0.79607850313,1,1,1,0,0,106,0,-1
1915,0,1,1,1,0.20392158628,0.65098041296,0.95686280727,0.250980407,1,0,0,106,0,-1
1953,0,0,0,1,0.40392160416,0.63137257099,0.93725496531,1,1,0,0,106,0,-1
4816,0,0.80000001192,0.80000001192,1,0.66274511814,0.01568627544,1,1,1.20000004768,0,0,106,0,-1
4289,0,0.80000001192,0.80000001192,1,1,0.56862747669,0.01568627544,1,1.20000004768,0,0,106,0,-1
6409,0,0.80000001192,0.80000001192,1,1,0.56862747669,0.01568627544,1,1.20000004768,0,0,106,0,-1
5625,0,0.80000001192,0.80000001192,1,0,0,0,1,1.20000004768,0,0,106,0,-1
1988,0,0,0,0.69999998808,0.03921568766,0,0.57647061348,1,0.30000001192,0,0,106,1,-1
2258,0,0,0,0.69999998808,0.03921568766,0,0.57647061348,1,0.30000001192,0,0,106,1,-1
2259,0,0,0,0.69999998808,0.03921568766,0,0.57647061348,1,0.30000001192,0,0,106,1,-1
2303,0,0,0,0.69999998808,0.03921568766,0,0.57647061348,1,0.30000001192,0,0,106,1,-1
2304,0,0,0,0.69999998808,0.03921568766,0,0.57647061348,1,0.30000001192,0,0,106,1,-1
2317,0,0,0,0.69999998808,0.03921568766,0,0.57647061348,1,0.30000001192,0,0,106,1,-1
2318,0,0,0,0.69999998808,0.03921568766,0,0.57647061348,1,0.30000001192,0,0,106,1,-1
2319,0,0,0,0.69999998808,0.03921568766,0,0.57647061348,1,0.30000001192,0,0,106,1,-1
2320,0,0,0,0.69999998808,0.03921568766,0,0.57647061348,1,0.30000001192,0,0,106,1,-1
2001,0,0.5,0.5,0.30000001192,0.63529413939,0.07058823854,0.82745105028,1,0.5,0,0,106,0,-1
2263,0,1.5,1.5,1,1,0.501960814,0,0.44705885649,0.20000000298,0,0,106,0,-1
2039,0,0.30000001192,0.30000001192,0.89999997616,0.10196079314,0.09803922474,0.82745105028,1,0.89999997616,0,0,106,0,-1
2361,0.80000001192,0.25,0.5,1,0,0.76078438759,1,1,0.34999999404,0,0,106,0,-1
2054,10,3,0,1.60000002384,0.27843138576,0.73725491762,1,1,2,0,0,106,0,-1
2055,10,3,0,1.60000002384,0.27843138576,0.73725491762,1,1,2,0,0,106,0,-1
2058,10,3,0,1.60000002384,0.27843138576,0.73725491762,1,1,2,0,0,106,0,-1
2059,10,3,0,1.60000002384,0.27843138576,0.73725491762,1,1,2,0,0,106,0,-1
2060,10,3,0,1.60000002384,0.27843138576,0.73725491762,1,1,2,0,0,106,0,-1
2061,10,3,0,1.60000002384,0.27843138576,0.73725491762,1,1,2,0,0,106,0,-1
2062,10,3,0,1.60000002384,0.27843138576,0.73725491762,1,1,2,0,0,106,0,-1
2063,10,3,0,1.60000002384,0.27843138576,0.73725491762,1,1,2,0,0,106,0,-1
2064,10,3,0,1.60000002384,0.27843138576,0.73725491762,1,1,2,0,0,106,0,-1
2065,10,3,0,1.60000002384,0.27843138576,0.73725491762,1,1,2,0,0,106,0,-1
2066,10,3,0,1.60000002384,0.27843138576,0.73725491762,1,1,2,0,0,106,0,-1
2067,10,3,0,1.60000002384,0.27843138576,0.73725491762,1,1,2,0,0,106,0,-1
2068,10,3,0,1.60000002384,0.27843138576,0.73725491762,1,1,2,0,0,106,0,-1
2069,10,3,0,1.60000002384,0.27843138576,0.73725491762,1,1,2,0,0,106,0,-1
2070,10,3,0,1.60000002384,0.27843138576,0.73725491762,1,1,2,0,0,106,0,-1
2071,10,3,0,1.60000002384,0.27843138576,0.73725491762,1,1,2,0,0,106,0,-1
2072,10,3,0,1.60000002384,0.27843138576,0.73725491762,1,1,2,0,0,106,0,-1
2073,10,3,0,1.60000002384,0.27843138576,0.73725491762,1,1,2,0,0,106,0,-1
2074,10,3,0,1.60000002384,0.27843138576,0.73725491762,1,1,2,0,0,106,0,-1
2075,10,3,0,1.60000002384,0.27843138576,0.73725491762,1,1,2,0,0,106,0,-1
2076,10,3,0,1.60000002384,0.27843138576,0.73725491762,1,1,2,0,0,106,0,-1
2077,10,3,0,1.60000002384,0.27843138576,0.73725491762,1,1,2,0,0,106,0,-1
2078,10,3,0,1.60000002384,0.27843138576,0.73725491762,1,1,2,0,0,106,0,-1
2079,10,3,0,1.60000002384,0.27843138576,0.73725491762,1,1,2,0,0,106,0,-1
2080,10,3,0,1.60000002384,0.27843138576,0.73725491762,1,1,2,0,0,106,0,-1
2081,10,3,0,1.60000002384,0.27843138576,0.73725491762,1,1,2,0,0,106,0,-1
2082,10,3,0,1.60000002384,0.27843138576,0.73725491762,1,1,2,0,0,106,0,-1
2083,10,3,0,1.60000002384,0.27843138576,0.73725491762,1,1,2,0,0,106,0,-1
2757,10,3,0,1.60000002384,0.27843138576,0.73725491762,1,1,2,0,0,106,0,-1
3349,10,3,0,1.60000002384,0.27843138576,0.73725491762,1,1,2,0,0,106,0,-1
4842,10,3,0,1.60000002384,0.27843138576,0.73725491762,1,1,2,0,0,106,0,-1
4860,10,3,0,1.60000002384,0.27843138576,0.73725491762,1,1,2,0,0,106,0,-1
4862,10,3,0,1.60000002384,0.27843138576,0.73725491762,1,1,2,0,0,106,0,-1
4863,10,3,0,1.60000002384,0.27843138576,0.73725491762,1,1,2,0,0,106,0,-1
5813,10,3,0,1.60000002384,0.27843138576,0.73725491762,1,1,2,0,0,106,0,-1
5946,10,3,0,1.60000002384,0.27843138576,0.73725491762,1,1,2,0,0,106,0,-1
3229,0.5,0,0.5,1.60000002384,0.27843138576,0.73725491762,1,1,2,0,0,106,0,-1
4843,0.5,0,0.5,1.60000002384,0.27843138576,0.73725491762,1,1,2,0,0,106,0,-1
3327,0,0,0,1,0.41960787773,0.92156869173,1,1,0.69999998808,0,0,106,3,-1
4844,0.10000000149,0.10000000149,1.5,1.5,0.92941182852,0.34901961684,0.30196079612,1,1.5,0,0,106,0,-1
5263,0.10000000149,0.10000000149,1.5,1.5,0.92941182852,0.34901961684,0.30196079612,1,1.5,0,0,106,0,-1
2817,0,0,0,0.89999997616,0.29019609094,0.47450983524,0.57254904509,1,1,0,0,106,0,-1
2593,0,2,1,1,0.66666668653,0.98431378603,1,1,0.66000002623,0,0,106,0,-1
2594,0,2,1,1,0.66666668653,0.98431378603,1,1,0.66000002623,0,0,106,0,-1
2169,0,0,0,0.75,0.29019609094,0.47450983524,0.57254904509,1,1,0,0,106,0,-1
2256,0,0,0,0.75,0.29019609094,0.47450983524,0.57254904509,1,1,0,0,106,0,-1
2257,0,0,0,0.75,0.29019609094,0.47450983524,0.57254904509,1,1,0,0,106,0,-1
2658,0,0,0,0.75,0.29019609094,0.47450983524,0.57254904509,1,1,0,0,106,0,-1
6505,0,0.5,0.5,1.5,0.00784313772,0,0.63137257099,1,5,0,0,106,0,-1
6655,0,0.5,0.5,1.5,0.00784313772,0,0.63137257099,1,5,0,0,106,0,-1
6841,0,0.5,0.5,1.5,0.00784313772,0,0.63137257099,1,5,0,0,106,0,-1
6924,0,0.5,0.5,1.5,0.00784313772,0,0.63137257099,1,5,0,0,106,0,-1
7117,0,0.5,0.5,1.5,0.00784313772,0,0.63137257099,1,5,0,0,106,0,-1
7182,0,0.5,0.5,1.5,0.00784313772,0,0.63137257099,1,5,0,0,106,0,-1
2196,0,0.20000000298,1,0.55000001192,0.13725490868,0.51764708757,0.91372555494,1,1,0,0,106,20,-1
2330,0,0.20000000298,1,0.55000001192,0.13725490868,0.51764708757,0.91372555494,1,1,0,0,106,20,-1
2193,0,1,1,1,0.67058825493,1,1,1,1,0,0,106,0,-1
2271,0,1,1,1,0.67058825493,1,1,1,1,0,0,106,0,-1
2331,1,0.20000000298,0.75,0.60000002384,0.99215692282,0.66274511814,0.17254902422,1,2,0,0.05000000075,106,0,-1
2277,0,1,1.5,0.60000002384,0,0.27450981736,0.69803923368,1,2,0,0.25,106,0,-1
2278,0,1,1.5,0.60000002384,0.99215692282,0.66274511814,0.17254902422,1,2,0,0.25,106,0,-1
2299,0,1.5,0.40000000596,0.60000002384,0,0.27450981736,0.69803923368,1,2,16,0,14743,0,-1
2300,0,2,0.40000000596,0.60000002384,0.99215692282,0.66274511814,0.17254902422,1,2,16,0,14744,0,-1
2806,0,0.5,1,0.69999998808,1,0.02745098248,0,1,0.60000002384,0,0,106,0,-1
2908,0,0.5,1,0.69999998808,1,0.02745098248,0,1,0.60000002384,0,0,106,0,-1
4620,0,0.5,1,0.69999998808,1,0.02745098248,0,1,0.60000002384,0,0,106,0,-1
4922,0,0.5,1,0.69999998808,1,0.02745098248,0,1,0.60000002384,0,0,106,0,-1
5113,0,0.5,1,0.69999998808,1,0.02745098248,0,1,0.60000002384,0,0,106,0,-1
5186,0,0.5,1,0.69999998808,1,0.02745098248,0,1,0.60000002384,0,0,106,0,-1
5210,0,0.5,1,0.69999998808,1,0.02745098248,0,1,0.60000002384,0,0,106,0,-1
5211,0,0.5,1,0.69999998808,1,0.02745098248,0,1,0.60000002384,0,0,106,0,-1
5233,0,0.5,1,0.69999998808,1,0.02745098248,0,1,0.60000002384,0,0,106,0,-1
5234,0,0.5,1,0.69999998808,1,0.02745098248,0,1,0.60000002384,0,0,106,0,-1
5238,0,0.5,1,0.69999998808,1,0.02745098248,0,1,0.60000002384,0,0,106,0,-1
5291,0,0.5,1,0.69999998808,1,0.02745098248,0,1,0.60000002384,0,0,106,0,-1
5330,0,0.5,1,0.69999998808,1,0.02745098248,0,1,0.60000002384,0,0,106,0,-1
5527,0,0.5,1,0.69999998808,1,0.02745098248,0,1,0.60000002384,0,0,106,0,-1
5528,0,0.5,1,0.69999998808,1,0.02745098248,0,1,0.60000002384,0,0,106,0,-1
5551,0,0.5,1,0.69999998808,1,0.02745098248,0,1,0.60000002384,0,0,106,0,-1
5564,0,0.5,1,0.69999998808,1,0.02745098248,0,1,0.60000002384,0,0,106,0,-1
5692,0,0.5,1,0.69999998808,1,0.02745098248,0,1,0.60000002384,0,0,106,0,-1
6046,0,0.5,1,0.69999998808,1,0.02745098248,0,1,0.60000002384,0,0,106,0,-1
6219,0,0.5,1,0.69999998808,1,0.02745098248,0,1,0.60000002384,0,0,106,0,-1
6346,0,0.5,1,0.69999998808,1,0.02745098248,0,1,0.60000002384,0,0,106,0,-1
6360,0,0.5,1,0.69999998808,1,0.02745098248,0,1,0.60000002384,0,0,106,0,-1
7119,0,0.5,1,0.69999998808,1,0.02745098248,0,1,0.60000002384,0,0,106,0,-1
7120,0,0.5,1,0.69999998808,1,0.02745098248,0,1,0.60000002384,0,0,106,0,-1
7240,0,0.5,1,0.69999998808,1,0.02745098248,0,1,0.60000002384,0,0,106,0,-1
5096,0.69999998808,0.20000000298,0.40000000596,2,0.23137256503,0.5607843399,1,1,2,0,0,106,2,-1
2309,0,0.20000000298,1,1,0,0.05098039657,0.42745101452,1,1,0,0,106,19,-1
2385,0,0.5,0.5,0.89999997616,0.80000007153,0.14901961386,0.09019608051,1,0.89999997616,0,0,106,0,-1
2430,1,0.25,0.5,1.70000004768,1,0.22745099664,0.04313725606,0.80000007153,1,0,0,106,0,-1
2431,1,0.25,0.5,1.70000004768,1,0.22745099664,0.04313725606,0.80000007153,1,0,0,106,0,-1
2648,0.5,0.05000000075,0.25,1.29999995232,0.03921568766,0.30588236451,0.19607844949,1,1,0,0,106,0,-1
3193,0,0.25,1,0.5,1,0,0,1,1,0,0,106,0,-1
7685,0,0.25,1,0.5,1,0,0,1,1,0,0,106,0,-1
7686,0,0.25,1,0.5,1,0,0,1,1,0,0,106,0,-1
7687,0,0.25,1,0.5,1,0,0,1,1,0,0,106,0,-1
2380,0.25,0,0.10000000149,1.5,0.31764706969,0.94509810209,1,1,1.5,0,0,106,0,-1
2991,0.25,0,0.10000000149,1.5,0.31764706969,0.94509810209,1,1,1.5,0,0,106,0,-1
2368,0.30000001192,0.30000001192,0.30000001192,1,0.93333339691,0.11372549832,0.08627451211,1,0.5,0,0,106,0,-1
2472,2,0.5,0.5,1.5,1,0.14901961386,0.14901961386,1,0.25,0,0,106,0,-1
2475,0,0.5,0.5,0.80000001192,0.41176474094,0.87058830261,1,1,0.60000002384,0,0,106,0,-1
2426,0,0.5,0.5,0.80000001192,0.63137257099,0.90588241816,0.76862752438,1,0.60000002384,0,0,106,0,-1
2734,0,0.25,0.25,1.5,1,0.20000001788,0.20000001788,1,1.5,0,0,106,0,-1
6246,0,1,3,1,0.98823535442,1,0.71372550726,0.20000001788,1,0,0,106,0,-1
2467,0,0,0,0.30000001192,1,0.30588236451,0.57647061348,1,1,0,0,106,0,-1
4460,0,0,0,0.30000001192,1,0.30588236451,0.57647061348,1,1,0,0,106,0,-1
5166,0,0,0,0.30000001192,1,0.30588236451,0.57647061348,1,1,0,0,106,0,-1
4459,0,0,0,0.30000001192,0.72549021244,0.39215689898,0.8784314394,1,1,0,0,106,0,-1
2462,0,0,0,1.5,0.92156869173,0.93725496531,0.39607846737,0.20000001788,1,0,0,106,0,-1
2938,6,0.5,0.5,0.89999997616,1,0.14901961386,0.14901961386,1,0.80000001192,0,0,106,0,-1
2559,0,0.25,0.25,1.5,0.97254908085,1,0.3137255013,1,1.5,0,0,106,5,-1
4578,0,1,1,0.10000000149,0.34901961684,0.34901961684,0.18039216101,1,1,0,0,106,0,-1
4727,0,1,1,0.10000000149,0.34901961684,0.34901961684,0.18039216101,1,1,0,0,106,0,-1
5309,0,1,1,0.10000000149,0.34901961684,0.34901961684,0.18039216101,1,1,0,0,106,0,-1
3938,0.40000000596,0.10000000149,0.30000001192,0.60000002384,0.57647061348,0.87058830261,1,1,1,0,0.15000000596,106,0,-1
3304,0,0,0,0.69999998808,0.45098042488,0.7529412508,0.76470595598,1,0.80000001192,0,0,106,0,-1
3331,0,0,0,0.69999998808,0.45098042488,0.7529412508,0.76470595598,1,0.80000001192,0,0,106,0,-1
2606,1.5,1.5,0.5,1,0.27450981736,0.1254902035,0.7490196228,1,1,0,0,106,6,-1
3084,11,3,1,1.5,0.23137256503,0.58039218187,1,1,2,0,0,106,0,-1
3874,1,0.5,1,0.89999997616,0.7529412508,0.99215692282,1,1,1,0,0,106,0,-1
5188,1,0.5,1,0.89999997616,0.7529412508,0.99215692282,1,1,1,0,0,106,0,-1
2580,0,1,1,2,0.24313727021,0.09803922474,0.54901963472,1,1,0,0,106,1,-1
2971,0,0.5,0.5,0.75,0,0.57647061348,0.27450981736,1,1,0,1.10000002384,106,3,-1
2785,0,1,1,1,0,0.46274513006,0.30196079612,0.23921570182,1,0,0,106,0,-1
2787,0,1,1,1,0,0.46274513006,0.30196079612,0.23921570182,1,0,0,106,0,-1
2820,0,1,1,1,0,0.46274513006,0.30196079612,0.23921570182,1,0,0,106,0,-1
3257,0,1,1,1,0,0.46274513006,0.30196079612,0.23921570182,1,0,0,106,0,-1
3177,0,1,2,0.85000002384,0,0.73725491762,0.52941179276,1,1,0,0,106,1,-1
3835,0,1,2,0.85000002384,0,0.73725491762,0.52941179276,1,1,0,0,106,1,-1
3837,0,1,2,0.85000002384,0,0.73725491762,0.52941179276,1,1,0,0,106,1,-1
2986,0,1,0,2,0.96470594406,0.97647064924,0.97647064924,1,1,0,0,106,0,-1
2728,0,1,1,2,0.1254902035,0,0.38823533058,1,1,0,0,106,1,-1
4705,0,0,0,1,1,0,0,1,0.5,0,0,106,6,-1
6749,0,0,0,0.69999998808,0.55686277151,0.14509804547,0.16470588744,1,0.60000002384,0,1,106,0,-1
6811,0,0,0,0.69999998808,0.55686277151,0.14509804547,0.16470588744,1,0.60000002384,0,1,106,0,-1
6819,0,0,0,0.69999998808,0.55686277151,0.14509804547,0.16470588744,1,0.60000002384,0,1,106,0,-1
6886,0,0,0,0.69999998808,0.55686277151,0.14509804547,0.16470588744,1,0.60000002384,0,1,106,0,-1
7675,0,0,0,0.69999998808,0.55686277151,0.14509804547,0.16470588744,1,0.60000002384,0,1,106,0,-1
7680,0,0,0,0.69999998808,0.55686277151,0.14509804547,0.16470588744,1,0.60000002384,0,1,106,0,-1
7703,0,0,0,0.69999998808,0.55686277151,0.14509804547,0.16470588744,1,0.60000002384,0,1,106,0,-1
2602,0,0.5,1,1,0.14509804547,0.85490202904,0.52156865597,1,0.40000000596,0,0,106,0,-1
2603,0,0.5,1,1,0.14509804547,0.85490202904,0.52156865597,1,0.40000000596,0,0,106,0,-1
2604,0,0.5,1,1,0.14509804547,0.85490202904,0.52156865597,1,0.40000000596,0,0,106,0,-1
2605,0,0.5,1,1,0.14509804547,0.85490202904,0.52156865597,1,0.40000000596,0,0,106,0,-1
2753,0,0.5,1,1,0.14509804547,0.85490202904,0.52156865597,1,0.40000000596,0,0,106,0,-1
2754,0,0.5,1,1,0.14509804547,0.85490202904,0.52156865597,1,0.40000000596,0,0,106,0,-1
2755,0,0.5,1,1,0.14509804547,0.85490202904,0.52156865597,1,0.40000000596,0,0,106,0,-1
2756,0,0.5,1,1,0.14509804547,0.85490202904,0.52156865597,1,0.40000000596,0,0,106,0,-1
3366,0,6,1,1.10000002384,0.42352944613,0.8156863451,0.77254909277,1,0.80000001192,0,0,106,0,-1
2885,0,0.10000000149,0.30000001192,0.5,0.49411767721,0,0.01568627544,1,1,0,0,106,0,-1
3026,0,0.10000000149,0.30000001192,0.5,0.49411767721,0,0.01568627544,1,1,0,0,106,0,-1
3741,0,0.10000000149,0.30000001192,0.5,0.49411767721,0,0.01568627544,1,1,0,0,106,0,-1
2639,0,1,1,1,0.29019609094,0.24705883861,0.35294118524,1,1,0,0,106,0,-1
2660,0,1,1,1,0.29019609094,0.24705883861,0.35294118524,1,1,0,0,106,0,-1
4774,0,0.30000001192,2,0.60000002384,0.68235296011,0.24705883861,0.96078437567,1,1,0,0,106,0,-1
6552,0,0.25,0.5,0.69999998808,0,0.40784317255,0.61176472902,1,0.80000001192,0,0,106,0,-1
6969,0,0.25,0.5,0.69999998808,0,0.40784317255,0.61176472902,1,0.80000001192,0,0,106,0,-1
2739,0,1.70000004768,0.75,0.89999997616,0.09019608051,0.81176477671,0.52156865597,1,1,0,0,106,0,-1
2927,0,2,2,0.60000002384,0.41960787773,0.92156869173,1,1,1,0,0,106,3,-1
3922,0,1,1,1.20000004768,0,0.53725492954,1,1,0.80000001192,0,0,106,0,-1
3673,0,0,0,0.60000002384,0.24705883861,0.9411765337,0.96078437567,1,2,0,0,106,0,-1
3110,0,1,1,1,0.76078438759,0.10588236153,0.10588236153,1,1,0,0,106,0,-1
2759,6,0.5,0.5,0.89999997616,0.14901961386,0.8784314394,1,1,0.80000001192,0,0,106,0,-1
3004,6,0.5,0.5,0.89999997616,0.14901961386,0.8784314394,1,1,0.80000001192,0,0,106,0,-1
2988,16,0.5,0.5,1,0.69411766529,0.14901961386,0.19607844949,1,1,0,0.25,106,0,-1
2703,0.10000000149,0.10000000149,0.30000001192,1,0.66274511814,0.33725491166,0.33725491166,1,1,0,0,106,0,-1
3063,0.5,0.30000001192,0.30000001192,1.20000004768,0.16470588744,0.87450987101,0.16078431904,1,1,0,0,106,0,-1
2764,1,0.30000001192,0.30000001192,1.20000004768,0.16470588744,0.87450987101,0.16078431904,1,1,0,0,106,0,-1
2765,1,0.30000001192,0.30000001192,1.20000004768,0.16470588744,0.87450987101,0.16078431904,1,1,0,0,106,0,-1
3082,1,0.30000001192,0.30000001192,1.20000004768,0.16470588744,0.87450987101,0.16078431904,1,1,0,0,106,0,-1
5473,1,0.30000001192,0.30000001192,1.20000004768,0.16470588744,0.87450987101,0.16078431904,1,1,0,0,106,0,-1
7493,0,0.25,1,1.5,1,0,0,1,1,0,0,106,0,-1
3398,0,0.10000000149,0.10000000149,0.60000002384,0.63529413939,0.82745105028,1,1,0.69999998808,0,0,106,0,-1
6426,0,0.10000000149,0.10000000149,0.60000002384,0.63529413939,0.82745105028,1,1,0.69999998808,0,0,106,0,-1
2997,0,9,0.10000000149,0.80000001192,0.57647061348,0.17647059262,0.09411765635,1,0.5,0,0,106,0,-1
2932,0,0,0,0.85000002384,1,0,0,1,0.25,0,0,106,0,-1
2758,0,0,0,1,0.53333336115,0.16470588744,0.16470588744,1,0.5,0,0,106,1,-1
2846,4,0,0,0.5,0.49411767721,0,0.07843137532,1,0.60000002384,0,0,106,0,-1
3190,0.5,0.25,0,0.10000000149,0,0,0,1,1,0,0,106,2,-1
7980,0.5,0.25,0,0.10000000149,0,0,0,1,1,0,0,106,2,-1
3191,0.5,0,0.25,0.5,0,0,0,1,1,0,0.75,106,1,-1
7981,0.5,0,0.25,0.5,0,0,0,1,1,0,0.75,106,1,-1
3192,0,0.25,1,0.80000001192,0,0.72941178083,0.47450983524,1,1,0,1.20000004768,106,0,-1
7982,0,0.25,1,0.80000001192,0,0.72941178083,0.47450983524,1,1,0,1.20000004768,106,0,-1
3106,6,0.5,0.5,0.89999997616,0.11764706671,0.95686280727,0.70196080208,1,0.80000001192,0,0,106,0,-1
3695,0,1,1,0.69999998808,0.76470595598,0.23921570182,0.23921570182,1,1,0,0,106,0,-1
2823,0,0.15000000596,0.5,0.5,0.47843140364,0.86274516582,1,1,1,0,0,106,4,-1
2830,0,0.15000000596,0.5,0.5,0.47843140364,0.86274516582,1,1,1,0,0,106,4,-1
3248,0,0.5,0.5,0.89999997616,1,1,1,1,1,0,0,106,10,-1
3660,0,0.5,0.5,0.89999997616,1,1,1,1,1,0,0,106,10,-1
2819,0,1,0.40000000596,1,0,1,0.30196079612,1,1.20000004768,0,0,106,0,-1
2845,0,1,0.40000000596,1,0,1,0.30196079612,1,1.20000004768,0,0,106,0,-1
2832,0,0,0,0.5,0.05490196496,0.04313725606,0.06666667014,1,1,0,0,106,0,-1
4146,0.34999999404,0.05000000075,0.30000001192,1.10000002384,0.04705882818,1,0,1,0.89999997616,0,0,106,0,-1
3779,0,0,0,0.5,1,1,1,1,1,0,0,106,0,-1
3804,0,0,0,0.5,1,1,1,1,1,0,0,106,0,-1
2853,1,0.20000000298,0.20000000298,0.69999998808,0.90980398655,0.11372549832,0.11372549832,1,1,0,0,106,0,-1
3715,0,0,0,0,0,0,0,1,1,0,0,106,0,-1
3006,11,3,1,1,0.03921568766,0.46274513006,0.41176474094,1,1,0,0,106,1,-1
3076,11,3,1,1,0.03921568766,0.46274513006,0.41176474094,1,1,0,0,106,1,-1
2878,12,0.5,0.5,0.89999997616,1,0.14901961386,0.14901961386,1,1,0,0,106,0,-1
2894,0,1,2,1,0.72156864405,0,0,1,0.40000000596,0,0,106,0,-1
2918,2,0.5,0.5,0.60000002384,0.41568630934,0.88235300779,0.27843138576,1,1,0,0,106,0,-1
2914,1,0.20000000298,0.40000000596,0.60000002384,0.97647064924,0.95686280727,0.95686280727,1,0.80000001192,0,0,106,0,-1
3850,2,1,1,1.5,0.23137256503,0.58039218187,1,1,2,0,0,106,0,-1
3050,0,0.25,0.5,0.89999997616,0.65490198135,0.34901961684,0.95686280727,1,0.69999998808,0,0,106,0,-1
2937,2,0.20000000298,0.40000000596,0.60000002384,0.59215688705,0.36862745881,0.80784320831,1,0.69999998808,0,0,106,0,-1
4776,0,0.5,0.5,0.5,0.97254908085,0.04313725606,0.04313725606,1,0.5,0,0,106,6,-1
5948,0,0.5,0.5,0.5,0.97254908085,0.04313725606,0.04313725606,1,0.5,0,0,106,6,-1
2999,5,5,0.34999999404,0.85000002384,0.14509804547,0.78039222956,0.61568629742,1,0.75,0,0,106,0,-1
7229,0,1,1,1,0.21176472306,0.98431378603,0.89411771297,0.23921570182,1,0,0,106,0,-1
7230,0,1,1,1,0.21176472306,0.98431378603,0.89411771297,0.23921570182,1,0,0,106,0,-1
3031,0,0,0,1,1,0.44705885649,0.02745098248,1,1,0,0,106,0,-1
3510,11,4,1,0.75,0.36470589042,0.89411771297,1,1,1,0,0,106,0,-1
7676,0.5,0.20000000298,0.20000000298,0.80000001192,0.00392156886,0.80000007153,0.1254902035,1,0.80000001192,0,0,106,0,-1
3445,3,3,0.10000000149,1,0.24313727021,0.01176470704,0.47450983524,1,1.5,0,0,106,10,-1
3492,3,0.20000000298,0,1,0.35686275363,0.16862745583,0.3725490272,1,1,0,0,106,6,-1
3080,5,0.75,0.75,0.60000002384,0.9411765337,0.89803928137,0.89803928137,1,0.69999998808,0,0,106,0,-1
7143,2,0.25,0.25,1,1,0,0,1,0.30000001192,0,0,106,6,-1
3202,0.69999998808,0.20000000298,0.20000000298,0.60000002384,0.22352942824,0.08235294372,0.08235294372,1,1,0,0,106,0,-1
3223,0.69999998808,0.20000000298,0.20000000298,0.60000002384,0.22352942824,0.08235294372,0.08235294372,1,1,0,0,106,0,-1
3261,0.69999998808,0.20000000298,0.20000000298,0.60000002384,0.22352942824,0.08235294372,0.08235294372,1,1,0,0,106,0,-1
3361,0.69999998808,0.20000000298,0.20000000298,0.60000002384,0.22352942824,0.08235294372,0.08235294372,1,1,0,0,106,0,-1
3235,0,0.20000000298,0.30000001192,0.60000002384,0.51372551918,0.1254902035,0.1254902035,1,0.69999998808,0,0,106,0,-1
3238,0,0.20000000298,0.20000000298,0.69999998808,0.41960787773,0.25490197539,0.25490197539,1,4,0,0,106,0,-1
3204,6,0.25,0.25,0.69999998808,0.89411771297,0.17647059262,0.17647059262,1,0.69999998808,0,0,106,0,-1
3672,0,6,1,1.10000002384,0.64705884457,0.8156863451,0.42352944613,1,0.69999998808,0,0,106,0,-1
4839,0,5,0,0.75,0.32156863809,0.85490202904,1,1,1,0,0,106,0,-1
3450,0.15000000596,0,0.15000000596,0.69999998808,0.66666668653,0.60000002384,0.71372550726,1,1.25,0,0,106,5,-1
3264,20,0.20000000298,0.20000000298,2,1,0,0,1,1,0,0,106,0,-1
3286,20,0.20000000298,0.20000000298,2,1,0,0,1,1,0,0,106,0,-1
3288,20,0.20000000298,0.20000000298,2,1,0,0,1,1,0,0,106,0,-1
5303,0,0.5,1,0.69999998808,1,0.02745098248,0,1,0.30000001192,0,0,106,0,-1
5329,0,0.5,1,0.69999998808,1,0.02745098248,0,1,0.30000001192,0,0,106,0,-1
5436,0,0.5,1,0.69999998808,1,0.02745098248,0,1,0.30000001192,0,0,106,0,-1
5474,0,0.5,1,0.69999998808,1,0.02745098248,0,1,0.30000001192,0,0,106,0,-1
5501,0,0.5,1,0.69999998808,1,0.02745098248,0,1,0.30000001192,0,0,106,0,-1
5531,0,0.5,1,0.69999998808,1,0.02745098248,0,1,0.30000001192,0,0,106,0,-1
5533,0,0.5,1,0.69999998808,1,0.02745098248,0,1,0.30000001192,0,0,106,0,-1
5580,0,0.5,1,0.69999998808,1,0.02745098248,0,1,0.30000001192,0,0,106,0,-1
6333,0,0.5,1,0.69999998808,1,0.02745098248,0,1,0.30000001192,0,0,106,0,-1
3385,1,0.5,0.5,0.40000000596,0.67450982332,1,0.61176472902,1,0.69999998808,0,0,106,0,-1
3785,0,0.25,0.5,0.69999998808,0.06666667014,0.94901967049,1,1,0.60000002384,0,0,106,0,-1
3334,0,0.25,0.25,1,1,0.23529413342,0.23529413342,1,0.40000000596,0,0,106,6,-1
3356,0.5,0.20000000298,0.20000000298,0.60000002384,0.65098041296,0.27843138576,0.24313727021,1,1,0,0,106,0,-1
3358,0.5,0.20000000298,0.20000000298,0.60000002384,0.65098041296,0.27843138576,0.24313727021,1,1,0,0,106,0,-1
3359,0.5,0.20000000298,0.20000000298,0.60000002384,0.65098041296,0.27843138576,0.24313727021,1,1,0,0,106,0,-1
3364,0.5,0.20000000298,0.20000000298,0.60000002384,0.65098041296,0.27843138576,0.24313727021,1,1,0,0,106,0,-1
3369,0.5,0.20000000298,0.20000000298,0.60000002384,0.65098041296,0.27843138576,0.24313727021,1,1,0,0,106,0,-1
3406,0.5,0.20000000298,0.20000000298,0.60000002384,0.65098041296,0.27843138576,0.24313727021,1,1,0,0,106,0,-1
4263,0,1,0,2,0.77254909277,0.05490196496,0,1,1,0,0,106,0,-1
4140,0,0,0,1,1,0,0,1,1,0,0,106,0,-1
3694,0,0,0,1.5,0.26666668057,0.70980393887,1,1,2,0,0,106,0,-1
3917,2,0.5,0.5,1,0.99215692282,0.43529415131,0.07058823854,1,1,16,0,106,0,-1
3470,2,1,2,0.80000001192,0.03137255087,0.44313728809,0.99215692282,1,3,0,0,106,0,-1
3511,2,1,2,0.80000001192,0.03137255087,0.44313728809,0.99215692282,1,3,0,0,106,0,-1
6175,0,2,1,25,1,0.88627457619,0.34509804845,1,0.25,0,0,106,0,-1
7087,0,1,2,0.85000002384,0.97254908085,0.99215692282,0.98823535442,1,2,0,0,106,1,-1
7088,0,0,0,1,0.96862751245,0.94901967049,0.94901967049,1,0.80000001192,0,0,106,0,-1
7437,0,0.5,0.5,0.5,1,0,0,1,1,0,0,106,1,-1
8097,0,0.5,0.5,0.5,1,0,0,1,1,0,0,106,1,-1
8199,0,0.5,0.5,0.5,1,0,0,1,1,0,0,106,1,-1
6840,0,1,2,2,1,0.92941182852,0.66666668653,1,1,0,0,106,0,-1
3604,8,0,0,1.5,0.93333339691,0.80392163992,0.54117649794,1,1,0,0,106,1,-1
3606,8,0,0,1.5,0.93333339691,0.80392163992,0.54117649794,1,1,0,0,106,1,-1
7023,8,0,0,1.5,0.93333339691,0.80392163992,0.54117649794,1,1,0,0,106,1,-1
7578,8,0,0,1.5,0.93333339691,0.80392163992,0.54117649794,1,1,0,0,106,1,-1
7581,8,0,0,1.5,0.93333339691,0.80392163992,0.54117649794,1,1,0,0,106,1,-1
3605,1.5,1.5,0,1.5,0.93333339691,0.80392163992,0.54117649794,1,1,0,0,106,1,-1
7024,1.5,1.5,0,1.5,0.93333339691,0.80392163992,0.54117649794,1,1,0,0,106,1,-1
7577,1.5,1.5,0,1.5,0.93333339691,0.80392163992,0.54117649794,1,1,0,0,106,1,-1
7580,1.5,1.5,0,1.5,0.93333339691,0.80392163992,0.54117649794,1,1,0,0,106,1,-1
3456,0,0,0,1,1,0.99607849121,0.99607849121,1,1,0,0,106,0,-1
3457,0,0,0,1,1,0.99607849121,0.99607849121,1,1,0,0,106,0,-1
3458,0,0,0,1,1,0.99607849121,0.99607849121,1,1,0,0,106,0,-1
3461,0,0,0,1,1,0.99607849121,0.99607849121,1,1,0,0,106,0,-1
3462,0,0,0,1,1,0.99607849121,0.99607849121,1,1,0,0,106,0,-1
3463,0,0,0,1,1,0.99607849121,0.99607849121,1,1,0,0,106,0,-1
3464,0,0,0,1,1,0.99607849121,0.99607849121,1,1,0,0,106,0,-1
3465,0,0,0,1,1,0.99607849121,0.99607849121,1,1,0,0,106,0,-1
3466,0,0,0,1,1,0.99607849121,0.99607849121,1,1,0,0,106,0,-1
3467,0,0,0,1,1,0.99607849121,0.99607849121,1,1,0,0,106,0,-1
3468,0,0,0,1,1,0.99607849121,0.99607849121,1,1,0,0,106,0,-1
3469,0,0,0,1,1,0.99607849121,0.99607849121,1,1,0,0,106,0,-1
3471,0,0,0,1,1,0.99607849121,0.99607849121,1,1,0,0,106,0,-1
3509,0,0,0,1,1,0.99607849121,0.99607849121,1,1,0,0,106,0,-1
3589,0,0,0,1,1,0.99607849121,0.99607849121,1,1,0,0,106,0,-1
3736,0,0,0,1,1,0.99607849121,0.99607849121,1,1,0,0,106,0,-1
3738,0,0,0,1,1,0.99607849121,0.99607849121,1,1,0,0,106,0,-1
6262,0,0,0,1,1,0.99607849121,0.99607849121,1,1,0,0,106,0,-1
3475,0.20000000298,0.15000000596,0.15000000596,1,1,0.36862745881,0.95686280727,1,2,0,0,106,0,-1
3476,0.30000001192,0,0.69999998808,0.69999998808,1,0.36862745881,0.95686280727,1,2,0,0.02600000054,106,0,-1
3525,0,0,0,0.69999998808,0.90980398655,0.86274516582,0.86274516582,1,0.60000002384,0,0,106,2,-1
3526,0,0,0,0.69999998808,0.90980398655,0.86274516582,0.86274516582,1,0.60000002384,0,0,106,2,-1
3527,0,0,0,0.69999998808,0.90980398655,0.86274516582,0.86274516582,1,0.60000002384,0,0,106,2,-1
3595,0,0,0,0.69999998808,0.90980398655,0.86274516582,0.86274516582,1,0.60000002384,0,0,106,2,-1
3597,0,0,0,0.69999998808,0.90980398655,0.86274516582,0.86274516582,1,0.60000002384,0,0,106,2,-1
3598,0,0,0,0.69999998808,0.90980398655,0.86274516582,0.86274516582,1,0.60000002384,0,0,106,2,-1
3574,0,0,0,1.5,0.42745101452,0.42745101452,0.42745101452,1,1,0,0,106,0,-1
3700,0,0,0,1.5,0.42745101452,0.42745101452,0.42745101452,1,1,0,0,106,0,-1
3610,0,0,0,0.5,1,1,1,1,3,0,0,106,0,-1
3522,2,1,0,3,0.94509810209,0.81176477671,0.28235295415,1,2,0,0,106,6,-1
3560,2,1,0,1.5,0.42352944613,0.8156863451,0.77254909277,1,0.80000001192,0,0,106,6,-1
3545,0,0,0,0,1,0.501960814,0,1,0.60000002384,0,0,106,0,-1
3546,0,0,0,0,1,0.501960814,0,1,0.60000002384,0,0,106,0,-1
3547,0,0,0,0,1,0.501960814,0,1,0.60000002384,0,0,106,0,-1
3549,0,0,0,0,1,0.501960814,0,1,0.60000002384,0,0,106,0,-1
3550,0,0,0,0,1,0.501960814,0,1,0.60000002384,0,0,106,0,-1
3651,4,1.5,0,1.5,0.42352944613,0.8156863451,0.77254909277,1,1.25,0,0,106,6,-1
6981,0,0,0,0.89999997616,0.44313728809,0.07843137532,0.91372555494,1,1,0,0,106,1,-1
8196,2.79999995232,0.10000000149,0.10000000149,1.70000004768,0.98823535442,0.01176470704,0.01176470704,1,1,0,0,106,0,-1
3603,0,0,0,0.20000000298,1,0.96470594406,0.70980393887,1,1.29999995232,0,0,106,0,-1
3707,6.5,1,0.20000000298,0.80000001192,0,0.67058825493,1,1,1.5,0,0,106,0,-1
3668,3,2.5,0.20000000298,0.89999997616,0,0.65098041296,1,1,2,0,2,106,0,-1
3710,0,2.5,0.5,0.75,0.86274516582,0.30196079612,0.94509810209,1,1,0,0,106,2,-1
3795,0,2.5,0.5,0.75,0.05882353336,0.77254909277,0.41568630934,1,1,0,0,106,2,-1
3828,0,2.29999995232,0.10000000149,1,0.22352942824,0.22352942824,0.22352942824,1,1,0,0,106,0,-1
3761,7,4.5,0.20000000298,0.69999998808,0,0.67058825493,1,1,1.60000002384,0,0.10000000149,106,0,-1
3689,0,0.10000000149,0.10000000149,0.60000002384,0.90588241816,0.94509810209,0.9411765337,1,0.60000002384,0,0,106,0,-1
4026,0,0.40000000596,0.40000000596,0.60000002384,1,0.20000001788,0,1,1,0,0,106,0,-1
3717,0,1,0.5,0.30000001192,0,0,0,1,1,0,0,106,0,-1
3812,0,0.25,0.25,0.94999998808,1,1,1,1,1,0,0,106,0,-1
3891,0,0.25,0.5,1.5,0.49803924561,0.61960786581,0.71372550726,1,1,0,0,106,0,-1
3751,0,0.25,0,0.69999998808,1,0.85882359743,0.40000003576,1,0.75,0,0,106,0,-1
3752,0,0.25,0,0.69999998808,1,0.85882359743,0.40000003576,1,0.75,0,0,106,0,-1
3753,0,0.25,0,0.69999998808,1,0.85882359743,0.40000003576,1,0.75,0,0,106,0,-1
3754,0,0.25,0,0.69999998808,1,0.85882359743,0.40000003576,1,0.75,0,0,106,0,-1
3775,0,0.25,0,0.69999998808,1,0.85882359743,0.40000003576,1,0.75,0,0,106,0,-1
3824,0,0.25,0,0.69999998808,1,0.85882359743,0.40000003576,1,0.75,0,0,106,0,-1
3884,0,0.25,0,0.69999998808,1,0.85882359743,0.40000003576,1,0.75,0,0,106,0,-1
3885,0,0.25,0,0.69999998808,1,0.85882359743,0.40000003576,1,0.75,0,0,106,0,-1
4099,0,0.25,0,0.69999998808,1,0.85882359743,0.40000003576,1,0.75,0,0,106,0,-1
7513,0,0.5,0.20000000298,1.5,0.92156869173,0.93725496531,0.39607846737,0.20000001788,1,0,0,106,0,-1
3840,0,0.5,0.5,0.80000001192,1,0.71372550726,0,1,1,0,0,106,6,-1
3966,0,0.5,0.5,0.80000001192,1,0.71372550726,0,1,1,0,0,106,6,-1
3791,0.5,0.10000000149,0.40000000596,0.80000001192,1,0.4392157197,0.40000003576,1,1,0,0,106,0,-1
3813,0.5,0.10000000149,0.40000000596,0.80000001192,1,0.4392157197,0.40000003576,1,1,0,0,106,0,-1
3814,0.5,0.10000000149,0.40000000596,0.80000001192,1,0.4392157197,0.40000003576,1,1,0,0,106,0,-1
3834,0,0,0,0.69999998808,0.42352944613,0.75686281919,1,1,0.69999998808,0,0,106,0,-1
4556,0,0.30000001192,0.30000001192,0.69999998808,0.21568629146,0.6901960969,1,1,2,0,0,106,0,-1
3855,0,0,0,0.20000000298,0,0,0,1,1,0,0,106,0,-1
3865,0.5,0.10000000149,0.40000000596,0.80000001192,1,0.58039218187,0.29019609094,1,1,0,0,106,0,-1
3867,0.5,0.10000000149,0.40000000596,0.80000001192,0.40000003576,0.85882359743,1,1,1,0,0,106,0,-1
3869,0.5,0.10000000149,0.40000000596,0.80000001192,1,0.83921575546,0.40000003576,1,1,0,0,106,0,-1
3871,0.5,0.10000000149,0.40000000596,0.80000001192,0.40000003576,1,0.61176472902,1,1,0,0,106,0,-1
4378,0,0.20000000298,0.20000000298,0.5,0.28627452254,0.65098041296,0.73333334923,1,1,0,0,106,0,-1
4380,0,0.20000000298,0.20000000298,0.5,0.28627452254,0.65098041296,0.73333334923,1,1,0,0,106,0,-1
6387,0,0.20000000298,0.20000000298,0.5,0.28627452254,0.65098041296,0.73333334923,1,1,0,0,106,0,-1
6823,0,0.20000000298,0.20000000298,0.5,0.28627452254,0.65098041296,0.73333334923,1,1,0,0,106,0,-1
7391,0,0.20000000298,0.20000000298,0.5,0.28627452254,0.65098041296,0.73333334923,1,1,0,0,106,0,-1
7438,0,0.20000000298,0.20000000298,0.5,0.28627452254,0.65098041296,0.73333334923,1,1,0,0,106,0,-1
7907,0,0.20000000298,0.20000000298,0.5,0.28627452254,0.65098041296,0.73333334923,1,1,0,0,106,0,-1
3960,0,0,0,1.5,0.59607845545,1,0.98039221764,1,0.5,0,0,106,0,-1
4799,0,0,0,2,0.90980398655,0.05882353336,0,1,0.69999998808,0,0,106,6,-1
4861,0,0,0,2,0.90980398655,0.05882353336,0,1,0.69999998808,0,0,106,6,-1
4997,0,0,0,2,0.90980398655,0.05882353336,0,1,0.69999998808,0,0,106,6,-1
5636,0,0,0,2,0.90980398655,0.05882353336,0,1,0.69999998808,0,0,106,6,-1
5664,0,0,0,2,0.90980398655,0.05882353336,0,1,0.69999998808,0,0,106,6,-1
5782,0,0,0,2,0.90980398655,0.05882353336,0,1,0.69999998808,0,0,106,6,-1
7380,0,0,0,2,0.90980398655,0.05882353336,0,1,0.69999998808,0,0,106,6,-1
3984,0,0,0,0.89999997616,1,0.24705883861,0,1,0.89999997616,0,0,106,0,-1
4090,0,0,0,0.89999997616,1,0.24705883861,0,1,0.89999997616,0,0,106,0,-1
5824,0,0.30000001192,0.20000000298,0.80000001192,1,0.10196079314,0.10588236153,1,0.5,0,0,106,0,-1
6997,0,0.30000001192,0.20000000298,0.80000001192,1,0.10196079314,0.10588236153,1,0.5,0,0,106,0,-1
3957,2,1.29999995232,0.21999999881,0.60000002384,0.51372551918,0.85098046064,1,1,0.80000001192,16,0,106,0,-1
3958,2,1.29999995232,0.21999999881,0.60000002384,0.51372551918,0.85098046064,1,1,0.80000001192,16,0,106,0,-1
5640,2,0.10000000149,0.10000000149,1.70000004768,1,0,0,1,1,0,0,106,0,-1
8102,2,0.10000000149,0.10000000149,1.70000004768,1,0,0,1,1,0,0,106,0,-1
4575,0,0.30000001192,0.30000001192,1,1,0.25490197539,0,1,1.10000002384,0,0,106,0,-1
7495,0,0.40000000596,0.40000000596,0.60000002384,0.73725491762,1,0.96862751245,1,1,0,0,106,0,-1
7496,0,0.40000000596,0.40000000596,0.60000002384,0.73725491762,1,0.96862751245,1,1,0,0,106,0,-1
7934,0,0.40000000596,0.40000000596,0.60000002384,0.73725491762,1,0.96862751245,1,1,0,0,106,0,-1
7935,0,0.40000000596,0.40000000596,0.60000002384,0.73725491762,1,0.96862751245,1,1,0,0,106,0,-1
4404,0,0.10000000149,0.10000000149,0.60000002384,0.80000007153,0.36470589042,0.16078431904,1,0.5,0,0,106,0,-1
5398,10,3,0,1.60000002384,0.67843139172,0.61568629742,0.29019609094,1,2,0,0,106,0,-1
5739,0,0,0,1,0.96862751245,0.3764706254,0.1254902035,1,1,0,0,106,0,-1
4092,0,0.25,0.5,0.80000001192,0.85882359743,0.87058830261,0.29411765933,1,0.20000000298,0,0,106,0,-1
4674,0,0.25,0.5,0.80000001192,0.85882359743,0.87058830261,0.29411765933,1,0.20000000298,0,0,106,0,-1
4400,1,0.10000000149,0.5,1.20000004768,1,0.21960785985,0.08235294372,1,0.80000001192,0,0,106,0,-1
4401,1,0.10000000149,0.5,1.20000004768,1,0.21960785985,0.08235294372,1,1,0,0,106,0,-1
4078,0,0,0,1,1,0.84313732386,0,1,1,0,0,106,0,-1
4086,0,0,0,1,1,0.84313732386,0,1,1,0,0,106,0,-1
4107,9999,0,0,1,0.67450982332,0.94901967049,1,1,1,0,0,106,0,-1
4114,9999,0,0,1,0.93333339691,0.93333339691,0.93333339691,1,1,0,0,106,0,-1
4127,0,0.5,0.5,1,0.90196084976,0,0,1,0.40000000596,0,0,106,0,-1
4121,0,0,0.30000001192,1.5,1,0,0,1,0.75,0,0,106,0,-1
4406,0,0.10000000149,0.10000000149,0.60000002384,0.67843139172,0,0.80392163992,1,0.5,0,0,106,0,-1
4383,0,1,1,1.10000002384,0.92156869173,0.43137258291,0.1882353127,1,0.5,0,0,106,0,-1
4387,0,1,1,1.10000002384,0.6901960969,0.63529413939,0.41176474094,1,0.5,0,0,106,0,-1
4393,0,1,1,1.10000002384,0.43529415131,0.28627452254,0.75686281919,1,0.5,0,0,106,0,-1
4385,0,1,1,1.10000002384,0.44705885649,0.78039222956,0.85882359743,1,0.5,0,0,106,0,-1
5607,0,0.5,1,0.69999998808,0.01568627544,1,0,1,0.60000002384,0,0,106,0,-1
6349,0,0.5,1,0.69999998808,0.01568627544,1,0,1,0.60000002384,0,0,106,0,-1
6807,0,0.5,1,0.69999998808,0.01568627544,1,0,1,0.60000002384,0,0,106,0,-1
7181,0,0.5,1,0.69999998808,0.01568627544,1,0,1,0.60000002384,0,0,106,0,-1
7799,0,0.5,1,0.69999998808,0.01568627544,1,0,1,0.60000002384,0,0,106,0,-1
7862,0,0.5,1,0.69999998808,0.01568627544,1,0,1,0.60000002384,0,0,106,0,-1
4171,0,0.5,0.5,0.80000001192,0.07058823854,0.89803928137,1,1,0.30000001192,0,0,106,0,-1
5675,0,0,0,0.80000001192,1,0.11372549832,0,1,1,0,0,106,0,-1
7155,0,0,0,0.80000001192,1,0.11372549832,0,1,1,0,0,106,0,-1
4197,0,0.5,0,2,1,0.55686277151,0,1,0.5,0,0,106,0,-1
4211,1.5,0,0,1.70000004768,1,0,0,1,1,0,0,106,0,-1
5975,1.5,0,0,1.70000004768,1,0,0,1,1,0,0,106,0,-1
4223,0.5,1,2,1,0,0.18039216101,1,1,4.5,0,0,106,0,-1
5760,1,0.30000001192,2,0.60000002384,0.68235296011,0.24705883861,0.96078437567,1,2,0,0,106,0,-1
4343,0,0.25,1,1,0.63137257099,0.76078438759,0.88627457619,1,0.75,0,0.25,106,0,-1
6614,0,0.5,0.25,1,0,0.54901963472,1,1,1,0,0,106,0,-1
4462,0,0.5,0.5,1,1,1,1,1,2,0,0,106,0,-1
4463,0,0.5,0.5,1.5,0,0.19607844949,1,1,2,0,0,106,0,-1
4308,0,0.30000001192,0.30000001192,1.20000004768,1,0.12941177189,0,1,0.80000001192,0,0,106,0,-1
5847,0,0.30000001192,0.30000001192,1.20000004768,1,0.12941177189,0,1,0.80000001192,0,0,106,0,-1
5990,0,0.30000001192,0.30000001192,1.20000004768,1,0.12941177189,0,1,0.80000001192,0,0,106,0,-1
4305,0,0.25,0.25,2,1,0.29411765933,0,1,0.5,0,0,106,0,-1
5852,0,0.30000001192,0.10000000149,1,1,0.34117648005,0.85490202904,1,0.69999998808,0,0,106,5,-1
4636,0,0.10000000149,0.40000000596,1.39999997616,0.40392160416,1,0.55686277151,1,1,0,0,106,0,-1
4436,0.15000000596,0,0.15000000596,1,0.38431376219,0.52941179276,1,1,2,0,0,106,0,-1
6328,0.20000000298,0,0.20000000298,1,1,0.33333334327,0.29411765933,1,3,0,0,106,0,-1
6338,0.20000000298,0,0.20000000298,1,1,0.33333334327,0.29411765933,1,3,0,0,106,0,-1
4366,1.5,0.10000000149,0.10000000149,1.70000004768,1,0,0,1,1,0,0,106,0,-1
4367,1.5,0.10000000149,0.10000000149,1.70000004768,1,0,0,1,1,0,0,106,0,-1
4695,2,0.25,0.25,1.70000004768,1,0,0,1,1,0,0,106,0,-1
6952,2,0.25,0.25,1.70000004768,1,0,0,1,1,0,0,106,0,-1
5589,0.15000000596,0.05000000075,0.30000001192,0.60000002384,0.51372551918,0.85098046064,1,1,1.29999995232,8,0.11999999732,106,1,-1
6301,0.15000000596,0.05000000075,0.30000001192,0.60000002384,0.51372551918,0.85098046064,1,1,1.29999995232,8,0.11999999732,106,1,-1
4351,0,0.5,0.5,1,0.05490196496,0.35294118524,0.71372550726,0.49803924561,1,0,0,106,0,-1
5016,0,0.5,0.5,1,0.05490196496,0.35294118524,0.71372550726,0.49803924561,1,0,0,106,0,-1
5220,0,0.5,0.5,1,0.90980398655,0.05882353336,0,1,0.40000000596,0,0,106,1,-1
4356,0,1,0.25,0.69999998808,0.86666673422,0.64705884457,1,1,0.69999998808,0,0,106,0,-1
4417,0,1,1,0.80000001192,1,1,1,0.250980407,1,0,0,106,0,-1
5707,0,0,0,1.10000002384,0.86274516582,0.12941177189,0.12941177189,1,0.34999999404,0,0,106,0,-1
8315,3,0.10000000149,0.10000000149,1.70000004768,1,0,0,1,1,0,0,106,0,-1
4905,0,0.5,0.20000000298,0.40000000596,0.92156869173,0.93725496531,0.39607846737,0.20000001788,1,0,0,106,0,-1
4464,0,1,1,0.85000002384,0.29803922772,0.00392156886,1,1,1,0,0,106,0,-1
4505,0,0,0,1,1,0.73333334923,0.15686275065,1,0.20000000298,0,0,106,0,-1
4526,0,1,1,0.69999998808,1,0.12941177189,0.12941177189,1,0.30000001192,0,0,106,0,-1
4524,0,0.5,0.25,1,1,0,0.45882356167,1,1,0,0,106,0,-1
4573,0,0.5,0.25,1,1,0,0.45882356167,1,1,0,0,106,0,-1
4677,0,0.5,0.25,1,1,0,0.45882356167,1,1,0,0,106,0,-1
4699,6.5,1,1,0.80000001192,0.1882353127,0.72549021244,1,1,1.39999997616,0,8,106,0,-1
4700,6.5,1,1,0.80000001192,0.1882353127,0.72549021244,1,1,1.39999997616,0,8,106,0,-1
4663,0,0.5,1,0.69999998808,0.96078437567,0,0,1,0.69999998808,0,0,106,1,-1
5781,0,0.5,1,0.69999998808,0.96078437567,0,0,1,0.69999998808,0,0,106,1,-1
4736,0,0.5,0.5,1.5,0.00784313772,0,0.63137257099,0.60392159224,0.60000002384,0,0,106,0,-1
4982,0,0,0,0.94999998808,0.67058825493,0,0,1,1,0,0,106,0,-1
4807,0.5,0.05000000075,0.20000000298,1.5,0.74509805441,0.12156864256,0.12156864256,1,1,0,0,106,0,-1
4794,0,0,0,1.20000004768,0.78431379795,0.78431379795,0.63921570778,1,0.25,0,0,106,0,-1
6557,0,2,0,1,0.96470594406,0.38039219379,1,1,1,0,0,106,0,-1
4777,10,2.5,0.5,0.89999997616,1,0.501960814,0,0.501960814,2,0,0,106,0,-1
5110,1,0.20000000298,1,0.80000001192,0.43529415131,0.71764707565,0.18431372941,1,1,0,0,106,4,-1
4659,15,3.5,0.25,0.89999997616,1,0.501960814,0,0.501960814,2,0,0,106,0,-1
5092,0.5,0,0,0.85000002384,0.66666668653,1,0,1,1,0,0.64999997616,106,5,-1
4754,0,0,0,0.80000001192,1,0.76078438759,0,1,0.80000001192,0,0,106,0,-1
5095,0.5,0.10000000149,0.25,0.80000001192,0.57254904509,1,0.07450980693,1,1,0,0,106,3,-1
5098,0.5,0.10000000149,0.25,0.80000001192,0.57254904509,1,0.07450980693,1,1,0,0,106,3,-1
4740,1,0.20000000298,0.5,0.80000001192,1,0.83921575546,0.38431376219,1,1,0,0,106,0,-1
4769,0,2.5,0,0.80000001192,0.67450982332,0.81960791349,0.46274513006,1,1,0,0,106,0,-1
5128,0,1,1,0.57999998331,0.18431372941,0.99607849121,1,1,1,0,0,106,5,-1
4747,0,0,0,1,0.19607844949,0.03529411927,0.56862747669,1,1,0,0,106,0,-1
6424,0,0,0,1,0.19607844949,0.03529411927,0.56862747669,1,1,0,0,106,0,-1
4768,0,1,0.5,1.29999995232,1,0.40392160416,0,1,1,0,0,106,0,-1
4763,0,0,0,0.20000000298,0.27058824897,0,1,1,2,0,0,106,0,-1
4880,0,0.25,0.5,0.69999998808,0.22745099664,1,0.14509804547,0.20000001788,1,0,0,106,0,-1
6521,0,0.25,0.5,0.69999998808,0.22745099664,1,0.14509804547,0.20000001788,1,0,0,106,0,-1
7296,0,0.25,0.5,0.69999998808,0.22745099664,1,0.14509804547,0.20000001788,1,0,0,106,0,-1
5999,0,0.5,0.5,0.80000001192,0.63137257099,0.10196079314,1,1,1,0,0,106,0,-1
5855,0,0,0,1.5,1,0.63137257099,0,1,1,0,0,106,0,-1
6970,0,0,0,1.5,1,0.63137257099,0,1,1,0,0,106,0,-1
4811,0,0,0,1,1,0,0,1,0.5,0,0,106,0,-1
4840,0,0,0,1,1,0,0,1,0.5,0,0,106,0,-1
4841,0,0,0,1,1,0,0,1,0.5,0,0,106,0,-1
4879,0,0,0,1,1,0,0,1,0.5,0,0,106,0,-1
5075,0,0,0,1,1,0,0,1,0.5,0,0,106,0,-1
5949,0,1.70000004768,3,0.60000002384,1,0.96470594406,0.68235296011,1,2,0,0,106,0,-1
4832,0,0.5,0.25,1,0.10196079314,0.80392163992,0.72941178083,1,1,0,0,106,0,-1
7122,0,0.5,0.25,1,0.10196079314,0.80392163992,0.72941178083,1,1,0,0,106,0,-1
4837,0,0.5,0.5,2,0.92941182852,0.80000007153,0.43529415131,1,1,0,0,106,0,-1
4914,0,0.5,0.25,1,1,0.26274511218,0,1,1,0,0,106,0,-1
4994,0,0.5,0.25,1,1,0.26274511218,0,1,1,0,0,106,0,-1
5061,0,0.5,0.25,1,1,0.26274511218,0,1,1,0,0,106,0,-1
4911,0,1,1,1,0.21176472306,0.22745099664,0.89803928137,1,1,0,0,106,0,-1
4901,0.15000000596,0.05000000075,0.30000001192,0.60000002384,0.77254909277,0.51372551918,1,1,1.29999995232,8,0.11999999732,106,1,-1
4930,0,0.5,0.5,0.60000002384,0.64705884457,0.07058823854,0.07058823854,1,1,0,0,106,0,-1
8040,0.60000002384,0.20000000298,0.20000000298,0.60000002384,0.03529411927,0.97254908085,1,1,0.80000001192,0,0.10000000149,106,0,-1
8041,0.30000001192,0.10000000149,0.10000000149,0.60000002384,1,0.12156864256,0.80784320831,1,0.80000001192,0,0,106,0,-1
5190,0,0,0,1,0.99215692282,0.13725490868,0.13725490868,1,2,0,0,106,20,-1
5797,0,0,0,1,0.99215692282,0.13725490868,0.13725490868,1,2,0,0,106,20,-1
4937,0,0.5,1,0.69999998808,0.87058830261,0.22352942824,0.22352942824,1,1,0,0,106,0,-1
4947,0,0,0,0.60000002384,1,0,0.40392160416,1,0.85000002384,0,0,106,0,-1
4964,0.69999998808,0.10000000149,0.30000001192,0.85000002384,1,0.77647066116,0.29411765933,1,1,0,0,106,0,-1
5126,0.69999998808,0.10000000149,0.30000001192,0.85000002384,1,0.77647066116,0.29411765933,1,1,0,0,106,0,-1
5497,0.69999998808,0.10000000149,0.30000001192,0.85000002384,1,0.77647066116,0.29411765933,1,1,0,0,106,0,-1
5402,0,0.30000001192,0.10000000149,0.89999997616,1,0,0,1,1,0,0,106,0,-1
6041,0,0.30000001192,0.10000000149,0.89999997616,1,0,0,1,1,0,0,106,0,-1
7320,0,0.30000001192,0.10000000149,0.89999997616,1,0,0,1,1,0,0,106,0,-1
5864,5,0.5,1.5,0.75,1,0.42352944613,0.03529411927,1,0.75,0,0,106,1,-1
5257,1.5,0.10000000149,0.10000000149,1.70000004768,1,0,0,1,1,0,0.10000000149,106,0,-1
5475,1.5,0.10000000149,0.10000000149,1.70000004768,1,0,0,1,1,0,0.10000000149,106,0,-1
6221,1.5,0.10000000149,0.10000000149,1.70000004768,1,0,0,1,1,0,0.10000000149,106,0,-1
5062,0,0.5,0.5,1,0.34117648005,0.68235296011,0.31764706969,1,0.5,0,0,106,20,-1
5672,0,0,0,1,1,0.07843137532,0,1,0.30000001192,0,0,106,0,-1
5761,0,0.5,0.25,1,0,0,0,1,1,0,0,106,0,-1
5032,0,0,0,0.80000001192,1,0.3725490272,0,1,0.60000002384,0,0,106,0,-1
5033,0,0,0,0.80000001192,1,0.3725490272,0,1,0.60000002384,0,0,106,0,-1
5039,0,0.5,0.25,1,0,0.81176477671,1,1,1,0,0,106,0,-1
5047,0,0,0,0.40000000596,1,0.50980395079,0.50980395079,1,0.69999998808,0,0,106,0,-1
5311,0,0.5,0.5,0.69999998808,0.72156864405,0.60000002384,0.89411771297,1,1,0,0,106,3,-1
5105,1,0.25,0.25,0.80000001192,0.69411766529,0,1,1,1,0,0,106,0,-1
5662,0,0.5,1,0.80000001192,0.16470588744,0.82745105028,0.21176472306,1,0.60000002384,0,0,106,0,-1
8137,0,0,0,0.89999997616,1,0,0,1,0.5,0,0,106,0,-1
5310,0,0,0.5,0.5,0.61176472902,0.92549026012,0.05882353336,1,1,0,0,106,5,-1
5290,0,0.5,1,0.80000001192,0.20000001788,0.58039218187,0.24705883861,1,0.60000002384,0,0,106,0,-1
5697,0,0.5,1,0.80000001192,0.20000001788,0.58039218187,0.24705883861,1,0.60000002384,0,0,106,0,-1
5744,0,0.5,1,0.80000001192,0.20000001788,0.58039218187,0.24705883861,1,0.60000002384,0,0,106,0,-1
6055,0,0.30000001192,0.30000001192,1,0.36078432202,0.20392158628,0.41176474094,1,0.80000001192,0,0,106,0,-1
7411,0,0.30000001192,0.30000001192,1,0.36078432202,0.20392158628,0.41176474094,1,0.80000001192,0,0,106,0,-1
5259,0,0.10000000149,0.20000000298,2.5,0.10196079314,0,0.49803924561,1,0.30000001192,0,0,106,0,-1
5222,0,0.20000000298,1,0.69999998808,0.13725490868,0,1,1,1,0,0,106,0,-1
5241,0,0.20000000298,1,0.69999998808,0.13725490868,0,1,1,1,0,0,106,0,-1
5397,0,0.20000000298,1,0.69999998808,0.13725490868,0,1,1,1,0,0,106,0,-1
6393,0,0.20000000298,1,0.69999998808,0.13725490868,0,1,1,1,0,0,106,0,-1
6404,0,0.20000000298,1,0.69999998808,0.13725490868,0,1,1,1,0,0,106,0,-1
6433,0,0.20000000298,1,0.69999998808,0.13725490868,0,1,1,1,0,0,106,0,-1
6465,0,0.20000000298,1,0.69999998808,0.13725490868,0,1,1,1,0,0,106,0,-1
6470,0,0.20000000298,1,0.69999998808,0.13725490868,0,1,1,1,0,0,106,0,-1
6860,0,0.20000000298,1,0.69999998808,0.13725490868,0,1,1,1,0,0,106,0,-1
5227,0,0,0,1.20000004768,1,0.80000007153,0.38039219379,1,0.40000000596,0,0,106,0,-1
5603,0,0.20000000298,0.5,0.69999998808,0,0.83137261868,1,1,1,0,0,106,0,-1
6508,0,0.20000000298,0.5,0.69999998808,0,0.83137261868,1,1,1,0,0,106,0,-1
7738,0,0.20000000298,0.5,0.69999998808,0,0.83137261868,1,1,1,0,0,106,0,-1
8001,0,0.20000000298,0.5,0.69999998808,0,0.83137261868,1,1,1,0,0,106,0,-1
8002,0,0.20000000298,0.5,0.69999998808,0,0.83137261868,1,1,1,0,0,106,0,-1
8003,0,0.20000000298,0.5,0.69999998808,0,0.83137261868,1,1,1,0,0,106,0,-1
5450,0,0.20000000298,0,0.69999998808,0.80392163992,0.01960784383,0.01960784383,1,1,0,0,106,0,-1
5294,0.20000000298,0.05000000075,0.5,0.5,0.60000002384,0.19215688109,0.7529412508,1,1,0,0,106,0,-1
5298,1,0.10000000149,0.5,0.44999998808,1,0.79215693474,0.501960814,0.34117648005,1,0,0,106,0,-1
5447,0,0.80000001192,0.80000001192,1.29999995232,1,0.80784320831,0.01568627544,1,1,0,0,106,0,-1
5509,0,0.25,0.25,0.89999997616,1,0.02745098248,0.02745098248,1,1,0,0,106,0,-1
5512,0,0.25,0.25,0.89999997616,1,0.02745098248,0.02745098248,1,1,0,0,106,0,-1
5834,180,0,0,1.70000004768,0.56862747669,0,1,1,1,0,0,106,10,-1
5408,0,0.20000000298,0.20000000298,0.60000002384,0.36862745881,0.76470595598,1,1,1,0,0,106,0,-1
6895,1.5,0.10000000149,0.10000000149,1.70000004768,1,0.72549021244,0,1,1,0,0.10000000149,106,0,-1
5608,0,0.20000000298,0,1.20000004768,0,0.27058824897,1,1,0.60000002384,0,0,106,0,-1
5466,0,0,0,1,0.06274510175,0,1,1,0.80000001192,0,0,106,0,-1
6728,2.5,0,0,1,1,0.09019608051,0,1,1,0,0,106,0,-1
5624,0,0,0,1,0.07058823854,0,1,1,0.80000001192,0,0,106,0,-1
5486,0,0.20000000298,0,1,0,0.27058824897,1,1,0.80000001192,0,0,106,0,-1
5490,0.10000000149,0.20000000298,0.40000000596,0.80000001192,1,1,1,0.250980407,1,0,0,106,0,-1
5756,0,0,0,3,0,0.83529418707,0.89803928137,1,1,0,0,106,0,-1
5567,2,0.5,0.30000001192,1,0.07058823854,0.42352944613,0.99215692282,1,1,16,0,106,0,-1
5743,0,0,0,0.25,0.98431378603,0.94901967049,0.74509805441,1,1,0,0,106,0,-1
6009,15,0.20000000298,0.20000000298,0.36000001431,0.45490199327,0.1254902035,0.33725491166,1,1,0,0,106,0,-1
5823,0,0,0,1,1,0.43137258291,0.97647064924,0.01960784383,0.30000001192,0,0,106,0,-1
5674,0,0,0,0.89999997616,1,0,0,1,1,0,0,106,0,-1
5772,0,0,0,0.89999997616,1,0,0,1,1,0,0,106,0,-1
7759,0,0,0,0.89999997616,1,0,0,1,1,0,0,106,0,-1
7954,0,0,0,0.89999997616,1,0,0,1,1,0,0,106,0,-1
5644,2,0.10000000149,0.10000000149,1.70000004768,1,0,0,1,1,0,0.10000000149,106,0,-1
5661,2,0.10000000149,0.10000000149,1.70000004768,1,0,0,1,1,0,0.10000000149,106,0,-1
7606,2,0.10000000149,0.10000000149,1.70000004768,1,0,0,1,1,0,0.10000000149,106,0,-1
7805,2,0.10000000149,0.10000000149,1.70000004768,1,0,0,1,1,0,0.10000000149,106,0,-1
5654,0,0,0,0,1,1,1,1,0.10000000149,0,0,106,0,-1
5655,0,0,0,0,1,1,1,1,0.10000000149,0,0,106,0,-1
5656,0,0,0,0,1,1,1,1,0.10000000149,0,0,106,0,-1
5657,0,0,0,0,1,1,1,1,0.10000000149,0,0,106,0,-1
5658,0,0,0,0,1,1,1,1,0.10000000149,0,0,106,0,-1
5668,0,1,1,0.80000001192,0.69411766529,0.03921568766,1,1,1,0,0,106,1,-1
8061,0,0,0,0.60000002384,0.52156865597,0.50980395079,0.50980395079,1,0.25,0,0,106,0,-1
6814,0,0.10000000149,0.10000000149,0.69999998808,0.28235295415,0.25882354379,0.40784317255,1,1,0,0,106,0,-1
5801,0,0,0,0.89999997616,1,0.6235294342,0.08235294372,1,1,0,0,106,0,-1
5742,0,0.5,0.5,1,0.99607849121,1,0.10196079314,1,0.40000000596,0,0,106,1,-1
6203,0,0,0,1,0.30980393291,0.25882354379,0.91372555494,1,0.75,0,0,106,0,-1
5897,0,0,0,0.89999997616,1,0.38039219379,0.08235294372,1,1,0,0,106,0,-1
5924,0,0,0,0.89999997616,1,0.38039219379,0.08235294372,1,1,0,0,106,0,-1
5902,1,1,0.25,0.89999997616,1,0,0,1,1,0,0,106,0,-1
5962,0,0,0,2,0,0,0,1,0.10000000149,1,0,106,0,-1
5865,0,0.20000000298,1,0.69999998808,0,0.61568629742,1,1,1,0,0,106,0,-1
5925,0,0.20000000298,1,0.69999998808,0,0.61568629742,1,1,1,0,0,106,0,-1
5927,0,0.20000000298,1,0.69999998808,0,0.61568629742,1,1,1,0,0,106,0,-1
5930,0,0.20000000298,1,0.69999998808,0,0.61568629742,1,1,1,0,0,106,0,-1
5931,0,0.20000000298,1,0.69999998808,0,0.61568629742,1,1,1,0,0,106,0,-1
5936,0,0.20000000298,1,0.69999998808,0,0.61568629742,1,1,1,0,0,106,0,-1
6193,0,0.20000000298,1,0.69999998808,0,0.61568629742,1,1,1,0,0,106,0,-1
6337,0,2,0,0.69999998808,1,0,0,1,0.80000001192,0,0,106,0,-1
6145,0,1.5,0.10000000149,1.5,0.90588241816,0.45490199327,0.12941177189,1,1,0,0,106,0,-1
5957,8,2.5,2.5,1.79999995232,0.99215692282,0.20392158628,0.05098039657,1,1.79999995232,0,0,106,0,-1
6143,8,2.5,2.5,1.79999995232,0.99215692282,0.20392158628,0.05098039657,1,1.79999995232,0,0,106,0,-1
6272,8,2.5,2.5,1.79999995232,0.99215692282,0.20392158628,0.05098039657,1,1.79999995232,0,0,106,0,-1
6123,4.19999980927,1,0.20000000298,1.5,0.99607849121,0.18431372941,0.05490196496,1,1.79999995232,0,0,106,0,-1
6129,4.19999980927,1,0.20000000298,1.5,0.99607849121,0.18431372941,0.05490196496,1,1.79999995232,0,0,106,0,-1
6130,4.19999980927,1,0.20000000298,1.5,0.99607849121,0.18431372941,0.05490196496,1,1.79999995232,0,0,106,0,-1
6131,4.19999980927,1,0.20000000298,1.5,0.99607849121,0.18431372941,0.05490196496,1,1.79999995232,0,0,106,0,-1
6132,4.19999980927,1,0.20000000298,1.5,0.99607849121,0.18431372941,0.05490196496,1,1.79999995232,0,0,106,0,-1
6226,4.19999980927,1,0.20000000298,1.5,0.99607849121,0.18431372941,0.05490196496,1,1.79999995232,0,0,106,0,-1
6227,4.19999980927,1,0.20000000298,1.5,0.99607849121,0.18431372941,0.05490196496,1,1.79999995232,0,0,106,0,-1
6229,4.19999980927,1,0.20000000298,1.5,0.99607849121,0.18431372941,0.05490196496,1,1.79999995232,0,0,106,0,-1
6292,4.19999980927,1,0.20000000298,1.5,0.99607849121,0.18431372941,0.05490196496,1,1.79999995232,0,0,106,0,-1
5998,0,10,0,0,0.85098046064,0.17647059262,0.17647059262,1,1,0,3,106,0,-1
6355,0,10,0,0,0.85098046064,0.17647059262,0.17647059262,1,1,0,3,106,0,-1
6083,0,0.10000000149,3,1.5,0.70196080208,0.11372549832,0.79215693474,1,1,0,0,106,0,-1
6164,0,1,0.5,1.79999995232,1,0.31764706969,0.11372549832,1,1.10000002384,0,0,106,0,-1
6163,0,1,0.5,2,0.08235294372,0.75686281919,1,1,1.20000004768,0,0,106,0,-1
6275,0,2,0,1,0.96470594406,0.38039219379,1,1,0.69999998808,0,0,106,0,-1
6263,1,0.05000000075,3,1.5,0.24313727021,0.83921575546,0.90980398655,1,1,0,0,106,1,-1
5993,0,0,0,1.5,1,0.33725491166,0.09803922474,1,1,0,0,106,0,-1
6224,0,0.5,0.5,1.20000004768,1,0,0,1,1,0,0,106,1,-1
7208,0,0.5,0.5,1.20000004768,1,0,0,1,1,0,0,106,1,-1
6151,0,0.10000000149,0.10000000149,3,1,0,0,1,2,0,0,106,0,-1
6053,0,0,0,1,0.66666668653,0.98039221764,0.32156863809,1,0.69999998808,0,0,106,0,-1
6051,0,0.25,0.10000000149,1,0.95294123888,0.14117647707,0.01568627544,1,0.80000001192,0,0,106,20,-1
6425,0,0.25,0.10000000149,1,0.95294123888,0.14117647707,0.01568627544,1,0.80000001192,0,0,106,20,-1
6086,0,1,1,1,0.20392158628,0.86274516582,0.95686280727,0.250980407,0.60000002384,0,0,106,0,-1
8109,6,0.10000000149,0.10000000149,1.70000004768,1,0.09803922474,0,1,1,0,0,106,0,-1
8110,0,0,0,1,1,0,0.14509804547,1,1,0,0,106,0,-1
6136,0,0.25,0.25,3,1,1,1,1,1,0,0,106,6,-1
7221,1,0,0.5,0.80000001192,1,0.50980395079,0.07058823854,1,0.30000001192,0,0,106,0,-1
6159,0,0,0,1.5,0.93725496531,0.27058824897,1,1,1,0,0,106,0,-1
6302,0,0.5,3,1.5,0.48627454042,0.06666667014,0.29803922772,1,1,0,0,106,6,-1
6200,0,1,0.5,1.5,0,0.19607844949,1,1,2,0,0,106,0,-1
6261,0,1,0.5,1.5,0,0.19607844949,1,1,2,0,0,106,0,-1
6202,0,1,0.5,1,0.94509810209,0,0,1,2,0,0,106,0,-1
6264,0,1,0.5,1,0.94509810209,0,0,1,2,0,0,106,0,-1
6420,0,0,0,1,0.73725491762,0.09019608051,1,1,1,0,0,106,20,-1
6228,5,1,0.20000000298,1.5,0.99607849121,0.18431372941,0.05490196496,1,1.79999995232,0,0,106,0,-1
6451,0,1,3,1.5,0.16862745583,0.501960814,0.88235300779,1,1,0,0,106,0,-1
6452,0,1,3,1.5,0.16862745583,0.501960814,0.88235300779,1,1,0,0,106,0,-1
6271,2,0.5,0.5,0.80000001192,0.66666668653,1,0.20784315467,1,1,0,0,106,3,-1
6496,0,0,0,0.5,0.13725490868,0,0.43529415131,1,1,0,0,106,0,-1
6300,0,0,0,1,0,0.07058823854,0.501960814,1,1,0,0,106,2,-1
6585,0,0,0,1,0,0.07058823854,0.501960814,1,1,0,0,106,2,-1
6588,0,0,0,1,0,0.07058823854,0.501960814,1,1,0,0,106,2,-1
6589,0,0,0,1,0,0.07058823854,0.501960814,1,1,0,0,106,2,-1
6590,0,0,0,1,0,0.07058823854,0.501960814,1,1,0,0,106,2,-1
6966,0,0,0,1,0,0.07058823854,0.501960814,1,1,0,0,106,2,-1
6985,0,0,0,1,0,0.07058823854,0.501960814,1,1,0,0,106,2,-1
7019,0,0,0,1,0,0.07058823854,0.501960814,1,1,0,0,106,2,-1
7104,0,0,0,1,0,0.07058823854,0.501960814,1,1,0,0,106,2,-1
7261,0,0,0,1,0,0.07058823854,0.501960814,1,1,0,0,106,2,-1
7408,0,0,0,1,0,0.07058823854,0.501960814,1,1,0,0,106,2,-1
7501,0,0,0,1,0,0.07058823854,0.501960814,1,1,0,0,106,2,-1
7510,0,0,0,1,0,0.07058823854,0.501960814,1,1,0,0,106,2,-1
7512,0,0,0,1,0,0.07058823854,0.501960814,1,1,0,0,106,2,-1
7517,0,0,0,1,0,0.07058823854,0.501960814,1,1,0,0,106,2,-1
7568,0,0,0,1,0,0.07058823854,0.501960814,1,1,0,0,106,2,-1
7570,0,0,0,1,0,0.07058823854,0.501960814,1,1,0,0,106,2,-1
6308,0.5,0,0,0.85000002384,0.12941177189,0.89803928137,0.99215692282,1,1,0,0.64999997616,106,5,-1
6512,0,0.20000000298,1,0.69999998808,0.04705882818,1,0,1,1,0,0,106,0,-1
6401,0,0.5,0.5,1,0.54117649794,0.93333339691,0.32156863809,1,1,0,0,106,0,-1
6423,1.5,1.5,0.05000000075,1.5,0.81960791349,0.15686275065,0.17647059262,1,1,0,0,106,0,-1
6428,0,0,0,2,1,0.67450982332,0.13333334029,1,1,0,0,106,0,-1
6429,0,0,0,2,1,0.67450982332,0.13333334029,1,1,0,0,106,0,-1
6430,0,0,0,2,1,0.67450982332,0.13333334029,1,1,0,0,106,0,-1
6431,0,0,0,2,1,0.67450982332,0.13333334029,1,1,0,0,106,0,-1
6432,0,0,0,2,1,0.67450982332,0.13333334029,1,1,0,0,106,0,-1
6434,0,0,0,2,1,0.67450982332,0.13333334029,1,1,0,0,106,0,-1
6435,0,0,0,2,1,0.67450982332,0.13333334029,1,1,0,0,106,0,-1
6436,0,0,0,2,1,0.67450982332,0.13333334029,1,1,0,0,106,0,-1
7185,0,0,0,2,1,0.67450982332,0.13333334029,1,1,0,0,106,0,-1
7186,0,0,0,2,1,0.67450982332,0.13333334029,1,1,0,0,106,0,-1
7188,0,0,0,2,1,0.67450982332,0.13333334029,1,1,0,0,106,0,-1
7191,0,0,0,2,1,0.67450982332,0.13333334029,1,1,0,0,106,0,-1
7194,0,0,0,2,1,0.67450982332,0.13333334029,1,1,0,0,106,0,-1
7195,0,0,0,2,1,0.67450982332,0.13333334029,1,1,0,0,106,0,-1
6510,0,0,0,1,0.24313727021,1,0,1,1,0,0,106,6,-1
6455,0,0.25,0.25,1,1,0,0.79215693474,1,0.80000001192,0,0,106,0,-1
6573,2,0,1,1,0.25490197539,0,1,1,1,0,0,106,0,-1
6578,2,0,1,1,0.25490197539,0,1,1,1,0,0,106,0,-1
6595,0,6,0,2,0.26666668057,0.44705885649,0.87058830261,1,5,0,0,106,0,-1
6476,0,0,0,2,1,0.70196080208,0,1,1,0,0,106,0,-1
6477,0,0,0,2,1,0.70196080208,0,1,1,0,0,106,0,-1
6772,0,0,0,2,1,0.70196080208,0,1,1,0,0,106,0,-1
6773,0,0,0,2,1,0.70196080208,0,1,1,0,0,106,0,-1
7101,0,0.5,0.25,0.80000001192,0.08627451211,0.51372551918,0.33725491166,1,1,0,0,106,0,-1
6498,0,0.25,0.25,0.69999998808,0.72549021244,0.3764706254,1,1,0.69999998808,0,0,106,0,-1
6500,1,0.10000000149,0.20000000298,0.40000000596,0.84705889225,0.60000002384,1,1,0.69999998808,0,0,106,0,-1
6601,1,0.10000000149,0.20000000298,0.40000000596,0.84705889225,0.60000002384,1,1,0.69999998808,0,0,106,0,-1
6592,0.5,0.10000000149,1,0.5,0.52941179276,0.79215693474,0.96470594406,0,0.60000002384,2,0,106,0,-1
7083,0.5,0.10000000149,1,0.5,0.52941179276,0.79215693474,0.96470594406,0,0.60000002384,2,0,106,0,-1
7661,2,0.10000000149,0.5,1,0.3137255013,0.85490202904,1,1,2,0,0,106,0,-1
6633,0,0,0,1.5,0.19607844949,0.84705889225,1,1,1,0,0,106,0,-1
6643,0,0,0,2,0,0.1254902035,0.61960786581,1,3,0,0,106,0,-1
7632,0,0,0,3,0.20000001788,0.67843139172,1,1,2,0,0,106,0,-1
6692,0,0.10000000149,0.10000000149,2,1,0,0,1,1,0,0,106,0,-1
7082,0,0.20000000298,0.20000000298,0.80000001192,0.19607844949,0.53725492954,1,1,0.60000002384,0,0.20000000298,106,1,-1
6804,0,1.5,0.5,1,0.54117649794,0.93333339691,0.32156863809,1,1,0,0,106,0,-1
6789,0,0.5,0.5,0.89999997616,0.94901967049,0.05882353336,0.05882353336,1,1,0,0,106,0,-1
6806,0,0.5,0.5,0.89999997616,0.94901967049,0.05882353336,0.05882353336,1,1,0,0,106,0,-1
6875,0,0.5,0.5,0.89999997616,0.94901967049,0.05882353336,0.05882353336,1,1,0,0,106,0,-1
7147,0,0.5,0.5,0.89999997616,0.94901967049,0.05882353336,0.05882353336,1,1,0,0,106,0,-1
7153,0,0.5,0.5,0.89999997616,0.94901967049,0.05882353336,0.05882353336,1,1,0,0,106,0,-1
7193,0,0.5,0.5,0.89999997616,0.94901967049,0.05882353336,0.05882353336,1,1,0,0,106,0,-1
7342,0,0.5,0.5,0.89999997616,0.94901967049,0.05882353336,0.05882353336,1,1,0,0,106,0,-1
7355,0,0.5,0.5,0.89999997616,0.94901967049,0.05882353336,0.05882353336,1,1,0,0,106,0,-1
7429,0,0.5,0.5,0.89999997616,0.94901967049,0.05882353336,0.05882353336,1,1,0,0,106,0,-1
7867,0,0.5,0.5,0.89999997616,0.94901967049,0.05882353336,0.05882353336,1,1,0,0,106,0,-1
6780,0,1,1,0.89999997616,0.89411771297,0.87450987101,0.14117647707,1,1,0,0,106,0,-1
6876,0,1,1,0.89999997616,0.89411771297,0.87450987101,0.14117647707,1,1,0,0,106,0,-1
6955,0,1,1,0.89999997616,0.89411771297,0.87450987101,0.14117647707,1,1,0,0,106,0,-1
6784,0,0.5,0.5,1,0.7529412508,0.93725496531,0.15294118226,1,1,0,0,106,0,-1
6786,0,0.5,0.5,1,0.7529412508,0.93725496531,0.15294118226,1,1,0,0,106,0,-1
6821,0,0,0,2,1,0.85098046064,0.18431372941,1,1,0,0,106,0,-1
6820,0,0,0,1,1,0.93725496531,0.17647059262,1,1,0,0,106,0,-1
6827,0,0.30000001192,0.30000001192,0.80000001192,0.96470594406,1,0.17647059262,1,1,0,0,106,0,-1
7123,0,0.30000001192,0.30000001192,0.80000001192,0.96470594406,1,0.17647059262,1,1,0,0,106,0,-1
6803,0,0,0,2,0.83529418707,0.54117649794,1,1,1,0,0,106,0,-1
6874,2.5,1,0.5,1,0.501960814,0.501960814,1,1,1,0,0,106,0,-1
7243,0,0.5,0.5,0.89999997616,0.89411771297,0.92941182852,0.06274510175,1,1,0,0,106,0,-1
7285,0,0.5,0.5,0.89999997616,0.89411771297,0.92941182852,0.06274510175,1,1,0,0,106,0,-1
6956,0,1,1,0.89999997616,0.06666667014,0.93333339691,0.81176477671,1,1,0,0,106,0,-1
7332,0.5,0.25,0.25,0.89999997616,1,0.94509810209,0.55686277151,1,3,0,0,106,0,-1
6932,0,0,0,2,0.97647064924,0.94901967049,0.49019610882,1,1,0,0,106,0,-1
6933,0,0,0,2,0.97647064924,0.94901967049,0.49019610882,1,1,0,0,106,0,-1
6936,0,0,0,2,0.54117649794,0.8156863451,0.94509810209,1,1,0,0,106,0,-1
7156,0,0,0,0.89999997616,1,0,0.70980393887,1,1,0,0,106,0,-1
7245,0,0,0,1.5,0.23529413342,0.23921570182,0.86666673422,1,0.5,0,0,106,0,-1
6957,1,0,0.25,1.70000004768,1,0,0,1,1,0,0,106,0,-1
7144,0,0,0,0.75,0.84313732386,0.13333334029,0.13333334029,1,1,0,0,106,0,-1
7358,0,0.20000000298,0.10000000149,0.69999998808,0.80784320831,0.98823535442,1,1,0.80000001192,0,0,106,0,-1
7499,0,0,0,0.80000001192,1,0,0,1,0.30000001192,0,0,106,0,-1
8135,0,0,0,0.80000001192,1,0,0,1,0.30000001192,0,0,106,0,-1
7356,0,0,0,0.30000001192,1,1,0.23921570182,1,5,0,0,106,0,-1
7852,0,0,0,1,1,0.78039222956,0.11372549832,1,2,0,0,106,0,-1
7231,0,0.25,0.25,0.80000001192,1,0,0,1,1,0,0,106,0,-1
7579,0,0.10000000149,0.40000000596,0.60000002384,0,0.46666669846,0.69803923368,1,2,0,0.15000000596,106,0,-1
7463,0,0,0,0.60000002384,1,0.27450981736,0.94901967049,1,2,0,0,106,0,-1
7211,0,0,0,0.80000001192,1,0,0,1,1,0,0,106,1,-1
7413,0,0,0,0.80000001192,1,0,0,1,1,0,0,106,1,-1
7419,0,0,0,0.80000001192,1,0,0,1,1,0,0,106,1,-1
7250,0,0,0,1,0,0.7490196228,0.50588238239,1,1,0,0,106,0,-1
7583,0,0,0,1,0,0.7490196228,0.50588238239,1,1,0,0,106,0,-1
7730,0,0,0,1,0,0.7490196228,0.50588238239,1,1,0,0,106,0,-1
7849,0,0,0,1,0,0.7490196228,0.50588238239,1,1,0,0,106,0,-1
8314,0,0,0,1,0,0.7490196228,0.50588238239,1,1,0,0,106,0,-1
8371,0,0,0,1,0,0.7490196228,0.50588238239,1,1,0,0,106,0,-1
8372,0,0,0,1,0,0.7490196228,0.50588238239,1,1,0,0,106,0,-1
7317,0,0,0,0.80000001192,0,0.77647066116,1,1,0.60000002384,0,0,106,0,-1
7384,0,0.15000000596,0.5,0.60000002384,0.10980392992,0.22352942824,0.60784316063,1,1.29999995232,0,0,106,0,-1
7386,0,0.15000000596,0.5,0.60000002384,0.10980392992,0.22352942824,0.60784316063,1,1.29999995232,0,0,106,0,-1
7293,0.5,0.15000000596,0.5,0.60000002384,0.12941177189,0.92156869173,0.94509810209,1,1.29999995232,0,0,106,0,-1
8421,1,0.15000000596,0.5,0.60000002384,0,0.34509804845,1,1,1.29999995232,0,0,106,0,-1
7520,6,1,1,1,0.46666669846,1,0.35686275363,1,1,0,0,106,0,-1
7994,1,0,1,0.5,0.46666669846,1,0.35686275363,1,1.5,8,0,106,20,-1
7616,1,0.5,0.5,0.80000001192,1,0,0,1,1,0,0,106,0,-1
7617,1,0.5,0.5,0.80000001192,1,0,0,1,1,0,0,106,0,-1
7434,0,0.25,0,0.60000002384,1,1,1,1,3,0,0.25,106,0,-1
7509,0,0.25,0,0.60000002384,1,1,1,1,3,0,0.25,106,0,-1
7596,0,0.25,0,0.60000002384,1,1,1,1,3,0,0.25,106,0,-1
7534,0,1,1,100,0.99607849121,1,0.58823531866,1,1,0,0,106,10,-1
7480,0,0.80000001192,0.80000001192,1,0.12156864256,0.65490198135,1,1,1.20000004768,0,0,106,0,-1
7524,2.5,0.5,0.25,0.85000002384,0.10196079314,0,1,1,3,0,4.5,106,0,-1
7523,0,0.5,1,0.69999998808,0.90196084976,0.6274510026,1,1,1,0,0,106,0,-1
7589,0,0.25,0.25,0.69999998808,0.60784316063,0.92941182852,1,1,1,0,0,106,0,-1
7679,0,0.25,0.25,0.69999998808,0.60784316063,0.92941182852,1,1,1,0,0,106,0,-1
7683,0,0.25,0.25,0.69999998808,0.60784316063,0.92941182852,1,1,1,0,0,106,0,-1
7558,0,0,0,1,0,0.07058823854,0.501960814,1,0.5,0,0,106,2,-1
7559,0,0,0,1,0,0.07058823854,0.501960814,1,0.5,0,0,106,2,-1
7560,0,0,0,1,0,0.07058823854,0.501960814,1,0.5,0,0,106,2,-1
7561,0,0,0,1,0,0.07058823854,0.501960814,1,0.5,0,0,106,2,-1
7562,0,0,0,1,0,0.07058823854,0.501960814,1,0.5,0,0,106,2,-1
7563,0,0,0,1,0,0.07058823854,0.501960814,1,0.5,0,0,106,2,-1
7564,0,0,0,1,0,0.07058823854,0.501960814,1,0.5,0,0,106,2,-1
7565,0,0,0,1,0,0.07058823854,0.501960814,1,0.5,0,0,106,2,-1
7566,0,0,0,1,0,0.07058823854,0.501960814,1,0.5,0,0,106,2,-1
7567,0,0,0,1,0,0.07058823854,0.501960814,1,0.5,0,0,106,2,-1
7572,0,0,0,1,0,0.07058823854,0.501960814,1,0.5,0,0,106,2,-1
7573,0,0,0,1,0,0.07058823854,0.501960814,1,0.5,0,0,106,2,-1
7576,0,0,0,1,0,0.07058823854,0.501960814,1,0.5,0,0,106,2,-1
7714,0,0,0,0.69999998808,0.15686275065,0.79607850313,0.6901960969,1,0.60000002384,0,1,106,0,-1
7847,0,0,0,0.69999998808,0.15686275065,0.79607850313,0.6901960969,1,0.60000002384,0,1,106,0,-1
8340,0,0,0,0.69999998808,0.15686275065,0.79607850313,0.6901960969,1,0.60000002384,0,1,106,0,-1
8402,0,0,0,0.69999998808,0.15686275065,0.79607850313,0.6901960969,1,0.60000002384,0,1,106,0,-1
8423,0,0,0,0.69999998808,0.15686275065,0.79607850313,0.6901960969,1,0.60000002384,0,1,106,0,-1
8435,0,0,0,0.69999998808,0.15686275065,0.79607850313,0.6901960969,1,0.60000002384,0,1,106,0,-1
8447,0,0,0,0.69999998808,0.15686275065,0.79607850313,0.6901960969,1,0.60000002384,0,1,106,0,-1
8453,0,0,0,0.69999998808,0.15686275065,0.79607850313,0.6901960969,1,0.60000002384,0,1,106,0,-1
8534,0,0,0,0.69999998808,0.15686275065,0.79607850313,0.6901960969,1,0.60000002384,0,1,106,0,-1
8556,0,0,0,0.69999998808,0.15686275065,0.79607850313,0.6901960969,1,0.60000002384,0,1,106,0,-1
8075,0,0.10000000149,0.10000000149,0.5,0,0.53333336115,1,1,1,0,0,106,0,-1
7901,0,0,0,1,0.35294118524,0.95294123888,0.28627452254,1,1,0,0,106,0,-1
7902,0,0,0,1,0.35294118524,0.95294123888,0.28627452254,1,1,0,0,106,0,-1
7698,0,0,0,0.5,0,1,0.64313727617,1,2,0,0,106,0,-1
8055,0,0.5,0.20000000298,0.69999998808,1,1,1,1,1,0,0,106,6,-1
8056,0,0.5,0.20000000298,0.69999998808,1,1,1,1,1,0,0,106,6,-1
8057,0,0.5,0.20000000298,0.69999998808,1,1,1,1,1,0,0,106,6,-1
7702,0,0.25,0,0.5,0.39607846737,0.04313725606,0.80392163992,1,1.5,0,0,106,0,-1
7708,0,0,0,1,0.52156865597,0.94509810209,0.1882353127,1,0.30000001192,0,0,106,0,-1
8440,0,0.25,0.25,0.60000002384,1,1,1,1,0.60000002384,0,0,106,5,-1
8168,5,0,3,0.5,0.36862745881,1,0.08235294372,1,0.69999998808,0,0,106,0,-1
8386,0,0.25,0,0.80000001192,0.15686275065,0.79607850313,0.6901960969,1,0.30000001192,0,0,106,0,-1
8387,0,0.25,0,0.80000001192,0.15686275065,0.79607850313,0.6901960969,1,0.30000001192,0,0,106,0,-1
7932,0,0.30000001192,0.5,0.80000001192,1,0.98823535442,0.51372551918,1,0.80000001192,0,0,106,1,-1
8450,0,0.25,0,0.89999997616,0.8156863451,0.11372549832,0.81960791349,1,0.40000000596,0,0,106,0,-1
8027,0.75,0.375,0.375,2,0.91372555494,1,0,1,2,0,0,106,0,-1
7865,0,0,0,0.5,0.5607843399,0.79215693474,0.40392160416,1,0.40000000596,0,0,106,0,-1
7866,0,0,0,0.5,0.5607843399,0.79215693474,0.40392160416,1,0.40000000596,0,0,106,0,-1
7888,0,0,0,3,0.59607845545,0.90196084976,0.34117648005,1,1,1,0,106,0,-1
7991,0,0.20000000298,0.20000000298,1.39999997616,0.31764706969,1,0.76470595598,1,1,0,0,106,0,-1
8153,0,1,1,1,0.61960786581,0.83529418707,0.05490196496,1,1,0,0,106,0,-1
8154,0,1,1,1,0.61960786581,0.83529418707,0.05490196496,1,1,0,0,106,0,-1
8377,0,0,0,0.80000001192,0.53725492954,1,0.17647059262,1,1,0,0,106,0,-1
7953,0,0,0,0.89999997616,0.06274510175,1,0,1,1,0,0,106,0,-1
8247,30,0.5,0.25,0.89999997616,0.77647066116,0.78823536634,0.27058824897,0.501960814,0.5,0,0,106,0,-1
7998,0.5,0.10000000149,0.30000001192,1,0.29411765933,0.09411765635,0.50980395079,1,3,0,0,106,0,-1
8164,0,0,1,1.5,0.02745098248,0,0.6901960969,1,5,0,0,106,0,-1
8165,0,0,1,1.5,0.02745098248,0,0.6901960969,1,5,0,0,106,0,-1
8499,0,0.25,0.25,0.80000001192,0.43137258291,0.89803928137,0.33333334327,1,0.5,0,0,106,20,-1
8407,0,0.10000000149,0.10000000149,0.69999998808,0.60784316063,0,0,1,1,0,0,106,6,-1
8213,0,0,0.5,1,0.95686280727,0.67058825493,0.18039216101,1,2,0,0,106,20,-1
8333,0,0.5,0.5,1,0,1,0.07058823854,1,1,0,0,106,20,-1
8457,0,0,0,1,0.95686280727,0.93333339691,0.93333339691,1,0.69999998808,0,0,106,0,-1
8458,0,0,0,1,0.95686280727,0.93333339691,0.93333339691,1,0.69999998808,0,0,106,0,-1
