ID,Data
1,1.29999995232
2,1.60000002384
