ID,Min_0,Min_1,Max_0,Max_1,LoadingScreenID,OrderIndex,MapID
1,0,533.29998779297,3200,3200,432,0,1669
2,4266.7001953125,8533.2998046875,8000,12266.700195312,433,1,1669
3,-4800,8000,-1066.6999511719,11733.299804688,429,2,1669
106,2133.3000488281,4266.7001953125,3733.3000488281,6933.2998046875,563,1,1643
107,2133.3000488281,4266.7001953125,3733.3000488281,6933.2998046875,633,1,2127
