EntryPosition_0,EntryPosition_1,EntryPosition_2,ID,MapID,EntryRotation,UiTextureKitID,Flags
3807.7600097656,-160.42700195313,194.11099243164,1,2735,163.41299438477,5721,5
2053.6000976562,175.46800231934,175.11999511719,2,2736,198,5720,6
-1033,-733,0,4,2640,0,0,3
-1000,-1000,0.10000000149,7,2783,0,0,3
