ID,CreatureID,ReagentChance,Field_11_0_0_54605_002,Field_11_0_0_54605_003,CommissionMultiplier,TreasureID
1,227266,0,0,0,1,127039
11,217091,40,0,0,1.20000004768,127353
12,219324,25,0,0,1,127354
13,219274,25,0,0,1,127355
14,217090,25,0,0,1,127356
15,213691,25,0,0,1,127357
16,219431,25,0,0,1,127358
17,206144,5,0,0,0.5,127359
18,213145,35,0,0,1,127360
19,212695,35,0,0,1,127361
20,220056,30,0,0,1,127362
21,215788,25,0,0,0.80000001192,127363
22,217235,25,0,0,1,127364
23,225142,25,0,0,0.5,127365
25,217565,30,0,0,0.69999998808,127366
27,220997,5,0,0,1.29999995232,127367
29,226214,40,0,0,0.89999997616,127368
30,221910,25,0,0,1.10000002384,127369
31,214296,30,0,0,1,127370
32,192574,35,0,0,1,128114
33,192539,35,0,0,1,128114
34,235566,50,0,0,2,0
35,235378,35,0,0,1.35000002384,0
36,241924,25,0,0,1.20000004768,0
37,240195,25,0,0,1.20000004768,0
38,235900,25,0,0,1,0
39,243148,50,0,0,1.20000004768,0
40,243147,50,0,0,1,0
41,239625,50,0,0,1,0
42,251091,50,0,0,1,0
43,251122,50,0,0,1,0
44,251022,50,0,0,1,0
45,251041,50,0,0,1,0
46,243283,50,0,0,1,0
47,243160,50,0,0,1,0
48,243280,50,0,0,1,0
49,241451,50,0,0,1,0
50,256009,50,0,0,1,0
51,243531,50,0,0,1,0
52,246231,50,0,0,1,0
53,243229,50,0,0,1,0
54,252915,50,0,0,1,0
55,252916,50,0,0,1,0
56,251416,50,0,0,1,0
57,243759,50,0,0,0.5,0
58,240407,35,0,0,1.20000004768,0
59,251259,35,0,0,1,0
60,244163,0,0,0,1.20000004768,0
61,242596,35,0,0,1.20000004768,0
62,252650,35,0,0,1,0
63,254833,25,0,0,1,0
64,254855,25,0,0,1.20000004768,0
65,254865,25,0,0,1.20000004768,0
