ID,Field_8_2_0_30080_001,Field_8_2_0_30080_002,Field_8_2_0_30080_003,Radius,ShadowMult,ShadowPower,ShadowClamp,Field_12_0_0_63534_007
103,0.10000000149,1,2,1.85000002384,1.10000002384,1.34000003338,0.98000001907,0
104,0.10000000149,1,2,1.85000002384,0.5,1.34000003338,0.98000001907,0
107,0.10000000149,1,2,10,1.10000002384,1.34000003338,0.98000001907,0
108,0.10000000149,1,2,1.85000002384,5,5,1,0
109,0.10000000149,1,2,1.85000002384,5,5,0.98000001907,1
110,0.10000000149,1,2,1.5,1,3,0.98000001907,1
