ID,WaveAmp,WaveTimeScale,RollAmp,RollTimeScale,PitchAmp,PitchTimeScale,MaxBank,MaxBankTurnSpeed,SpeedDampThresh,SpeedDamp
1,0.5,0.5,0.10000000149,0.25,0.05000000075,0.10000000149,0.05000000075,0.69999998808,25,0.10000000149
21,3.29999995232,1.10000002384,2,2.5,0.87999999523,1.89999997616,2,3.5,25,0.10000000149
61,0.34999999404,3.5,0.10000000149,0.20000000298,0.01999999955,0.05000000075,0.03999999911,0.64999997616,25,0.10000000149
81,0.20000000298,0.5,0.03999999911,0.25,0.01999999955,0.10000000149,0.01999999955,0.5,25,0.10000000149
82,0,0,0.5,0.10000000149,0,0,0.10000000149,0.02999999933,25,0.1099999994
83,0,0,0.1400000006,0.10000000149,0,0,0.10000000149,0.02999999933,25,1
105,1.54999995232,0.5,0.30000001192,0.25,0.0700000003,0.10000000149,0.25,0.69999998808,25,0.25
206,2,0.60000002384,0.05000000075,0.25,0.05999999866,0.20000000298,0.05999999866,0.20000000298,25,0.10000000149
207,0.20000000298,0.5,0.03999999911,0.25,0.01999999955,0.10000000149,0.01999999955,2.04999995232,96,0.10000000149
