ID,LayerIndex,LayerWidth,LayerHeight,TileWidth,TileHeight,MinScale,MaxScale,AdditionalZoomSteps,UiMapArtStyleID
1,0,1002,668,256,256,1,2.1400001049,2,1
2,0,3665,2440,256,256,1,1,0,2
3,1,3665,2440,256,256,3.51999998093,3.51999998093,0,2
4,0,3665,2440,256,256,1,2.78999996185,0,3
6,0,512,512,512,512,1,1,0,4
7,0,3840,2560,256,256,1,4,6,5
108,0,3840,2560,256,256,1,2.78999996185,0,106
109,0,3840,2560,256,256,1,1,0,107
110,1,3840,2560,256,256,2.78999996185,2.78999996185,0,107
