ID,Bounds_0,Bounds_1,Bounds_2,Bounds_3,Bounds_4,Bounds_5,Field_11_1_0_58221_001,Field_11_1_0_58221_002
1,-1066.6999511719,-6400,0,5866.7001953125,1066.6999511719,0,14717,2552
2,-4266.7001953125,-3200,0,2133.3000488281,1600,0,14752,2601
3,0,-2133.3000488281,0,5333.2998046875,3733.3000488281,0,14838,2601
4,-2133.3000488281,-5866.7001953125,0,3733.3000488281,-2133.3000488281,0,14795,2601
5,160,-9133,0,1463,-8030,0,1519,0
6,-5569,8078,0,0,-3856,9730,15969,0
7,-6216,4290,0,-2999,-9704,0,15968,0
8,0,0,0,0,0,0,10523,0
9,0,0,0,0,0,0,15969,0
